id,collection,item status,BITSTREAM Download URL,file_path,BITSTREAM ISBN,BITSTREAM License,BITSTREAM Webshop URL,dc.abstractotherlanguage,dc.acronym,dc.anonymity,dc.chapternumber,dc.contributor,dc.contributor.author,dc.contributor.editor,dc.contributor.illustrator,dc.contributor.other,dc.date.accessioned,dc.date.available,dc.date.issued,dc.date.submitted,dc.dateSubmitted,dc.description,dc.description.abstract,dc.description.provenance,dc.description.version,dc.fundingReference,dc.grantproject,dc.identifier,dc.identifier.citation,dc.identifier.isbn,dc.identifier.issn,dc.identifier.namewebshop,dc.identifier.pr,dc.identifier.uri,dc.identifier.urlwebshop,dc.language,dc.name,dc.notes,dc.number,dc.openreview,dc.peerreviewid,dc.peerreviewtitle,dc.publisher,dc.redirect,dc.relation.isnodouble,dc.relation.ispartofseries,dc.relation.isreplacedbydouble,dc.relationisFundedBy,dc.responsibility,dc.reviewertype,dc.reviewtype,dc.rights,dc.rights.license,dc.rights.licenseurl,dc.rights.uri,dc.seriesnumber,dc.source,dc.stage,dc.subject,dc.subject.classification,dc.subject.other,dc.subjectClassification,dc.title,dc.title.alternative,dc.type,dc.website,eperson.firstname,eperson.language,eperson.lastname,eperson.phone,eperson.publisher,grantor.acronym,grantor.doi,grantor.jurisdiction,grantor.name,item status,oapen.abstract.otherlanguage,oapen.collection,oapen.edition,oapen.grant.acronym,oapen.grant.number,oapen.grant.program,oapen.grant.project,oapen.identifier.doi,oapen.identifier.downloadUrl,oapen.imprint,oapen.pages,oapen.peerreview,oapen.place.publication,oapen.relation.funds,oapen.relation.hasChapter,oapen.relation.hasChapter_dc.title,oapen.relation.isFundedBy,oapen.relation.isFundedBy_grantor.name,oapen.relation.isPartOfBook,oapen.relation.isPartOfBook_dc.title,oapen.relation.isPublishedBy,oapen.relation.isPublishedBy_publisher.name,oapen.relation.isPublisherOf,oapen.relation.isbn,oapen.remark.public,oapen.review,oapen.review.comments,oapen.review.original,oapen.reviewer.identity,oapen.series.number,oapen.volume,peerreview.anonymity,peerreview.id,peerreview.open.review,peerreview.publish.responsibility,peerreview.review.decision,peerreview.review.stage,peerreview.review.type,peerreview.reviewer.type,peerreview.title,publisher.address,publisher.authorinstructions,publisher.authorinstructions.url,publisher.chargeauthors,publisher.chargeauthors.url,publisher.contact,publisher.country,publisher.description,publisher.email,publisher.identifier,publisher.name,publisher.oabooks.exampleUrl,publisher.oabooks.number,publisher.oalicense,publisher.peerreview.info,publisher.peerreviewpolicy,publisher.phone,publisher.program,publisher.register,publisher.register.url,publisher.status.active,publisher.website
ac07f4db-269a-494c-a365-34d4798315df,20.500.12854/6,Archived,http://www.mdpi.com/books/pdfview/book/162,Mechanics_of_Biomaterials,,https://creativecommons.org/licenses/by/4.0/,http://goo.gl/HEjrz1,,,,,,,,,,2021-02-11T19:00:51Z,2021-02-11T19:00:51Z,2015,10/05/2016 11:55,,,"The mechanical behavior of biomedical materials and biological tissues are important for their proper function. This holds true, not only for biomaterials and tissues whose main function is structural such as skeletal tissues and their synthetic substitutes, but also for other tissues and biomaterials. Moreover, there is an intimate relationship between mechanics and biology at different spatial and temporal scales. It is therefore important to study the mechanical behavior of both synthetic and livingbiomaterials. This Special Issue aims to serve as a forum for communicating the latest findings and trends in the study of the mechanical behavior of biomedical materials.","Made available in DSpace on 2021-02-11T19:00:51Z (GMT). No. of bitstreams: 1
Mechanics_of_Biomaterials.png?500603: 62667 bytes, checksum: f2c1a732a55ec3557c31751380e27974 (MD5)
  Previous issue date: 2015",,,,19020,,,,,,https://directory.doabooks.org/handle/20.500.12854/52931,,English[eng],,,,,,,,,,,,,,,,,,,,,,,,,nanobiomechanics||cytoskeletal mechanics||metallic biomaterials||bioprinting and biofabrication||hydrogels||hard tissues||drug delivery biomaterials||and nanoporous biomaterials||additively manufactured and 3d printed biomaterials||soft tissues||soft polymeric biomaterials||biomaterials for tissue engineering and regenerative medicine||microporous||mesoporous||hybrid biomaterials and composites,,Mechanics of Biomaterials,,book,,,,,,,,,,,Archived,,,1st,,,,,,,,286,,,,,,,,,,,MDPI - Multidisciplinary Digital Publishing Institute,,9783038421283||9783038421276,,,,,,,,,,,,,,,,,,,,,,,,,,,,,,,,,,,,,,
a90d7ccf-980d-40a1-bfd1-20077d23c70f,20.500.12854/6,Archived,https://www.mdpi.com/books/pdfview/book/1124,Novel_Biomaterials_for_Tissue_Engineering_2018,,https://creativecommons.org/licenses/by-nc-nd/4.0/,https://www.mdpi.com/books/pdfview/book/1124||https://play.google.com/books/publish/a/14935057684283403269#details/ISBN:9783038975434,,,,,,Emmanuel Stratakis (Ed.),,,,2021-02-11T21:16:55Z,2021-02-11T21:16:55Z,2019,05/02/2019 10:26,,,"The concept of regenerating tissues, with properties and functions that mimic natural tissues, has attracted significant attention in recent years. It provides potential solutions for treating many diseases and other healthcare issues. To fully realize the potential of the approach, it is crucial to have a rational biomaterial design to create novel scaffolds, and other materials systems suitable for tissue engineering, repair and regeneration. Research advances on the topic include the design of new biomaterials and their composites, the scaffold fabrication via subtractive and additive manufacturing approaches, the development of implantable scaffolds for disease monitoring, diagnostics, and treatment, as well as the understanding of cells–biomaterial scaffolds interaction. This Special Issue, “Novel Biomaterials for Tissue Engineering”, covers a selection of timely research activities in the field of biomaterials for tissue engineering and regeneration purposes. Promising findings on different approaches to design and develop new biomaterials, biomaterial systems and methods for tissue engineering, are presented and discussed. Recent advances in biofabrication techniques for tissue engineering are additionally demonstrated. The issue comprises a series of state-of-the-art experimental works, up-to-date review articles and commentaries.","Made available in DSpace on 2021-02-11T21:16:55Z (GMT). No. of bitstreams: 1
Novel_Biomaterials_for_Tissue_Engineering_218.jpg: 124944 bytes, checksum: 2791e861c145282470f4d2b2718cb89b (MD5)
  Previous issue date: 2019",,,,32180,,,,,,https://directory.doabooks.org/handle/20.500.12854/54869,,English[eng],,,,,,,,,,,,,,,,,,,,,,,TP248.13-248.65||TA401-492,"thema EDItEUR::T Technology, Engineering, Agriculture, Industrial processes::TC Biochemical engineering::TCB Biotechnology",tissue regeneration||biomaterial structuring||tissue engineering||implantable scaffolds||scaffolds||biomaterials||bioprinting||cell-biomaterial interaction,,Novel Biomaterials for Tissue Engineering 2018,,book,,,,,,,,,,,Archived,,,1st,,,,,10.3390/books978-3-03897-544-1,,,426,,,,,,,,,,,MDPI - Multidisciplinary Digital Publishing Institute,,9783038975441||9783038975434,,,,,,,,,,,,,,,,,,,,,,,,,,,,,,,,,,,,,,
2045ca2c-c6c2-4f34-9640-8b5ff26ec4cf,20.500.12854/6,Archived,https://mdpi.com/books/pdfview/book/6601,Biomaterials_for_Tissue_Engineering_and_Regeneration,9.78E+12,https://creativecommons.org/licenses/by/4.0/,https://mdpi.com/books/pdfview/book/6601,,,,,,,"Ressler, Antonia||Urlic, Inga",,,2023-02-02T16:32:12Z,2023-02-02T16:32:12Z,2023,,,,"Biomaterials are an integral component of tissue engineering, and their development is crucial to the progress of new and efficient approaches in the regenerative medicine of bone, cartilage, tendons and ligaments, skin, soft-tissue wounds, cardiac muscle, vascular tissues, and neural tissues.Polymer-based biomaterials are extensively studied in the field of tissue engineering due to their biocompatible and biodegradable properties. This Special Issue is devoted to recent developments of synthetic and/or natural biomaterial scaffolds, hydrogels, polypeptides, polymer-based composites, and composites based on polymers and inorganic materials, such as bioactive ceramics and glasses. New technologies (e.g., bioprinting, additive manufacturing, etc.) used to form biomaterials for tissue engineering of three-dimensional (3D) constructs are of particular interest.","Made available in DSpace on 2023-02-02T16:32:12Z (GMT). No. of bitstreams: 1
Biomaterials_for_Tissue_Engineering_and_Regeneration.jpg: 58374 bytes, checksum: 7cfae52782727556df34747574081e53 (MD5)
  Previous issue date: 2023",,,,ONIX_20230202_9783036563619_57,,,,,,https://directory.doabooks.org/handle/20.500.12854/96656,,English[eng],,,,,,,,,,,,,,,,,,,,,,,,thema EDItEUR::M Medicine and Nursing,keratin hydrolysate||bioactive keratin||skin homeostasis restoration||skin wound healing||decellularization||Tergitol||valve bioprostheses||cardiac tissue engineering||mesenchymal stem cells||biocompatibility||oxidized sodium alginate||oxidation degree||biodegradation gelation ability||rheological properties||ascorbate||ascorbyl palmitate||drug delivery||cellular uptake||nanoparticles||antitumor effect||collagen||tissue engineering||biomaterials||scaffolds||heparinize||bovine pericardium||scaffold||hemocompatibility||endothelialization||extracellular matrix||porcine pericardium||high hydrostatic pressurization method||surfactant method||3D fabrication||ligament||hydrogel||diabetic foot||wound dressing||bioactive glass||polylactic acid||electrochemical evaluations||homografts||ischaemic harvesting||cryopreservation||glutaraldehyde-fixation||alginate||chitosan||bone regeneration||composite||polymer||graphene||osteogenesis||rat femur defect||in vivo||bone healing||injectable hydrogel||chondrocytes||co-cultures||subcutaneous implantation||cartilage regeneration||PLGA||electrospinning||morphology||immune response||microscopy||defect||bone remodeling||bovine hydroxyapatite||calcium lactate||BHA–GEL pellet||PCL-PEG||polymer micelle||drug cargo||breast cancer||cross-linked hyaluronic acid||nano hydroxyapatite||bone morphogenetic protein||injection-type bone forming material||ectopic bone formation||bone augmentation||cell culture||fibroblasts||gelatin||GelMA||XPS (X-ray photoelectron spectroscopy)||tensile properties||in vitro study,,Biomaterials for Tissue Engineering and Regeneration,,book,,,,,,,,,,,Archived,,,,,,,,10.3390/books978-3-0365-6360-2,,,366,,Basel,,,,,,,,,MDPI - Multidisciplinary Digital Publishing Institute,,9783036563619||9783036563602,,,,,,,,,,,,,,,,,,,,,,,,,,,,,,,,,,,,,,
7ebe6b88-2d06-424c-8b7c-259a5426e3b6,20.500.12854/6,Archived,https://mdpi.com/books/pdfview/book/2763,Surface_Engineering_of_Biomaterials,9.78E+12,https://creativecommons.org/licenses/by/4.0/,https://mdpi.com/books/pdfview/book/2763,,,,,,,"AminYavari, Saber",,,2021-05-01T15:35:00Z,2021-05-01T15:35:00Z,2020,,,,"Acceptance or rejection of implanted biomaterials is strongly dependent on an appropriate bio-interface between the biomaterial and its surrounding tissue. Given the fact that most bulk materials only provide mechanical stability for the implant and may not interact with tissues and fluids in vivo, surface modification and engineering of biomaterials plays a significant role towards addressing major clinical unmet challenges. Increasing data showed that altering surface properties including physiochemical, topographical, and mechanical characteristics, is a promising approach to tackle these problems. Surface engineering of biomaterials could influence the subsequent tissue and cellular events such as protein adsorption, cellular recolonization, adhesion, proliferation, migration, and the inflammatory response. Moreover, it could be based on mimicking the complex cell structure and environment or hierarchical nature of the bone. In this case, the design of nano/micrometer patterns and morphologies with control over their properties has been receiving the attention of biomaterial scientists due to the promising results for the relevant biomedical applications. This Special Issue presents original research papers that report on the current state-of-the-art in surface engineering of biomaterials, particularly implants and biomedical devices.","Made available in DSpace on 2021-05-01T15:35:00Z (GMT). No. of bitstreams: 1
Surface_Engineering_of_Biomaterials.jpg?v1618830778: 142345 bytes, checksum: 008c5f3d0d0715175b1117f6af260ef0 (MD5)
  Previous issue date: 2020",,,,ONIX_20210501_9783039368983_741,,,,,,https://directory.doabooks.org/handle/20.500.12854/68995,,English[eng],,,,,,,,,,,,,,,,,,,,,,,,"thema EDItEUR::G Reference, Information and Interdisciplinary subjects::GP Research and information: general",surface modification||micro-powder blasting||aluminum anodization||micro/nano-structure||cell culture||electrophoretic deposition||enamel remineralization||bioactive glass||spectrophotometry||nanoindentation||rhBMP-2||rhPDGF-BB||heparin||implant surface||osseointegration||bone regeneration||beagle dog||diamond-like carbon||frictional property||hydrogen content||sp2/sp3 ratio||hydroxyapatite||titanium implants||mineralizing solution||solution plasma treatment,,Surface Engineering of Biomaterials,,book,,,,,,,,,,,Archived,,,,,,,,10.3390/books978-3-03936-899-0,,,86,,"Basel, Switzerland",,,,,,,,,MDPI - Multidisciplinary Digital Publishing Institute,,9783039368983||9783039368990,,,,,,,,,,,,,,,,,,,,,,,,,,,,,,,,,,,,,,
3fcaf0a6-b5fb-4670-b177-167c519fc61b,20.500.12854/6,Archived,https://mdpi.com/books/pdfview/book/7699,PolymerBased_Biomaterials_and_Tissue_Engineering,9.78E+12,https://creativecommons.org/licenses/by/4.0/,https://mdpi.com/books/pdfview/book/7699,,,,,,,"Sabater i Serra, Roser||Serrano-Aroca, Ángel",,,2023-08-08T15:28:28Z,2023-08-08T15:28:28Z,2023,,,,"Polymers in the form of films, fibers, nano- and microspheres, composites, and porous supports are promising biomaterials for a wide range of advanced biomedical applications. This Special Issue presents novel studies and new approaches in the field of biomaterials for tissue engineering and drug delivery. It includes seven original research articles and two reviews on biomaterials based on polymeric matrices with various structures, including porous composites, nanofibrous scaffolds, meshes, and hydrogels, which can include micro- or nanoparticles (graphene nanosheets, bioactive glass, and hydroxyapatite and halloysite nanotubes).","Made available in DSpace on 2023-08-08T15:28:28Z (GMT). No. of bitstreams: 1
PolymerBased_Biomaterials_and_Tissue_Engineering.jpg: 135737 bytes, checksum: 7543dc10482f5293c586eccd3458dcab (MD5)
  Previous issue date: 2023",,,,ONIX_20230808_9783036582375_79,,,,,,https://directory.doabooks.org/handle/20.500.12854/112573,,English[eng],,,,,,,,,,,,,,,,,,,,,,,,thema EDItEUR::M Medicine and Nursing,bioactive glass||copper||polyhydroxyalkanoates||tissue engineering||scaffolds||parastomal hernia||surgical mesh||hernia repair||prevention||biocompatibility||n/a||polylactic acid||copolymers||catalysts||polymer synthesis||ring-opening polymerization||medical application||electrospun nanofibres||nanocomposites||polylactic acid (PLA)||poly(ε-caprolactone) (PCL)||halloysite nanotubes (HNTs)||drug release||release kinetic modelling||nanoparticles||rivastigmine||intranasal application||optimization||quality by design||polymer-ceramic composites||hydroxyapatite||collagen||swelling capacity||surface roughness||wettability||surface free energy||nonwoven||cardiovascular stent||human endothelial cells||CD31||polysaccharide||carrageenan||nanoparticle||pulmonary drug delivery||carbon-based nanocomposite||conductive cell substrate||semi-IPN hydrogel||graphene nanosheets||poly(3-hydroxybutyrate-co-3-hydroxyvalerate)||polyvinyl alcohol,,Polymer-Based Biomaterials and Tissue Engineering,,book,,,,,,,,,,,Archived,,,,,,,,10.3390/books978-3-0365-8236-8,,,190,,Basel,,,,,,,,,MDPI - Multidisciplinary Digital Publishing Institute,,9783036582375||9783036582368,,,,,,,,,,,,,,,,,,,,,,,,,,,,,,,,,,,,,,
7eea3a8f-0819-4cca-92ab-a3322440d6ad,20.500.12854/6,Archived,https://mdpi.com/books/pdfview/book/6553,Biomaterials_for_Bone_Tissue_Engineering_2020,9.78E+12,https://creativecommons.org/licenses/by/4.0/,https://mdpi.com/books/pdfview/book/6553,,,,,,,"Bloise, Nora||Fassina, Lorenzo",,,2023-01-05T12:37:31Z,2023-01-05T12:37:31Z,2022,,,,"This book presents recent advances in the field of bone tissue engineering, including molecular insights, innovative biomaterials with regenerative properties (e.g., osteoinduction and osteoconduction), and physical stimuli to enhance bone regeneration.","Made available in DSpace on 2023-01-05T12:37:31Z (GMT). No. of bitstreams: 1
Biomaterials_for_Bone_Tissue_Engineering_2020.jpg: 54619 bytes, checksum: b0e79df0517554eba83efa75f58d2143 (MD5)
  Previous issue date: 2022",,,,ONIX_20230105_9783036561042_125,,,,,,https://directory.doabooks.org/handle/20.500.12854/95896,,English[eng],,,,,,,,,,,,,,,,,,,,,,,,thema EDItEUR::M Medicine and Nursing,bone||collagen type I||alginate||conditioned medium||viability||MSC||osteogenesis||pulsed electromagnetic field||osteogenic factors||wool keratin scaffolds||bone tissue engineering||biocompatibility||biomaterials||bone augmentation||bone conduction||bone grafting||calcium hydroxyapatite||tissue regeneration||dental implants||osseointegration||osteoporosis||zoledronate||animal model||titanium membrane||titanium foil||occlusive titanium barrier||guided bone regeneration||osteoporotic condition||xenograft||bone regeneration||titanium implants||additive manufacturing||reused powder||unit cell topology||tissue engineering||mechanical properties||stem cells||surface functionalization||titanium||protein adsorption||surface modifications||cell interactions||collagen hydrogel||cell delivery||olfactory ectomesenchyme stem cells||bioactive glasses||alkali-free||sol–gel||bone remodeling||bone disorders||biomechanics||scaffolds||microenvironment||3D bioprinting||computational modeling||bone implant||bone defects||chitosan||degree of deacetylation||bone formation||X-ray micro CT||histology||sheep tibia,,Biomaterials for Bone Tissue Engineering 2020,,book,,,,,,,,,,,Archived,,,,,,,,10.3390/books978-3-0365-6103-5,,,242,,Basel,,,,,,,,,MDPI - Multidisciplinary Digital Publishing Institute,,9783036561042||9783036561035,,,,,,,,,,,,,,,,,,,,,,,,,,,,,,,,,,,,,,
f95455d9-2b65-498d-af17-54710d84840e,20.500.12854/6,Archived,https://intech-files.s3.amazonaws.com/a043Y00000yuj6cQAA/0014879_Authors_Book%20%282024-06-19%2010%3A32%3A20%29.pdf,0014879_Authors_Book (2024-06-19 10_32_20),9.78E+12,https://creativecommons.org/licenses/by/3.0,https://www.intechopen.com/books/12826,,,,,,,"Vizureanu, Petrica||Simona Baltatu, Madalina",,,2024-07-11T08:00:06Z,2024-07-11T08:00:06Z,2024,,,,"This book offers a comprehensive and up-to-date overview of the progress and innovations in the field of novel biomaterials applied in tissue engineering. It focuses on the development, characterization, and application of a wide range of advanced biomaterials, from biodegradable metallic alloys to hydroxyapatite composites and nanofiber technologies, with a special emphasis on enhancing tissue regeneration and wound healing. These aspects may be of interest to decision-makers in health and technology, providing vision into future research directions and the potential impact on patient care.","Made available in DSpace on 2024-07-11T08:00:06Z (GMT). No. of bitstreams: 1
web_image.jpg: 81432 bytes, checksum: 14a6b3cd5380b8c59832dd8d25fe05d7 (MD5)
  Previous issue date: 2024",,,,ONIX_20240711_9781837692293_117,,,2631-5343,,,https://directory.doabooks.org/handle/20.500.12854/140303,,English[eng],,,,,,,,,,Biomedical Engineering,,,,,,,,,,,,,,thema EDItEUR::M Medicine and Nursing::MQ Nursing and ancillary services::MQW Biomedical engineering,Biomedical engineering,,Novel Biomaterials for Tissue Engineering,,book,,,,,,,,,,,Archived,,,,,,,,10.5772/intechopen.110991,,IntechOpen,186,,,,,,,,,,,IntechOpen,,9781837692293||9781837692286||9781837692309,,,,,,23,,,,,,,,,,,,,,,,,,,,,,,,,,,,,,,,
7bae461a-d20e-480b-9c13-2d6d3b1225c8,20.500.12854/6,Archived,https://mdpi.com/books/pdfview/book/2327,Biomaterials_for_Bone_Tissue_Engineering,,https://creativecommons.org/licenses/by-nc-nd/4.0/,,,,,,,"Sanz, José Antonio",,,,2021-02-11T09:10:34Z,2021-02-11T09:10:34Z,2020,09/06/2020 16:38,,,"Bone tissue engineering aims to develop artificial bone substitutes that partially or totally restore the natural regeneration capability of bone tissue lost under circumstances of injury, significant defects, or diseases such as osteoporosis. In this context, biomaterials are the keystone of the methodology. Biomaterials for bone tissue engineering have evolved from biocompatible materials that mimic the physical and chemical environment of bone tissue to a new generation of materials that actively interacts with the physiological environment, accelerating bone tissue growth. Mathematical modelling and simulation are important tools in the overall methodology. This book presents an overview of the current investigations and recent contributions in the field of bone tissue engineering. It includes several successful examples of multidisciplinary collaboration in this transversal area of research. The book is intended for students, researchers, and professionals of a number of disciplines, such as engineering, mathematics, physics, chemistry, biomedicine, biology, and veterinary. The book is composed of an editorial section and 16 original research papers authored by leading researchers of this discipline from different laboratories across the world","Made available in DSpace on 2021-02-11T09:10:34Z (GMT). No. of bitstreams: 1
Biomaterials_for_Bone_Tissue_Engineering.jpg?v1591708763: 275203 bytes, checksum: 68bcbdf3a073f0613941cefd67ef8831 (MD5)
  Previous issue date: 2020",,,,46133,,,,,,https://directory.doabooks.org/handle/20.500.12854/42269,,English[eng],,,,,,,,,,,,,,,,,,,,,,,TA1-2040||T1-995,"thema EDItEUR::T Technology, Engineering, Agriculture, Industrial processes::TB Technology: general issues::TBX History of engineering and technology",bone morphogenesis proteins||n/a||finite element||bone tissue engineering||electrically active implants||prediction marker||vertebra||direct current electric field||loose sintering||Lattice Boltzmann method||Pelvis||automatic segmentation||MSCs||additive manufacturing||finite element method||bioelectromagnetism||optimization||scaffold design||cone beam computed tomography||computational modelling||bone regeneration||oxygen delivery||biomaterials||bone tissue||spark plasma sintering||critical size defect||musculoskeletal modelling||resonance frequency analysis||minipig||numerical methods in bioengineering||computational fluid dynamics||maxillofacial||osteoporosis||sliding window||osseointegration||mass transfer||substrate-mediated electrical stimulation||Fixation design||dental implants||human dental pulp stem cells||numerical results||elastoplasticity||bone tissue regeneration||finite-element simulation||3D-printed implant||selective laser melting||Lagrangian scalar tracking||cortical bone||micromechanics||trabeculae||finite element modelling||damage||titanium||powder metallurgy||pelvis||biomechanics||computational mechanobiology||culturing protocol||bone adaptation||stem cell||Bone tumor||trabecular bone score||Xenografts||triply periodic minimal surfaces||computed tomography||multiscale analysis||cartilage||digital image correlation||osteo-differentiation||wollastonite||transport||finite element analysis||bone marrow||fracture risk||von Mises stress||electric stimulation||mechanical behaviour||adipogenesis||biomaterial applications||computational mechanics||Ti6Al4V scaffolds||finite elements||Otsu’s method||3D virtual surgical plan,,Biomaterials for Bone Tissue Engineering,,book,,,,,,,,,,,Archived,,,1st,,,,,10.3390/books978-3-03928-966-0,,,244,,,,,,,,,,,MDPI - Multidisciplinary Digital Publishing Institute,,9783039289653||9783039289660,,,,,,,,,,,,,,,,,,,,,,,,,,,,,,,,,,,,,,
072ce070-d0d5-4379-9ad4-232c940130b0,20.500.12854/6,Archived,https://www.frontiersin.org/research-topics/6661/adverse-reactions-to-biomaterials-state-of-the-art-in-biomaterial-risk-assessment-immunomodulation-a,9782889458226,9.78E+12,https://creativecommons.org/licenses/by/4.0/,https://www.frontiersin.org/research-topics/6661/adverse-reactions-to-biomaterials-state-of-the-art-in-biomaterial-risk-assessment-immunomodulation-a,,,,,,,"Engin Vrana, Nihal||Ghaemmaghami, Amir M.||Zorlutuna, Pinar",,,2021-11-18T16:08:08Z,2021-11-18T16:08:08Z,2019,,,,"This eBook is a collection of articles from a Frontiers Research Topic. Frontiers Research Topics are very popular trademarks of the Frontiers Journals Series: they are collections of at least ten articles, all centered on a particular subject. With their unique mix of varied contributions from Original Research to Review Articles, Frontiers Research Topics unify the most influential researchers, the latest key findings and historical advances in a hot research area! Find out more on how to host your own Frontiers Research Topic or contribute to one as an author by contacting the Frontiers Editorial Office: frontiersin.org/about/contact","Made available in DSpace on 2021-11-18T16:08:08Z (GMT). No. of bitstreams: 1
Thumb_166.jpg: 7981 bytes, checksum: 56878e6267737133f828ffa3631acf6d (MD5)
  Previous issue date: 2019",,,,ONIX_20211118_9782889458226_118,,,,,,https://directory.doabooks.org/handle/20.500.12854/72987,,English[eng],,,,,,,,,,,,,,,,,,,,,,,,"thema EDItEUR::T Technology, Engineering, Agriculture, Industrial processes::TN Civil engineering, surveying and building||thema EDItEUR::T Technology, Engineering, Agriculture, Industrial processes::TC Biochemical engineering::TCB Biotechnology",biomaterials||in vitro models||immunomodulation||risk||immune reaction||hydrogels||macrophages||tissue engineering||innate immunity||hyaluronic acid||gelatin,,"Adverse Reactions to Biomaterials: State of the Art in Biomaterial Risk Assessment, Immunomodulation and In Vitro Models for Biomaterial Testing",,book,,,,,,,,,,,Archived,,,,,,,,10.3389/978-2-88945-822-6,,,137,,,,,,,,,,,Frontiers Media SA,,9.78E+12,,,,,,,,,,,,,,,,,,,,,,,,,,,,,,,,,,,,,,
457665bb-f4f9-41a8-a450-f2a7f8cb991e,20.500.12854/6,Archived,https://mdpi.com/books/pdfview/book/5224,Novel_NanoEngineered_Biomaterials_for_Bone_Tissue_Engineering,9.78E+12,https://creativecommons.org/licenses/by/4.0/,https://mdpi.com/books/pdfview/book/5224,,,,,,,"Ivanovski, Saso||Gulati, Karan||Ali, Abdalla",,,2022-05-06T11:34:21Z,2022-05-06T11:34:21Z,2022,,,,"This book highlights novel nano-engineering advances that enable enhanced bone formation at the implant/biomaterial and bone tissue interface, towards bone tissue engineering applications. Spanning a variety of biomaterial categories, from nanofibrous scaffolds (natural and synthetic) to the nanoscale modification of metallic implants, novel bioactive and therapeutic modifications have made it possible to enhance new bone formation, which could be particularly useful for the management of compromised sites.","Made available in DSpace on 2022-05-06T11:34:21Z (GMT). No. of bitstreams: 1
Novel_NanoEngineered_Biomaterials_for_Bone_Tissue_Engineering.jpg: 276700 bytes, checksum: 3c64d1558c1413c2c162e260e80ee1c4 (MD5)
  Previous issue date: 2022",,,,ONIX_20220506_9783036533490_258,,,,,,https://directory.doabooks.org/handle/20.500.12854/81192,,English[eng],,,,,,,,,,,,,,,,,,,,,,,,"thema EDItEUR::T Technology, Engineering, Agriculture, Industrial processes::TB Technology: general issues||thema EDItEUR::T Technology, Engineering, Agriculture, Industrial processes::TB Technology: general issues::TBX History of engineering and technology",human tooth powder||bioceramics||biocompatibility||bone regeneration||vascularization||nano-composite||microstructure||nanoindentation||bone implants||powder metallurgy||calcium orthophosphates||nano-hydroxyapatite||eggshell||cuttlefish bone||mussel shell||amorphous calcium carbonate||hydrogel||tissue engineering||biphasic calcium phosphate nanoparticle (BCP-NP)||biodegradable||gelatin methacryloyl (GelMA)||visible light||inorganic nanomaterials||nano hydroxyapatites||nano silica||metallic nanomaterials||magnesium and its alloys||hydroxyapatite||surface modifications||titanium implants||corrosion analysis||bioactivity||biomaterial||bone substitute||apatite||microwave-assisted hydrothermal synthesis||microgeometry||mechanobiology||global DNA methylation||osteoblast mechanosensing||n/a,,Novel Nano-Engineered Biomaterials for Bone Tissue Engineering,,book,,,,,,,,,,,Archived,,,,,,,,10.3390/books978-3-0365-3350-6,,,138,,Basel,,,,,,,,,MDPI - Multidisciplinary Digital Publishing Institute,,9783036533490||9783036533506,,,,,,,,,,,,,,,,,,,,,,,,,,,,,,,,,,,,,,
739c2108-9913-4e84-bed9-88478c37091f,20.500.12854/6,Archived,http://journal.frontiersin.org/researchtopic/1967/biomaterials-and-bioactive-molecules-to-drive-differentiation-in-striated-muscle-tissue-engineering,Biomaterials and Bioactive Molecules to,,https://creativecommons.org/licenses/by/4.0/,http://www.frontiersin.org/books/Biomaterials_and_Bioactive_Molecules_to_Drive_Differentiation_in_Striated_Muscle_Tissue_Engineering/871#nogo,,,,,,Valentina Di Felice||Giancarlo Forte||Dario Coletti,,,,2021-02-11T09:10:25Z,2021-02-11T09:10:25Z,2016,19/01/2016 14:05,,,"Tissue engineering is an innovative, multidisciplinary approach which combines (bio)materials, cells and growth factors with the aim to obtain neo-organogenesis to repair or replenish damaged tissues and organs. The generation of engineered tissues and organs (e. g. skin and bladder) has entered into the clinical practice in response to the chronic lack of organ donors. In particular, for the skeletal and cardiac muscles the translational potential of tissue engineering approaches has clearly been shown, even though the construction of this tissue lags behind others given the hierarchical, highly organized architecture of striated muscles. Cardiovascular disease is the leading cause of death in the developed world, where the yearly incidence of Acute MI (AMI) is approx 2 million cases in Europe. Recovery from AMI and reperfusion is still less than ideal. Stem cell therapy may represent a valid treatment. However, delivery of stem cells alone to infarcted myocardium provides no structural support while the myocardium heals, and the injected stem cells do not properly integrate into the myocardium because they are not subjected to the mechanical forces that are known to drive myocardial cellular physiology. On the other hand, there are many clinical cases where the loss of skeletal muscle due to a traumatic injury, an aggressive tumour or prolonged denervation may be cured by the regeneration of this tissue. In vivo, stem or progenitor cells are sheltered in a specialized microenvironment (niche), which regulates their survival, proliferation and differentiation. The goal of this research topic is to highlight the available knowledge on biomaterials and bioactive molecules or a combination of them, which can be used successfully to differentiate stem or progenitor cells into beating cardiomyocytes or organized skeletal muscle in vivo. Innovations compared to the on-going trials may be: 1) the successful delivery of stem cells using sutural scaffolds instead of intracoronary or intramuscular injections; 2) protocols to use a limited number of autologous or allogeneic stem cells; 3) methods to drive their differentiation by modifying the chemical-physical properties of scaffolds or biomaterials, incorporating small molecules (i.e. miRNA) or growth factors; 4) methods to tailor the scaffolds to the elastic properties of the muscle; 5) studies which suggest how to realize scaffolds that optimize tissue functional integration, through the combination of the most up-to-date manufacturing technologies and use of bio-polymers with customized degradation properties.","Made available in DSpace on 2021-02-11T09:10:25Z (GMT). No. of bitstreams: 1
Thumb_166.jpg: 8792 bytes, checksum: 9d42c92b9e7c4d82dfb499a33d8cf345 (MD5)
  Previous issue date: 2016",,,,18228,,,16648714,,,https://directory.doabooks.org/handle/20.500.12854/42266,,English[eng],,,,,,,,,,Frontiers Research Topics,,,,,,,,,,,,,QP1-981||Q1-390,thema EDItEUR::M Medicine and Nursing::MF Pre-clinical medicine: basic sciences::MFG Physiology,Angiogenesis||Scaffold||cardiac stem cells||skeletal muscle||Biomaterials||Tissue Engineering||satellite cells,,Biomaterials and Bioactive Molecules to Drive Differentiation in Striated Muscle Tissue Engineering,,book,,,,,,,,,,,Archived,,,,,,,,10.3389/978-2-88919-841-2,,,90,,,,,,,,,,,Frontiers Media SA,,9.78E+12,,,,,,,,,,,,,,,,,,,,,,,,,,,,,,,,,,,,,,
6f55c40d-e32f-4a2c-989a-0dd7d12a38da,20.500.12854/6,Archived,https://mts.intechopen.com/storage/books/10945/authors_book/authors_book.pdf,Collagen_Biomaterials,9.78E+12,https://creativecommons.org/licenses/by/3.0/,https://www.intechopen.com/books/10945,,,,,,,"Mazumder, Nirmal||Chakrabarty, Sanjiban",,,2023-02-15T14:36:15Z,2023-02-15T14:36:15Z,2022,,,,"Collagen is the most abundant protein class in the human body. The polymer also has the distinct benefit of being biodegradable, biocompatible, readily accessible, and very adaptable. The use of collagen-based biomaterials in tissue engineering applications has increased dramatically over the past few years, owing to extensive research in the field. Multiple cross-linking strategies for collagen have been examined. Various combinations of collagen with other biopolymers have also been investigated in an attempt to increase the tissue function of the collagen biomaterials in their various formulations. Collagen Biomaterials provides a thorough overview of the different uses of collagen-based biomaterials produced for tissue engineering, to offer a functional material for use in regenerative medicine from the laboratory bench to the patient bedside.","Made available in DSpace on 2023-02-15T14:36:15Z (GMT). No. of bitstreams: 1
web_image.jpg: 75147 bytes, checksum: f3cd2a379d4423abc42539a87054dec8 (MD5)
  Previous issue date: 2022",,,,ONIX_20230215_9781803554129_70,,,,,,https://directory.doabooks.org/handle/20.500.12854/97030,,English[eng],,,,,,,,,,,,,,,,,,,,,,,,"thema EDItEUR::T Technology, Engineering, Agriculture, Industrial processes::TG Mechanical engineering and materials::TGM Materials science",Mechanical engineering & materials,,Collagen Biomaterials,,book,,,,,,,,,,,Archived,,,,,,,,10.5772/intechopen.95635,,IntechOpen,170,,,,,,,,,,,IntechOpen,,9781803554129||9781803554112||9781803554136,,,,,,,,,,,,,,,,,,,,,,,,,,,,,,,,,,,,,,
9825bb90-1c57-431b-917e-7ab418955144,20.500.12854/6,Archived,https://mts.intechopen.com/storage/books/4486/authors_book/authors_book.pdf,Cells_and_Biomaterials_in_Regenerative_Medicine,9.79E+12,https://creativecommons.org/licenses/by/3.0/,https://www.intechopen.com/books,,,,,,,"Eberli, Daniel",,,2021-04-20T15:50:11Z,2021-04-20T15:50:11Z,2014,,,,"This book serves as a good starting point for anyone interested in the application of tissue engineering. It offers a colorful mix of topics, which explain the obstacles and possible solutions for TE applications. The first part covers the use of adult stem cells and their applications. The following chapters offer an insight into the development of a tailored biomaterial for organ replacement and highlight the importance of cell-biomaterial interaction. In summary, this book offers insights into a wide variety of cells, biomaterials, interfaces and applications of the next generation biotechnology, which is tissue engineering.","Made available in DSpace on 2021-04-20T15:50:11Z (GMT). No. of bitstreams: 1
web_image.jpg: 72868 bytes, checksum: 0b9de06fccdbeedf5ce3119b6f3ca665 (MD5)
  Previous issue date: 2014",,,,ONIX_20210420_9789535117315_2029,,,,,,https://directory.doabooks.org/handle/20.500.12854/66670,,English[eng],,,,,,,,,,,,,,,,,,,,,,,,thema EDItEUR::M Medicine and Nursing::MQ Nursing and ancillary services::MQW Biomedical engineering,Biomedical engineering,,Cells and Biomaterials in Regenerative Medicine,,book,,,,,,,,,,,Archived,,,,,,,,10.5772/58497,,IntechOpen,384,,,,,,,,,,,IntechOpen,,9789535117315||9789535172260,,,,,,,,,,,,,,,,,,,,,,,,,,,,,,,,,,,,,,
3b8a82f1-7b60-45d8-8f88-9a3a2befe725,20.500.12854/6,Archived,https://mts.intechopen.com/storage/books/6280/authors_book/authors_book.pdf,Biomaterials,9.78E+12,https://creativecommons.org/licenses/by/3.0/,https://www.intechopen.com/books/6280,,,,,,,"Pignatello, Rosario||Musumeci, Teresa",,,2023-12-01T17:43:15Z,2023-12-01T17:43:15Z,2018,,,,"This contribution book collects five among reviews and original articles from eminent experts working in the interdisciplinary area of biomaterial synthesis and application. From their direct and recent experience, the readers can access the novel and ongoing potentialities of different synthetic and engineered biomaterials. Contributions reflect the fundamental studies, with a particular attention to the physico-chemical mechanical characterization of biomaterials, along with biocompatibility studies and potential clinical use. After an introductory chapter on the question of storage stability for biomaterial-based devices and products and for polymeric nanomedicines, a first review deals with the use and commercial sources of hydroxyapatite in tissue engineering and other biomedical applications. A study follows on optical fiber laser marking on the properties of stainless steel in implant manufacturing. Two other reviews, respectively, focused on the approaches to prevent or treat the effects of calcification that occurs in vivo on biomaterial-based implants and on the encapsulation of pancreatic islet cells for the treatment of type I diabetes will be presented. Finally, an overview on the physical bases and application in biomaterial science of the spray-drying process will close the volume. This setting will allow to achieve a general view of how classical and novel biomaterials can be applied, along with the methodologies necessary to design, develop, and characterize them, without the restrictions necessarily imposed by industrial or profit concerns. Readers will be apprised about the methodologies used to develop biomaterials possessing the physical and biological properties needed for specific medical and clinical applications.","Made available in DSpace on 2023-12-01T17:43:15Z (GMT). No. of bitstreams: 1
web_image.jpg: 231683 bytes, checksum: f498328b9ddaf9ca615a2166be090933 (MD5)
  Previous issue date: 2018",,,,ONIX_20231201_9781789230659_1611,,,,,,https://directory.doabooks.org/handle/20.500.12854/130502,,English[eng],,,,,,,,,,,,,,,,,,,,,,,,"thema EDItEUR::T Technology, Engineering, Agriculture, Industrial processes::TG Mechanical engineering and materials::TGM Materials science","tissue engineering, hydroxyapatite, electrochemistry, laser, scaffold, antibacterial activity",,Biomaterials,Physics and Chemistry - New Edition,book,,,,,,,,,,,Archived,,,,,,,,10.5772/intechopen.69128,,IntechOpen,114,,,,,,,,,,,IntechOpen,,9781789230659||9781789230642||9781838813765,,,,,,,,,,,,,,,,,,,,,,,,,,,,,,,,,,,,,,
87150416-4bf5-4b4d-a438-244094d7c0e9,20.500.12854/6,Archived,https://mdpi.com/books/pdfview/book/6553,Biomaterials_for_Bone_Tissue_Engineering_2020,9.78E+12,https://creativecommons.org/licenses/by/4.0/,https://mdpi.com/books/pdfview/book/6553,,,,,,,"Bloise, Nora||Fassina, Lorenzo",,,2023-02-02T16:22:05Z,2023-02-02T16:22:05Z,2023,,,,"This book presents recent advances in the field of bone tissue engineering, including molecular insights, innovative biomaterials with regenerative properties (e.g., osteoinduction and osteoconduction), and physical stimuli to enhance bone regeneration.","Made available in DSpace on 2023-02-02T16:22:05Z (GMT). No. of bitstreams: 1
Biomaterials_for_Bone_Tissue_Engineering_2020.jpg: 54619 bytes, checksum: b0e79df0517554eba83efa75f58d2143 (MD5)
  Previous issue date: 2023",,,,ONIX_20230202_9783036561042_9,,,,,,https://directory.doabooks.org/handle/20.500.12854/96608,,English[eng],,,,,,,,,,,,,,,,,,,,,,,,thema EDItEUR::M Medicine and Nursing,bone||collagen type I||alginate||conditioned medium||viability||MSC||osteogenesis||pulsed electromagnetic field||osteogenic factors||wool keratin scaffolds||bone tissue engineering||biocompatibility||biomaterials||bone augmentation||bone conduction||bone grafting||calcium hydroxyapatite||tissue regeneration||dental implants||osseointegration||osteoporosis||zoledronate||animal model||titanium membrane||titanium foil||occlusive titanium barrier||guided bone regeneration||osteoporotic condition||xenograft||bone regeneration||titanium implants||additive manufacturing||reused powder||unit cell topology||tissue engineering||mechanical properties||stem cells||surface functionalization||titanium||protein adsorption||surface modifications||cell interactions||collagen hydrogel||cell delivery||olfactory ectomesenchyme stem cells||bioactive glasses||alkali-free||sol–gel||bone remodeling||bone disorders||biomechanics||scaffolds||microenvironment||3D bioprinting||computational modeling||bone implant||bone defects||chitosan||degree of deacetylation||bone formation||X-ray micro CT||histology||sheep tibia,,Biomaterials for Bone Tissue Engineering 2020,,book,,,,,,,,,,,Archived,,,,,,,,10.3390/books978-3-0365-6103-5,,,242,,Basel,,,,,,,,,MDPI - Multidisciplinary Digital Publishing Institute,,9783036561042||9783036561035,,,,,,,,,,,,,,,,,,,,,,,,,,,,,,,,,,,,,,
d27c1514-9cf1-4108-a4c7-055bf512af14,20.500.12854/6,Archived,https://mts.intechopen.com/storage/books/1487/authors_book/authors_book.pdf,Biomaterials_Applications_for_Nanomedicine,9.79E+12,https://creativecommons.org/licenses/by/3.0/,https://www.intechopen.com/books/1487,,,,,,,"Pignatello, Rosario",,,2023-12-01T14:48:08Z,2023-12-01T14:48:08Z,2011,,,,"These contribution books collect reviews and original articles from eminent experts working in the interdisciplinary arena of biomaterial development and use. From their direct and recent experience, the readers can achieve a wide vision on the new and ongoing potentialities of different synthetic and engineered biomaterials. Contributions were selected not based on a direct market or clinical interest, but on results coming from a very fundamental studies. This too will allow to gain a more general view of what and how the various biomaterials can do and work for, along with the methodologies necessary to design, develop and characterize them, without the restrictions necessary imposed by industrial or profit concerns. Biomaterial constructs and supramolecular assemblies have been studied, for example, as drug and protein carriers, tissue scaffolds, or to manage the interactions between artificial devices and the body. In this volume of the biomaterial series have been gathered in particular reviews and papers focusing on the application of new and known macromolecular compounds to nanotechnology and nanomedicine, along with their chemical and mechanical engineering aimed to fit specific biomedical purposes.","Made available in DSpace on 2023-12-01T14:48:08Z (GMT). No. of bitstreams: 1
web_image.jpg: 79908 bytes, checksum: 9393aa99c359b07c02ebb28f5abe9a97 (MD5)
  Previous issue date: 2011",,,,ONIX_20231201_9789533076614_179,,,,,,https://directory.doabooks.org/handle/20.500.12854/129072,,English[eng],,,,,,,,,,,,,,,,,,,,,,,,"thema EDItEUR::T Technology, Engineering, Agriculture, Industrial processes::TC Biochemical engineering::TCB Biotechnology",Biotechnology,,Biomaterials,Applications for Nanomedicine,book,,,,,,,,,,,Archived,,,,,,,,10.5772/1957,,IntechOpen,472,,,,,,,,,,,IntechOpen,,9789533076614||9789535143994,,,,,,,,,,,,,,,,,,,,,,,,,,,,,,,,,,,,,,
f52f1e65-1516-4fa4-9b0b-f93f1b6370e9,20.500.12854/6,Archived,https://mts.intechopen.com/storage/books/3361/authors_book/authors_book.pdf,Regenerative_Medicine_and_Tissue_Engineering,9.79E+12,https://creativecommons.org/licenses/by/3.0/,https://www.intechopen.com/books/3361,,,,,,,"Andrades, Jose A.",,,2023-12-01T15:05:25Z,2023-12-01T15:05:25Z,2013,,,,"Few events in science have captured the same level of sustained interest and imagination of the nonscientific community as Stem Cells, Tissue Engineering, and Regenerative Medicine. The fundamental concept of Tissue Engineering and Regenerative Medicine is appealing to scientists, physicians, and lay people alike: to heal tissue or organ defects that the current medical practice deems difficult or impossible to cure. Tissue engineering combines cells, engineering, and materials methods with suitable biochemical and physiochemical factors to improve or replace biologic functions. Regenerative medicine is a new branch of medicine that attempts to change the course of chronic disease, in many instances regenerating failing organ systems lost due to age, disease, damage, or congenital defects. The area is rapidly becoming one of the most promising treatment options for patients suffering from tissue failure. This book of Regenerative Medicine and Tissue Engineering fairly reflects the state of the art of these two disciplines at this time as well as their therapeutic application. It covers numerous topics, such as stem cells, cell culture, polymer synthesis, novel biomaterials, drug delivery, therapeutics, and the creation of tissues and organs. The goal is to have this book serve as a reference for graduate students, post-docs, teachers, scientists and physicians, and as an explanatory analysis for executives in biotech and pharmaceutical companies.","Made available in DSpace on 2023-12-01T15:05:25Z (GMT). No. of bitstreams: 1
web_image.jpg: 80739 bytes, checksum: 4d43a5059b0187115092a36db8c56ccf (MD5)
  Previous issue date: 2013",,,,ONIX_20231201_9789535111085_362,,,,,,https://directory.doabooks.org/handle/20.500.12854/129253,,English[eng],,,,,,,,,,,,,,,,,,,,,,,,thema EDItEUR::M Medicine and Nursing::MQ Nursing and ancillary services::MQW Biomedical engineering,Biomedical engineering,,Regenerative Medicine and Tissue Engineering,,book,,,,,,,,,,,Archived,,,,,,,,10.5772/46192,,IntechOpen,868,,,,,,,,,,,IntechOpen,,9789535111085||9789535142485,,,,,,,,,,,,,,,,,,,,,,,,,,,,,,,,,,,,,,
75b0f245-8ac0-43c0-87bd-557f2ee24830,20.500.12854/6,Archived,https://mdpi.com/books/pdfview/book/8603,CellECM_Interactions_for_Tissue_Engineering_and_Tissue_Regeneration,9.78E+12,https://creativecommons.org/licenses/by-nc-nd/4.0/,https://mdpi.com/books/pdfview/book/8603,,,,,,,"Huang, Ngan F.||Tefft, Brandon J.",,,2024-05-14T13:07:27Z,2024-05-14T13:07:27Z,2024,,,,"The extracellular matrix (ECM) is a dynamic scaffold structure that surrounds all cells in the body and provides structural integrity as well as dynamic signaling cues. These ECM cues influence many aspects of cellular function and phenotype, including cell death, proliferation, cell fate specification, and tissue morphogenesis. Therefore, it is critically important to understand the impact of ECM interactions on disease pathology, tissue engineering, and tissue regeneration. These original research and review articles illustrate the importance of ECM interactions on fundamental cell behavior. Using bioengineering and biomaterial strategies, the effects of the ECM on cell behavior and function can be systematically studied. Cell–ECM interactions are further explored in a variety of tissue and disease models, including cardiovascular, musculoskeletal, lymphatic, and skin applications. These articles were published from 2022 to 2023 in Bioengineering.","Made available in DSpace on 2024-05-14T13:07:27Z (GMT). No. of bitstreams: 1
CellECM_Interactions_for_Tissue_Engineering_and_Tissue_Regeneration.jpg?v=1714641443: 159987 bytes, checksum: dd68dd917403a9ab2f6c60c6be96c46d (MD5)
  Previous issue date: 2024",,,,ONIX_20240514_9783036599892_51,,,,,,https://directory.doabooks.org/handle/20.500.12854/137449,,English[eng],,,,,,,,,,,,,,,,,,,,,,,,thema EDItEUR::M Medicine and Nursing,extracellular matrix||tissue engineering||bioprinting||decellularized matrix||tissue regeneration,,Cell-ECM Interactions for Tissue Engineering and Tissue Regeneration,,book,,,,,,,,,,,Archived,,,,,,,,10.3390/books978-3-0365-9990-8,,,214,,,,,,,,,,,MDPI - Multidisciplinary Digital Publishing Institute,,9783036599892||9783036599908,,,,,,,,,,,,,,,,,,,,,,,,,,,,,,,,,,,,,,
1f8237c9-0248-47c6-b586-b17abcccffaf,20.500.12854/6,Archived,https://mts.intechopen.com/storage/books/2242/authors_book/authors_book.pdf,Applied_Tissue_Engineering,9.79E+12,https://creativecommons.org/licenses/by-nc-sa/3.0/,https://www.intechopen.com/books/2242,,,,,,,"Ueda, Minoru",,,2023-12-01T14:31:46Z,2023-12-01T14:31:46Z,2011,,,,"Tissue engineering, which aims at regenerating new tissues, as well as substituting lost organs by making use of autogenic or allogenic cells in combination with biomaterials, is an emerging biomedical engineering field. There are several driving forces that presently make tissue engineering very challenging and important: 1) the limitations in biological functions of current artificial tissues and organs made from man-made materials alone, 2) the shortage of donor tissue and organs for organs transplantation, 3) recent remarkable advances in regeneration mechanisms made by molecular biologists, as well as 4) achievements in modern biotechnology for large-scale tissue culture and growth factor production. This book was edited by collecting all the achievement performed in the laboratory of oral and maxillofacial surgery and it brings together the specific experiences of the scientific community in these experiences of our scientific community in this field as well as the clinical experiences of the most renowned experts in the fields from all over Nagoya University. The editors are especially proud of bringing together the leading biologists and material scientists together with dentist, plastic surgeons, cardiovascular surgery and doctors of all specialties from all department of the medical school of Nagoya University. Taken together, this unique collection of world-wide expert achievement and experiences represents the current spectrum of possibilities in tissue engineered substitution.","Made available in DSpace on 2023-12-01T14:31:46Z (GMT). No. of bitstreams: 1
web_image.jpg: 59220 bytes, checksum: 3add61ea20619cb009b5398c7f438815 (MD5)
  Previous issue date: 2011",,,,ONIX_20231201_9789533076898_87,,,,,,https://directory.doabooks.org/handle/20.500.12854/128981,,English[eng],,,,,,,,,,,,,,,,,,,,,,,,thema EDItEUR::M Medicine and Nursing::MQ Nursing and ancillary services::MQW Biomedical engineering,Biomedical engineering,,Applied Tissue Engineering,,book,,,,,,,,,,,Archived,,,,,,,,10.5772/2630,,IntechOpen,98,,,,,,,,,,,IntechOpen,,9789533076898||9789535164333,,,,,,,,,,,,,,,,,,,,,,,,,,,,,,,,,,,,,,
ae43a7a8-2714-4ec6-b395-e070ef994a5e,20.500.12854/6,Archived,https://mts.intechopen.com/storage/books/3420/authors_book/authors_book.pdf,Advances_in_Biomaterials_Science_and_Biomedical_Applications,9.79E+12,https://creativecommons.org/licenses/by/3.0/,https://www.intechopen.com/books/3420,,,,,,,"Pignatello, Rosario",,,2023-12-01T15:04:53Z,2023-12-01T15:04:53Z,2013,,,,"This contribution book is a collection of reviews and original articles from eminent experts working in the multi- and interdisciplinary arena of biomaterials, ranging from their design to novel uses. From their personal experience, the readers can obtain a stimulating foresight on the potentialities of different synthetic and engineered biomaterials. 21 chapters have been organized to illustrate different aspects of biomaterials science. From advanced means for the characterization and toxicological assessment of new materials, through ‘classical’ applications in nanotechnology and tissue engineering, toward novel specific uses of these products, the volume wishes to give readers a view of the wide range of disciplines and methodologies that have been exploited to develop biomaterials with the physical and biological features needed for specific clinical and medical applications.","Made available in DSpace on 2023-12-01T15:04:53Z (GMT). No. of bitstreams: 1
web_image.jpg: 83806 bytes, checksum: ed4b96e5352ba69dfed8258c70fafbaf (MD5)
  Previous issue date: 2013",,,,ONIX_20231201_9789535110514_355,,,,,,https://directory.doabooks.org/handle/20.500.12854/129246,,English[eng],,,,,,,,,,,,,,,,,,,,,,,,thema EDItEUR::M Medicine and Nursing::MQ Nursing and ancillary services::MQW Biomedical engineering,Biomedical engineering,,Advances in Biomaterials Science and Biomedical Applications,,book,,,,,,,,,,,Archived,,,,,,,,10.5772/56420,,IntechOpen,570,,,,,,,,,,,IntechOpen,,9789535110514||9789535163268,,,,,,,,,,,,,,,,,,,,,,,,,,,,,,,,,,,,,,
f12e14a7-bf73-47e9-b627-6ca9574d1a8b,20.500.12854/6,Archived,https://mts.intechopen.com/storage/books/314/authors_book/authors_book.pdf,Regenerative_Medicine_and_Tissue_Engineering1,9.79E+12,https://creativecommons.org/licenses/by-nc-sa/3.0/,https://www.intechopen.com/books/314,,,,,,,"Eberli, Daniel",,,2023-12-01T14:43:16Z,2023-12-01T14:43:16Z,2011,,,,"Tissue Engineering may offer new treatment alternatives for organ replacement or repair deteriorated organs. Among the clinical applications of Tissue Engineering are the production of artificial skin for burn patients, tissue engineered trachea, cartilage for knee-replacement procedures, urinary bladder replacement, urethra substitutes and cellular therapies for the treatment of urinary incontinence. The Tissue Engineering approach has major advantages over traditional organ transplantation and circumvents the problem of organ shortage. Tissues reconstructed from readily available biopsy material induce only minimal or no immunogenicity when reimplanted in the patient. This book is aimed at anyone interested in the application of Tissue Engineering in different organ systems. It offers insights into a wide variety of strategies applying the principles of Tissue Engineering to tissue and organ regeneration.","Made available in DSpace on 2023-12-01T14:43:16Z (GMT). No. of bitstreams: 1
web_image.jpg: 116389 bytes, checksum: 65002f21bbdab4ca38ca00c834edce97 (MD5)
  Previous issue date: 2011",,,,ONIX_20231201_9789533076638_135,,,,,,https://directory.doabooks.org/handle/20.500.12854/129028,,English[eng],,,,,,,,,,,,,,,,,,,,,,,,thema EDItEUR::M Medicine and Nursing::MQ Nursing and ancillary services::MQW Biomedical engineering,Biomedical engineering,,Regenerative Medicine and Tissue Engineering,Cells and Biomaterials,book,,,,,,,,,,,Archived,,,,,,,,10.5772/837,,IntechOpen,604,,,,,,,,,,,IntechOpen,,9789533076638||9789535144502,,,,,,,,,,,,,,,,,,,,,,,,,,,,,,,,,,,,,,
3f0ce6e2-86bd-4147-89a1-950779b5dbad,20.500.12854/6,Archived,http://journal.frontiersin.org/researchtopic/3116/inorganic-biomaterials,Inorganic_Biomaterials,,https://creativecommons.org/licenses/by/4.0/,http://www.frontiersin.org/books/Inorganic_Biomaterials/836#nogo,,,,,,Wolfram Holand||Aldo R. Boccaccini,,,,2021-02-11T16:18:18Z,2021-02-11T16:18:18Z,2016,07/04/2016 11:22,,,"The intention of the editors A. R. Boccaccini and W. Höland has been to target this e-book to a broad readership and at the same time to present scientific contributions sufficiently detailed which discuss various specific fundamental aspects of inorganic biomaterials and their biomedical and dental applications. In this context, two large categories of biomaterials need to be mentioned, namely bioactive biomaterials for the replacement and regeneration of hard tissue and biocompatible, non-bioactive biomaterials for restorative dentistry. Both categories include products based on glasses or glass-ceramics as well as organic-inorganic composite materials. Among the bioactive products, BIOGLASS®, developed in the late 1960s by Prof. Dr. L. L. Hench, occupies a prominent position, being BIOGLASS® the first man-made material shown to form strong and functional bonding to leaving tissue. Sadly, Prof. Hench passed away in December 2015, at the time this e-book was being completed, it is therefore a great honor for the editors to dedicate this e-book to his memory. Indeed the book contains a comprehensive review written by Prof. Hench, in collaboration with Prof. J. R. Jones (UK), which provides a timely overview of the development and applications of bioactive glasses, including a discussion on the remaining challenges in the field. Further bioactive materials have been developed over the years by leading scientists such as Prof. Kokubo (Japan). These materials have also found their way into this book. The other contributions in this book, written by worldwide recognized experts in the field, present the latest advances in relevant areas such as scaffolds for bone tissue engineering, metallic ion releasing systems, cements, bioactive glass–polymer coatings, composites for bone regeneration, and effect of porosity on cellular response to bioceramics. In addition to bioactive materials, inorganic systems for restorative dentistry are also discussed in this e-book. Biomaterials for dental restorations consist of glassy or crystalline phases. Glass-ceramics represent a special group of inorganic biomaterials for dental restorations. Glass-ceramics are composed of at least one inorganic glassy phase and at least one crystalline phase. These products demonstrate a combination of properties, which include excellent aesthetics and the ability to mimic the optical properties of natural teeth, as well as high strength and toughness. They can be processed using special processing procedures, e.g. machining, moulding and sintering, to fabricate high quality products. The editors would like to extend their gratitude to the Frontiers team in Lausanne, Switzerland, for their outstanding dedication to make possible the publication of this e-book in a timely manner. It is our wish that the book will contribute to expand the field of inorganic biomaterials, both in terms of fundamental knowledge and applications, and that the book will be useful not only to established researchers but also to the increasing number of young scientists starting their careers in the field of inorganic biomaterials.","Made available in DSpace on 2021-02-11T16:18:18Z (GMT). No. of bitstreams: 1
Thumb_166.jpg: 7225 bytes, checksum: 63db0a1e5fae626d12ce1a5af079185f (MD5)
  Previous issue date: 2016",,,,18910,,,16648714,,,https://directory.doabooks.org/handle/20.500.12854/50306,,English[eng],,,,,,,,,,Frontiers Research Topics,,,,,,,,,,,,,TP248.13-248.65||TA1-2040||TA401-492,"thema EDItEUR::T Technology, Engineering, Agriculture, Industrial processes::TC Biochemical engineering::TCB Biotechnology",composites||scaffolds||Bioactivity||Bone Regeneration||Dentistry||Bioactive Glasses||glass-ceramics,,Inorganic Biomaterials,,book,,,,,,,,,,,Archived,,,,,,,,10.3389/978-2-88919-801-6,,,149,,,,,,,,,,,Frontiers Media SA,,9.78E+12,,,,,,,,,,,,,,,,,,,,,,,,,,,,,,,,,,,,,,
8a686b2e-e672-4760-9d7a-ba3f024ef52b,20.500.12854/6,Archived,https://mdpi.com/books/pdfview/book/2514,3D_Printing_for_Tissue_Engineering_and_Regenerative_Medicine,9.78E+12,https://creativecommons.org/licenses/by/4.0/,https://mdpi.com/books/pdfview/book/2514,,,,,,,"Guvendiren, Murat||Serpooshan, Vahid",,,2021-05-01T15:28:07Z,2021-05-01T15:28:07Z,2020,,,,"Three-dimensional (3D) printing enables the fabrication of tissue-engineered constructs and devices from a patient’s own medical data, leading to the creation of anatomically matched and patient-specific constructs. There is a growing interest in applying 3D printing technologies in the fields of tissue engineering and regenerative medicine. The main printing methods include extrusion-based, vat photopolymerization, droplet-based, and powder-based printing. A variety of materials have been used for printing, from metal alloys and ceramics to polymers and elastomers as well as from hydrogels to extracellular matrix proteins. More recently, bioprinting, a subcategory of 3D printing, has enabled the precise assembly of cell-laden biomaterials (i.e., bioinks) for the construction of complex 3D functional living tissues or artificial organs. In this Special Issue, we aim to capture state-of-the-art research papers and the most current review papers focusing on 3D printing for tissue engineering and regenerative medicine. In particular, we seek novel studies on the development of 3D printing and bioprinting approaches, developing printable materials (inks and bioinks), and utilizing 3D-printed scaffolds for tissue engineering and regenerative medicine applications. These applications are not limited to but include scaffolds for in vivo tissue regeneration and tissue analogues for in vitro disease modeling and/or drug screening.","Made available in DSpace on 2021-05-01T15:28:07Z (GMT). No. of bitstreams: 1
3D_Printing_for_Tissue_Engineering_and_Regenerative_Medicine.jpg?v1618830777: 246856 bytes, checksum: 75e09674b96f0f3719c01c0b2d42208e (MD5)
  Previous issue date: 2020",,,,ONIX_20210501_9783039361120_494,,,,,,https://directory.doabooks.org/handle/20.500.12854/68748,,English[eng],,,,,,,,,,,,,,,,,,,,,,,,"thema EDItEUR::T Technology, Engineering, Agriculture, Industrial processes::TB Technology: general issues",,,3D Printing for Tissue Engineering and Regenerative Medicine,,book,,,,,,,,,,,Archived,,,,,,,,10.3390/books978-3-03936-113-7,,,166,,"Basel, Switzerland",,,,,,,,,MDPI - Multidisciplinary Digital Publishing Institute,,9783039361120||9783039361137,,,,,,,,,,,,,,,,,,,,,,,,,,,,,,,,,,,,,,
ab1aeba6-7d41-4394-985a-39bc77ee7c97,20.500.12854/6,Archived,https://mdpi.com/books/pdfview/book/3540,Advanced_Composite_Biomaterials,9.78E+12,https://creativecommons.org/licenses/by/4.0/,https://mdpi.com/books/pdfview/book/3540,,,,,,,"Voicu, Stefan Ioan||Miculescu, Marian",,,2021-05-01T15:11:50Z,2021-05-01T15:11:50Z,2021,,,,"Biomaterials is currently one of the most important fields of study. This is because of the high degree of interdisciplinarity and the many practical solutions it provides in relation to medicine, biology, chemistry, and physics. This Special Issue provides readers with research from the domain of composite biomaterials in different applications, from controlled drug release systems to tissue engineering.","Made available in DSpace on 2021-05-01T15:11:50Z (GMT). No. of bitstreams: 1
Advanced_Composite_Biomaterials.jpg?v1618829888: 141977 bytes, checksum: 1cf8d6d49b094ecde3552ba40ea1cc14 (MD5)
  Previous issue date: 2021",,,,ONIX_20210501_9783036507644_265,,,,,,https://directory.doabooks.org/handle/20.500.12854/68519,,English[eng],,,,,,,,,,,,,,,,,,,,,,,,"thema EDItEUR::T Technology, Engineering, Agriculture, Industrial processes::TB Technology: general issues::TBX History of engineering and technology",PMMA||zirconia (ZrO2)||nanocomposite||denture base||flexural strength||impact strength||fracture toughness||hardness||graphene oxide||silicone rubber||composite materials||antifouling||harmonic motion||corn straw||pretreatment||dyeing||chemical structure||tensile properties||UV barrier||water-resistance||polylactic acid||hydroxyapatite||composite films||industrial bamboo residue||holocellulose aerogel||hydrophobicity||fire resistance||thermal insulation material||nucleating agent||isotactic polypropylene||transcrystallinity||natural fibres||Tencel™||membrane||cellulose||water purification||tissue engineering||magnetic nanoparticles||composite||DDS||hyperthermia||collagen||scaffolds||membranes||hydrogels||whey protein fibrils||carbon nanotubes||carbon nano-onions||composites||interaction||n/a,,Advanced Composite Biomaterials,,book,,,,,,,,,,,Archived,,,,,,,,10.3390/books978-3-0365-0765-1,,,184,,"Basel, Switzerland",,,,,,,,,MDPI - Multidisciplinary Digital Publishing Institute,,9783036507644||9783036507651,,,,,,,,,,,,,,,,,,,,,,,,,,,,,,,,,,,,,,
3013df86-9eb1-4e7e-815c-1105cc99e4f0,20.500.12854/6,Archived,https://mts.intechopen.com/storage/books/1486/authors_book/authors_book.pdf,Biomaterials_Science_and_Engineering,9.79E+12,https://creativecommons.org/licenses/by-nc-sa/3.0/,https://www.intechopen.com/books/1486,,,,,,,"Pignatello, Rosario",,,2023-12-01T14:44:52Z,2023-12-01T14:44:52Z,2011,,,,"These contribution books collect reviews and original articles from eminent experts working in the interdisciplinary arena of biomaterial development and use. From their direct and recent experience, the readers can achieve a wide vision on the new and ongoing potentials of different synthetic and engineered biomaterials. Contributions were not selected based on a direct market or clinical interest, than on results coming from very fundamental studies which have been mainly gathered for this book. This fact will also allow to gain a more general view of what and how the various biomaterials can do and work for, along with the methodologies necessary to design, develop and characterize them, without the restrictions necessarily imposed by industrial or profit concerns. The book collects 22 chapters related to recent researches on new materials, particularly dealing with their potential and different applications in biomedicine and clinics: from tissue engineering to polymeric scaffolds, from bone mimetic products to prostheses, up to strategies to manage their interaction with living cells.","Made available in DSpace on 2023-12-01T14:44:52Z (GMT). No. of bitstreams: 1
web_image.jpg: 65003 bytes, checksum: 1d32c0ee97133168b2adf122b4146bd5 (MD5)
  Previous issue date: 2011",,,,ONIX_20231201_9789533076096_145,,,,,,https://directory.doabooks.org/handle/20.500.12854/129038,,English[eng],,,,,,,,,,,,,,,,,,,,,,,,"thema EDItEUR::T Technology, Engineering, Agriculture, Industrial processes::TC Biochemical engineering::TCB Biotechnology",Biotechnology,,Biomaterials Science and Engineering,,book,,,,,,,,,,,Archived,,,,,,,,10.5772/1956,,IntechOpen,470,,,,,,,,,,,IntechOpen,,9789533076096||9789535144328,,,,,,,,,,,,,,,,,,,,,,,,,,,,,,,,,,,,,,
54e8c593-48a6-4e65-ab67-906e0ee7ff94,20.500.12854/6,Archived,https://mts.intechopen.com/storage/books/7926/authors_book/authors_book.pdf,Biomaterial-supported_Tissue_Reconstruction_or_Regeneration,9.78E+12,https://creativecommons.org/licenses/by/3.0/,https://www.intechopen.com/books/7926,,,,,,,"Barbeck, Mike||Jung, Ole||Smeets, Ralf||Koržinskas, Tadas",,,2023-12-01T18:22:03Z,2023-12-01T18:22:03Z,2019,,,,"This book is a collection of chapters from different biomaterial experts, including their design, new insights into the molecular basis of their interaction with the organism, and their successful application. The chapters have been organized to illustrate different aspects of multidisciplinary biomaterial science. Thus, this book should give readers a view into the different biomaterial disciplines and methodologies that are needed for specific clinical applications.","Made available in DSpace on 2023-12-01T18:22:03Z (GMT). No. of bitstreams: 1
web_image.jpg: 97644 bytes, checksum: 60f06cefbcf6f98ea02476001039bbe3 (MD5)
  Previous issue date: 2019",,,,ONIX_20231201_9781838803780_1957,,,,,,https://directory.doabooks.org/handle/20.500.12854/130848,,English[eng],,,,,,,,,,,,,,,,,,,,,,,,thema EDItEUR::M Medicine and Nursing::MQ Nursing and ancillary services::MQW Biomedical engineering,"scaffold, medicinal plants, tissue engineering, regenerative medicine, 3d printing, polymers",,Biomaterial-supported Tissue Reconstruction or Regeneration,,book,,,,,,,,,,,Archived,,,,,,,,10.5772/intechopen.77756,,IntechOpen,162,,,,,,,,,,,IntechOpen,,9781838803780||9781838803773||9781838804336,,,,,,,,,,,,,,,,,,,,,,,,,,,,,,,,,,,,,,
93b88e58-6f83-43e0-9c8a-92d766344644,20.500.12854/6,Archived,https://mdpi.com/books/pdfview/book/6984,MultiFunctional_CollagenBased_Biomaterials_for_Biomedical_Applications,9.78E+12,https://creativecommons.org/licenses/by/4.0/,https://mdpi.com/books/pdfview/book/6984,,,,,,,"Gallo, Nunzia||Madaghiele, Marta||Quarta, Alessandra||Barca, Amilcare",,,2023-04-05T12:59:39Z,2023-04-05T12:59:39Z,2023,,,,"Polymeric biomaterials represent an essential tool in the biomedical field. Their high biocompatibility and ability to provide adequate regenerative support are fundamental for the development of new therapeutic devices. In particular, biomaterials derived from living organisms can exhibit not only structural roles but also several non-structural functions implicated in cellular growth, migration, and differentiation. Among them, type I collagen, a ubiquitous structural protein present in the mammalian body, plays a dominant role in maintaining the biological and structural integrity of various tissues. In recent years, with the goal of developing multi-functional collagen-based devices able to better promote the functional recovery of damaged tissues, numerous studies have focused on novel techniques and methods for the development and characterization of innovative and advanced high-performance formulations. The ability to control, modify, and tune collagen-based biomaterials performance by optimizing their architecture, besides modifying their chemistry, blending with other materials/therapeutics, or developing stimuli-responsive formulations, is an extremely important knowledge to acquire when specific multi-functionalities are sought.The present Special Issue collected 12 peer-reviewed interdisciplinary contributions on the broad topic of multi-functional collagen-based biomaterials.","Made available in DSpace on 2023-04-05T12:59:39Z (GMT). No. of bitstreams: 1
MultiFunctional_CollagenBased_Biomaterials_for_Biomedical_Applications.jpg?v1680526425: 51859 bytes, checksum: 3c17e91224cf401b4a94eab165b64f2f (MD5)
  Previous issue date: 2023",,,,ONIX_20230405_9783036570730_210,,,,,,https://directory.doabooks.org/handle/20.500.12854/98931,,English[eng],,,,,,,,,,,,,,,,,,,,,,,,thema EDItEUR::M Medicine and Nursing,collagen||hydrogel||stability||transmission electron microscopy||methacrylation||rheology||gelatin methacrylate||type I collagen||tilapia||skin||aquaponic||biomaterials||fish scale||hydroxyapatite||bone marrow mesenchymal stem cells||osteogenic differentiation||scaffold||collagen vitrigel||tissue engineering||cornea||corneal endothelium||dentin-pulp complex regeneration||signalling molecules||stem cell from human exfoliated deciduous teeth (SHED)||gelatin||fibronectin-binding||peptides||HPLC-MS||electrospinning||ICOS-Fc||cell migration||bone remodelling||osteoporosis||viscoll collagen membrane||cornea regeneration||stromal replacement||polyelectrolyte multilayer||cross-linking||bone tissue engineering||drug release||drug reservoir||BMP-2||composite material||controlled release||vancomycin||swelling||pH dependence||rose bengal||crosslinking||injectable collagen||medical devices||collagen scaffolds||mechanical properties||physicochemical properties||morphology||composition||cell viability||molecular structure||Dosidicus gigas||X-ray tomography||SynchrotronLike,,Multi-Functional Collagen-Based Biomaterials for Biomedical Applications,,book,,,,,,,,,,,Archived,,,,,,,,10.3390/books978-3-0365-7072-3,,,234,,Basel,,,,,,,,,MDPI - Multidisciplinary Digital Publishing Institute,,9783036570730||9783036570723,,,,,,,,,,,,,,,,,,,,,,,,,,,,,,,,,,,,,,
c7ce8fe4-5e93-45dd-92a0-7cd4577fdb3b,20.500.12854/6,Archived,https://mdpi.com/books/pdfview/book/8322,Bioceramics_Bioglasses_and_Gels_for_Tissue_Engineering,9.78E+12,https://creativecommons.org/licenses/by/4.0/,https://mdpi.com/books/pdfview/book/8322,,,,,,,"Dasan, Arish||Chandrasekar, Ashokraja",,,2023-11-30T20:58:53Z,2023-11-30T20:58:53Z,2023,,,,"Biomaterials engineering is a dynamic and rapidly evolving field that plays a pivotal role in advancing medical technology, improving patient care, and addressing healthcare challenges. Advancements in interdisciplinary fields such as chemistry, physics, material science, nanotechnology, manufacturing technology, and bioengineering have the opportunity to significantly impact patient lives by developing innovative solutions, thereby improving the performance and safety of medical devices and therapies. This Special Issue mainly aims to present the recent development of advanced biomaterials such as gels, ceramics, and glasses for healthcare applications, including hard and soft tissue engineering, medical implants, drug delivery systems, and more. This Special Issue, made up of 4 reviews and 8 original articles, represents the keen and diverse research ensuing toward innovative functionalities and their incorporation with cutting-edge fabrication techniques. It will also focus on the chemistry of biomaterials and their characteristics, such as bioactivity, biocompatibility, and biodegradation, and how their chemical–physical properties (such as porosity, morphology, mechanical strength, etc.) can influence cells and living systems.","Made available in DSpace on 2023-11-30T20:58:53Z (GMT). No. of bitstreams: 1
Bioceramics_Bioglasses_and_Gels_for_Tissue_Engineering.png?v=1701339051: 291678 bytes, checksum: 83c436675d17aec7305c0cb1706e771d (MD5)
  Previous issue date: 2023",,,,ONIX_20231130_9783036594958_304,,,,,,https://directory.doabooks.org/handle/20.500.12854/128852,,English[eng],,,,,,,,,,,,,,,,,,,,,,,,"thema EDItEUR::T Technology, Engineering, Agriculture, Industrial processes::TB Technology: general issues||thema EDItEUR::T Technology, Engineering, Agriculture, Industrial processes::TB Technology: general issues::TBX History of engineering and technology||thema EDItEUR::T Technology, Engineering, Agriculture, Industrial processes::TG Mechanical engineering and materials::TGM Materials science",biocompatibility||ceria||polymer-bioglass scaffolds||trace metals||cryogels||reactive oxygen species||tissue regeneration||skin||angiogenesis||immune cells||gels||photosensitizers||photodynamic therapy||cytotoxicity||computed tomography||bioceramics||metallic implants||biomedical applications||coatings||surface modification||Mg-alloys||Ti-alloys||wound||wound dressing||nanoparticle||hydrogel||nanofiber||sol–gel processes||spectroscopy||X-ray methods||thermal properties||bioactive glass||silicate||gelatin nanoparticle||controlled drug release||antibiotics||growth factor||ADA-gelatin||silicates||diopside||akermanite||merwinite||sol–gel||tissue engineering||3D scaffold||hybrid||sol-gel ink||robocasting||laser micromachining||osteoblasts||regenerative medicine||bone tissue engineering||cytoskeleton||focal adhesion||poly(vinyl alcohol) (PVA)||cuprous iodide (CuI)||green synthesis||liquid bandage||scaffold||fabrication techniques||cell sheet||cryopreservation||vitrified hydrogel membrane||collagen||regenerative therapy||cell therapy||n/a,,"Bioceramics, Bioglasses and Gels for Tissue Engineering",,book,,,,,,,,,,,Archived,,,,,,,,10.3390/books978-3-0365-9494-1,,,274,,Basel,,,,,,,,,MDPI - Multidisciplinary Digital Publishing Institute,,9783036594958||9783036594941,,,,,,,,,,,,,,,,,,,,,,,,,,,,,,,,,,,,,,
a79439a8-7878-464e-bdbe-0ded0f895071,20.500.12854/6,Archived,https://mts.intechopen.com/storage/books/9574/authors_book/authors_book.pdf,,9.78E+12,https://creativecommons.org/licenses/by/3.0/,https://www.intechopen.com/books,,,,,,,"Vizureanu, Petrică||Manuela Da Cunha Ferreira Botelho, Claudia",,,2021-04-20T16:24:30Z,2021-04-20T16:24:30Z,2020,,,,"This book provides an overview of biomaterials science with a focus on health and medical applications that can be improved with new biomaterials with non-allergenic elements. These materials are designed to meet functional requirements and overcome the disadvantages of classical alloys used as biomaterials in human tissue. Over seven chapters, this volume explains the problems created by classical alloys and examines how the new generation of biomaterials helps both doctors and patients. It is designed for students, doctors, patients, and researchers worldwide.","Made available in DSpace on 2021-04-20T16:24:30Z (GMT). No. of bitstreams: 1
web_image.jpg: 70949 bytes, checksum: c351d19618c4982b537a253ac60e3db8 (MD5)
  Previous issue date: 2020",,,,ONIX_20210420_9781789844658_3107,,,,,,https://directory.doabooks.org/handle/20.500.12854/67747,,English[eng],,,,,,,,,,,,,,,,,,,,,,,,"thema EDItEUR::T Technology, Engineering, Agriculture, Industrial processes::TG Mechanical engineering and materials::TGM Materials science",Materials science,,Biomaterials,,book,,,,,,,,,,,Archived,,,,,,,,10.5772/intechopen.87369,,IntechOpen,162,,,,,,,,,,,IntechOpen,,9781789844658||9781789844641||9781839627392,,,,,,,,,,,,,,,,,,,,,,,,,,,,,,,,,,,,,,
9aa15036-52cc-442a-9841-460c9bc0dbd2,20.500.12854/6,Archived,https://mts.intechopen.com/storage/books/5951/authors_book/authors_book.pdf,,9.79E+12,https://creativecommons.org/licenses/by/3.0/,https://www.intechopen.com/books/5951,,,,,,,"Dobrzański, Leszek A.",,,2023-12-01T17:43:04Z,2023-12-01T17:43:04Z,2018,,,,"The book Biomaterials in Regenerative Medicine is addressed to the engineers and mainly medical practitioners as well as scientists and PhD degree students. The book indicates the progress in research and in the implementation of the ever-new biomaterials for the application of the advanced types of prosthesis, implants, scaffolds and implant-scaffolds including personalised ones. The book presents a theoretical approach to the synergy of technical, biological and medical sciences concerning materials and technologies used for medical and dental implantable devices and on metallic biomaterials. The essential contents of the book are 16 case studies provided in each of the chapters, comprehensively describing the authors' accomplishments of numerous teams from different countries across the world in advanced research areas relating to the biomaterials applied in regenerative medicine and dentistry. The detailed information collected in the book, mainly deriving from own and original research and R&D works pursued by the authors, will be beneficial for the readers to develop their knowledge and harmonise specific information concerning these topics.","Made available in DSpace on 2023-12-01T17:43:04Z (GMT). No. of bitstreams: 1
web_image.jpg: 70549 bytes, checksum: d778b93446c46c6d3fef1a93f1ddb876 (MD5)
  Previous issue date: 2018",,,,ONIX_20231201_9789535137771_1610,,,,,,https://directory.doabooks.org/handle/20.500.12854/130501,,English[eng],,,,,,,,,,,,,,,,,,,,,,,,"thema EDItEUR::T Technology, Engineering, Agriculture, Industrial processes::TC Biochemical engineering::TCB Biotechnology","tissue engineering, drug delivery, diabetes mellitus, additive manufacturing, polymers, nanofibers",,Biomaterials in Regenerative Medicine,,book,,,,,,,,,,,Archived,,,,,,,,10.5772/66233,,IntechOpen,448,,,,,,,,,,,IntechOpen,,9789535137771||9789535137764||9789535140030,,,,,,,,,,,,,,,,,,,,,,,,,,,,,,,,,,,,,,
a43185db-3cb3-439a-8e69-430267c614d2,20.500.12854/6,Archived,https://mts.intechopen.com/storage/books/5922/authors_book/authors_book.pdf,,9.79E+12,https://creativecommons.org/licenses/by/3.0/,https://www.intechopen.com/books/5922,,,,,,,"Baino, Francesco",,,2023-12-01T15:45:50Z,2023-12-01T15:45:50Z,2017,,,,"Biomaterials are often designed to act as scaffolds, i.e., 3D porous templates that support and stimulate the growth of healthy tissue and then safely dissolve once they have performed their functions. This book provides a picture of the current state of the art in the field of scaffolds for tissue engineering, highlighting the potential associated to the latest scientific and technological advancements. The former part of the book focuses on the repair of ""hard"" tissues (primarily bone) by means of bioceramic/glass scaffolds, and the latter deals with the applications of polymeric scaffolds for regenerating ""soft"" tissues and structures including the peripheral nerve, heart, gastric mucosa and pancreas. Special emphasis is given to the challenges associated to scaffold manufacturing, biomimetic properties and cell-scaffold interactions.","Made available in DSpace on 2023-12-01T15:45:50Z (GMT). No. of bitstreams: 1
web_image.jpg: 195919 bytes, checksum: e5aba552e344fa90f72dc7c01141e873 (MD5)
  Previous issue date: 2017",,,,ONIX_20231201_9789535136422_732,,,,,,https://directory.doabooks.org/handle/20.500.12854/129623,,English[eng],,,,,,,,,,,,,,,,,,,,,,,,thema EDItEUR::M Medicine and Nursing::MQ Nursing and ancillary services::MQW Biomedical engineering,"extracellular matrix, tissue regeneration, electrospinning, biomaterials, regenerative medicine, 3d printing",,"Materials, Technologies and Clinical Applications",,book,,,,,,,,,,,Archived,,,,,,,,10.5772/66016,,IntechOpen,332,,,,,,,,,,,IntechOpen,,9789535136422||9789535136415||9789535145721,,,,,,,,,,,,,,,,,,,,,,,,,,,,,,,,,,,,,,
f7825323-4395-4116-9cb0-0ddfb8b4fdeb,20.500.12854/6,Archived,https://mdpi.com/books/pdfview/book/5620,,9.78E+12,https://creativecommons.org/licenses/by/4.0/,https://mdpi.com/books/pdfview/book/5620,,,,,,,"Boccaccio, Antonio",,,2022-07-06T11:49:27Z,2022-07-06T11:49:27Z,2022,,,,"The book proposes extensive and varied design strategies for bone tissue engineering. The design process of materials for bone tissue scaffolds presently represents an issue of crucial importance and is being studied by many researchers throughout the world. A number of studies have been conducted, aimed at identifying the optimal material, geometry, and surface that the scaffold must possess to stimulate the formation of the largest amounts of bone in the shortest time possible.","Made available in DSpace on 2022-07-06T11:49:27Z (GMT). No. of bitstreams: 1
Design_of_Materials_for_Bone_Tissue_Scaffolds.jpg?v1656677412: 24158 bytes, checksum: 3f4f495ee2e443d6211f36715d1c4721 (MD5)
  Previous issue date: 2022",,,,ONIX_20220706_9783036539546_27,,,,,,https://directory.doabooks.org/handle/20.500.12854/87432,,English[eng],,,,,,,,,,,,,,,,,,,,,,,,thema EDItEUR::M Medicine and Nursing,starfish||calcium carbonate||porous calcium phosphate||β-tricalcium phosphate||bone substitute||angiogenesis||gellan gum||hydroxyapatite||lactoferrin||bone biomaterials||tissue engineering||biomaterials||mechanobiology||scaffold design||geometry optimization||bone repair||biomaterial||alcoholism||alcohol||geometry optimization of scaffolds||allograft||block bone grafts||custom made bone||design techniques for scaffold||precision and translational medicine||bone regeneration||graphene oxide||mesenchymal stem and progenitor cells||osteogenic differentiation||poly(methyl methacrylate)||computational mechanobiology||bone tissue engineering||python code||parametric CAD (Computer Aided Design) model||bone||mesenchymal stem cells||polycarbonate||resveratrol||polydatin||focal adhesions||bone health||bacterial cellulose||nanoAg||antimicrobial composite||porous implants||bone implants||metamaterials||titanium||mechanical properties||pore size||unit cell||porosity||elastic modulus||compressive strength||additive manufacturing||animal model||bone fracture||bone healing||posterolateral spinal fusion||regenerative medicine||bone morphogenetic proteins||cell growth||polylysine||dental implants||implantology||epithelial growth||porous materials,,Design of Materials for Bone Tissue Scaffolds,,book,,,,,,,,,,,Archived,,,,,,,,10.3390/books978-3-0365-3953-9,,,236,,Basel,,,,,,,,,MDPI - Multidisciplinary Digital Publishing Institute,,9783036539546||9783036539539,,,,,,,,,,,,,,,,,,,,,,,,,,,,,,,,,,,,,,
bbb11e3e-e1ac-4e57-85fc-d19861ec2be3,20.500.12854/6,Archived,https://mdpi.com/books/pdfview/book/9508,,9.78E+12,https://creativecommons.org/licenses/by-nc-nd/4.0/,https://mdpi.com/books/pdfview/book/9508,,,,,,,"Uklejewski, Ryszard||Winiecki, Mariusz",,,2024-09-06T08:22:03Z,2024-09-06T08:22:03Z,2024,,,,"The ultimate goal of bone and joint surgery, craniomaxillofacial surgery, oral/dental surgery, and, in general, hard tissue surgery is reconstruction via the implantation of a biomaterial or a device to replace bones and/or joints affected by various diseases, traumatic damages, or deformities. This reprint aims to exhibit and discuss the latest advances in biomimetic scaffolds for hard tissue surgery. It presents the contributions submitted by scholars with renowned backgrounds in scaffolds design, fabrication, functionalization, or clinical applications; four are valuable review articles, and seven are original new research articles. According to the area of application, the contributions can be grouped into the following three themes: Biomimetic scaffolds for bone and joint surgery; Biomimetic scaffolds for maxillofacial surgery and oral surgery; Biomimetic scaffolds for general surgery (hard- and soft tissue surgeries). Among the contributions are four valuable review articles that comprehensively summarize the latest achievements in the field, with a discussion of prospects and challenges for further research, and seven new research articles dealing with different proposed and developed novel biomaterials and 3D constructs of specific complementary properties that, through their biomechanical, biostructural, biochemical, biomimetic, and functional properties, possess great potential for assisting in local tissue regeneration.","Made available in DSpace on 2024-09-06T08:22:03Z (GMT). No. of bitstreams: 1
Biomimetic_Scaffolds_for_Hard_Tissue_Surgery.jpg?v=1725602227: 160421 bytes, checksum: be6d2ad3d64c9bdd244a8dfaefdad6df (MD5)
  Previous issue date: 2024",,,,ONIX_20240906_9783725815777_133,,,,,,https://directory.doabooks.org/handle/20.500.12854/143771,,English[eng],,,,,,,,,,,,,,,,,,,,,,,,"thema EDItEUR::T Technology, Engineering, Agriculture, Industrial processes||thema EDItEUR::T Technology, Engineering, Agriculture, Industrial processes::TB Technology: general issues||thema EDItEUR::T Technology, Engineering, Agriculture, Industrial processes::TB Technology: general issues::TBC Engineering: general",bioactive glass||hBN nanoparticles||biomimetic||scaffolds||drug delivery||periodontal regeneration||human periodontal ligament cells||mechanobiology||dynamic mechanical loading||polycaprolactone fibrous scaffold||bone defect||degradable implant||polycaprolactone||hydroxyapatite||osseointegration||tissue engineering||maxillofacial defects||composite graft||scaffold||3D printing||electrospinning||electrospun polyvinylpyrrolidone||polymeric scaffolds||bone regeneration||mesoporous bioactive glass||hydrogel||gelatin||chitosan||conductive carbon black||nanocomposite||cyclic compression||dissipation energy||anisotropy||bioceramic composites||TCP||ZrO2||metal ions||biocompatibility||resurfacing arthroplasty||resurfacing endoprostheses||biomimetic multi-spiked connecting scaffold (MSC-Scaffold)||biomimetic fixation||piezoelectricity||aerogel||barium titanate||solvothermal synthesis||bioactivity||spider silk||recombinant spider silk proteins||bone and cartilage||ligament and muscle repair||repair of peripheral nerves||tissue-on-chip||organ-on-chip||n/a,,Biomimetic Scaffolds for Hard Tissue Surgery,,book,,,,,,,,,,,Archived,,,,,,,,10.3390/books978-3-7258-1578-4,,,,,,,,,,,,,,MDPI - Multidisciplinary Digital Publishing Institute,,9783725815777||9783725815784,,,,,,,,,,,,,,,,,,,,,,,,,,,,,,,,,,,,,,
df6112f8-f224-4a88-8510-607975f9a696,20.500.12854/6,Archived,https://mdpi.com/books/pdfview/book/10064,,9.78E+12,https://creativecommons.org/licenses/by/4.0/,,,,,,,,"Silva, Diana||Serro, Ana Paula||Vivero-Lopez, Maria",,,2025-02-20T13:06:34Z,2025-02-20T13:06:34Z,2024,,,,"Hydrogels have become one of the most promising biomaterials in recent years due to their biocompatibility, versatility, and ability to mimic biological tissues and are already widely used in areas such as ophthalmology, cardiovascular health, wound healing, and regenerative medicine. These materials can be produced in the form of films, 3D-printed structures, fibers, or nanoparticles and tailored to serve as platforms for the sustained delivery of drugs and/or other bioactive molecules. Some more advanced hydrogels exhibit smart stimuli-responsive behaviors, offer self-healing capacity, or shape memory properties. Despite significant progress, challenges remain in designing new hydrogels that are both safe and high-performing. This reprint gathers some of the most recent achievements related to the synthesis, characterization, and application of the new generation of hydrogels, covering issues from the use of artificial intelligence (AI) for hydrogel development to their most innovative uses.","Made available in DSpace on 2025-02-20T13:06:34Z (GMT). No. of bitstreams: 1
Design_of_Polymeric_Hydrogels_Biomaterials.jpg?v=1739876930: 32204 bytes, checksum: 83f9c1d141cc72946c84f49c1cb65a83 (MD5)
  Previous issue date: 2024",,,,ONIX_20250220_9783725822348_175,,,,,,https://directory.doabooks.org/handle/20.500.12854/152811,,English[eng],,,,,,,,,,,,,,,,,,,,,,,,thema EDItEUR::M Medicine and Nursing::MB Medicine: general issues::MBD Medical profession::MBDC Medical ethics and professional conduct,mucoadhesion||drug release||bladder tumor||polymeric hydrogels||intravesical therapy||polyglycerols||dendrimers||hydrogels||paclitaxel||release||solubilization||FTIR imaging||hydrotrope||modified lignocellulose||pentoxifylline||nanoparticles||rat model||wound dressing||injectable hydrogel nanocomposites||biomedical applications||controlled release||tissue engineering||therapeutic outcomes||carboxymethyl chitosan||microgel||sustained drug delivery||antibiotic||Fe (II) chelating activity||vancomycin||prolonged antibacterial effect||microneedles||drug delivery||dissolving microneedles||swelling microneedles||hydrogel-forming microneedles||microneedle manufacturing||hydrogel design||artificial intelligence||machine learning||sodium alginate||PNIPAM||3D printing||MC3T3-E1||bone tissue engineering||anti-aging||nanoemulgels||nanoemulsions||neuropathy||skin cancer||skin infection||skin inflammation||topical administration||transdermal administration||wound healing||multi-layered hydrogel||interfacial layer||self-folding||soft hydrogel actuators||hyaluronic acid||carboxymethyl cellulose||BDDE||fillers||n/a,,Design of Polymeric Hydrogels Biomaterials,,book,,,,,,,,,,,Archived,,,,,,,,10.3390/books978-3-7258-2233-1,,,272,,Basel,,,,,,,,,MDPI - Multidisciplinary Digital Publishing Institute,,9783725822348||9783725822331,,,,,,,,,,,,,,,,,,,,,,,,,,,,,,,,,,,,,,
e1066a55-5acb-4bb2-8249-7082510db0bc,20.500.12854/6,Archived,https://mts.intechopen.com/storage/books/4610/authors_book/authors_book.pdf,,9.79E+12,https://creativecommons.org/licenses/by/3.0/,https://www.intechopen.com/books/4610,,,,,,,"Sakuma, Kunihiro",,,2023-12-01T15:09:45Z,2023-12-01T15:09:45Z,2015,,,,"In order to complete tissue regeneration, various cells such as neuronal, skeletal, smooth, endothelial, and immune (e.g., macrophage) interact smoothly with each other. This book, Muscle Cells and Tissues, offers a wide range of topics such as stem cells, cell culture, biomaterials, epigenetics, therapeutics, and the creation of tissues and organs. Novel applications for cell and tissue engineering including cell therapy, tissue models, and disease pathology modeling are discussed. The book also deals with the functional role of autophagy in modulating muscle homeostasis and molecular mechanism regulating skeletal muscle mass. The chapters can be interesting for graduate students, postdocs, teachers, physicians, and for executives in biotech and pharmaceutical companies, as well as researchers in the fields of molecular biology and regenerative medicine.","Made available in DSpace on 2023-12-01T15:09:45Z (GMT). No. of bitstreams: 1
web_image.jpg: 82871 bytes, checksum: 129ecfd1830504a916e1ee542f75e3ed (MD5)
  Previous issue date: 2015",,,,ONIX_20231201_9789535121565_412,,,,,,https://directory.doabooks.org/handle/20.500.12854/129303,,English[eng],,,,,,,,,,,,,,,,,,,,,,,,thema EDItEUR::M Medicine and Nursing::MQ Nursing and ancillary services::MQW Biomedical engineering,"atherosclerosis, micrornas, collagen, smooth muscle cells, inflammation, oxidative stress",,Muscle Cell and Tissue,,book,,,,,,,,,,,Archived,,,,,,,,10.5772/59347,,IntechOpen,486,,,,,,,,,,,IntechOpen,,9789535121565||9789535142188,,,,,,,,,,,,,,,,,,,,,,,,,,,,,,,,,,,,,,
1ed6f28b-41d1-4bc2-988b-5d5cdbbe1521,20.500.12854/12,Archived,https://library.oapen.org/bitstream/20.500.12657/49186/1/56968.pdf||https://library.oapen.org/bitstream/20.500.12657/49186/1/56968.pdf,,,https://creativecommons.org/licenses/by/3.0/||https://creativecommons.org/licenses/by/3.0/,,,,,,,"Prakasam, Mythili||Mioara Piticescu, Roxana||Popescu, Madalina",,,,2021-02-10T12:58:18Z,,2017,2021-06-02T10:08:39Z,,,"Tissue engineering has offered wide technologies for developing functional biomaterials substitutes for repair and regeneration of damaged tissue and organs. Biomimetic materials with their inherent nature to mimic natural materials are possible through the recent advances in the fabrication technology. With the help of porous or dense implants made with biodegradable materials, it is possible to incorporate different vital growth factors, genes, drugs, stem cells and proteins. In this review, we presented various fabrication methodologies of biomimetic and bioactive scaffolds for tissue engineering applications. An overview of the nanocomposites of biomaterials is presented. Further an example of one of the hybrid nanocomposite material is given for additive manufacturing.",Item created via OAI harvest from source: https://library.oapen.org/oai/doab-migration on 2021-11-24T05:32:51Z (GMT).  Item's OAI Record identifier: oai:library.oapen.org:20.500.12657/49186,,,,ONIX_20210602_10.5772/intechopen.70707_300||https://library.oapen.org/handle/20.500.12657/49186,,,,,,https://directory.doabooks.org/handle/20.500.12854/70486,,English[eng],,,,,,,,,,,,H2020-TWINN-2015,,,,open access,,,,,,,,thema EDItEUR::M Medicine and Nursing::MQ Nursing and ancillary services::MQW Biomedical engineering,"biomimetic scaffolds, bioactive ceramics, fabrication technology, tissue engineering, 3D printing",,Chapter Fabrication Methodologies of Biomimetic and Bioactive Scaffolds for Tissue Engineering Applications,,chapter,,,,,,,,,,,Archived,,,,,,,,10.5772/intechopen.70707,,,,,,,,,,,,,,InTechOpen,,,,,,,,,,,,,,,,,,,,,,,,,,,,,,,,,,,,,,,,
b2079456-f5f7-4c42-af8f-4984767c1638,20.500.12854/6,Archived,https://www.frontiersin.org/research-topics/8609/enabling-biomaterials-for-new-biomedical-technologies-and-clinical-therapies,,9.78E+12,https://creativecommons.org/licenses/by/4.0/,https://www.frontiersin.org/research-topics/8609/enabling-biomaterials-for-new-biomedical-technologies-and-clinical-therapies,,,,,,,"Uludag, Hasan||Pandit, Abhay||Kuhn, Liisa",,,2021-11-18T16:29:36Z,2021-11-18T16:29:36Z,2020,,,,"This eBook is a collection of articles from a Frontiers Research Topic. Frontiers Research Topics are very popular trademarks of the Frontiers Journals Series: they are collections of at least ten articles, all centered on a particular subject. With their unique mix of varied contributions from Original Research to Review Articles, Frontiers Research Topics unify the most influential researchers, the latest key findings and historical advances in a hot research area! Find out more on how to host your own Frontiers Research Topic or contribute to one as an author by contacting the Frontiers Editorial Office: frontiersin.org/about/contact","Made available in DSpace on 2021-11-18T16:29:36Z (GMT). No. of bitstreams: 1
Thumb_166.jpg: 4806 bytes, checksum: 5f05adb863497fa450613f64f916218c (MD5)
  Previous issue date: 2020",,,,ONIX_20211118_9782889638536_1125,,,,,,https://directory.doabooks.org/handle/20.500.12854/73993,,English[eng],,,,,,,,,,,,,,,,,,,,,,,,"thema EDItEUR::T Technology, Engineering, Agriculture, Industrial processes::TN Civil engineering, surveying and building||thema EDItEUR::T Technology, Engineering, Agriculture, Industrial processes::TC Biochemical engineering::TCB Biotechnology",Biomaterials||Biocompatibility||biomaterial-host interface||devices||Regeneration||Metallic implants||Safety||tissue engineering||therapeutic||diagnostic,,Enabling Biomaterials for New Biomedical Technologies and Clinical Therapies,,book,,,,,,,,,,,Archived,,,,,,,,10.3389/978-2-88963-853-6,,,330,,,,,,,,,,,Frontiers Media SA,,9.78E+12,,,,,,,,,,,,,,,,,,,,,,,,,,,,,,,,,,,,,,
c39dfd32-0dfe-436f-b428-f298af2b9132,20.500.12854/6,Archived,https://mdpi.com/books/pdfview/book/2077,,,https://creativecommons.org/licenses/by-nc-nd/4.0/,,,,,,,"Cîmpean, Ani?oara||Miculescu, Florin",,,,2021-02-11T09:10:29Z,2021-02-11T09:10:29Z,2020,07/04/2020 23:07,,,"The scientific advances in life sciences and engineering are constantly challenging, expanding, and redefining concepts related to the biocompatibility and safety of medical devices. New biomaterials, new products, and new testing regimes are being introduced to","Made available in DSpace on 2021-02-11T09:10:29Z (GMT). No. of bitstreams: 1
Biomaterials_and_Implant_Biocompatibility.jpg?v1586346305: 25274 bytes, checksum: c3849c3da4ffcb2ac24b7665a5baaae4 (MD5)
  Previous issue date: 2020",,,,44800,,,,,,https://directory.doabooks.org/handle/20.500.12854/42267,,English[eng],,,,,,,,,,,,,,,,,,,,,,,Q1-390||QC1-999,"bic Book Industry Communication::G Reference, information & interdisciplinary subjects::GP Research & information: general",bioplolymers||static magnetic field||serum amyloid A||regeneration||bone grafts||osteoblast||laser direct writing||three-dimensional co-culture||bioactive glass||bone graft||adipogenic mesenchymal stem cells||composite||review||artificial bone substitute||biofilm||lactoferrin||polymer composite||flow cytometry||haptoglobin||zinc||copper ions||local drug delivery||hydroxyapatite||in vitro kinetic studies||absorption||angiogenesis||in vitro testing||carbonate apatite||autogenous particulate dentin graft||microfiber scaffold||coating techniques||dissolution rate||serum protein fractions||mesenchymal stem cells||bone levels||SEM||silver||demineralized bone matrix||articular cartilage defect||seashell||surface modification||single-walled carbon nanotubes||dolomitic marble||osteogenesis||corrosion resistance||contact lens||porous SHS TiNi||diamond nanoparticles||pre-osteoblasts||gentamicin||mechanism||point defects||cell proliferation||sodium alginate||MSN||laser radiation||protein–polymer matrices||crystallite size||extracellular matrix mineralization||adipose-derived stem cells||cell adhesion and morphology||bone infection||titanium implants||signaling pathways||bone substitution||plasma chemical oxidation||tissue engineering||C-reactive protein||bone tissue engineering||osteogenic differentiation||smart dentin grinder||in vivo testing||in vitro study||nanowelding||image analysis||superparamagnetic scaffold||?-tricalcium phosphate||biopolymer||antibacterial coating||hydrogel sphere||neck design||Staphylococcus aureus||biocompatibility||CaCO3 derived-calcium phosphates||dental implants||colon cancer cells||materials||spaced TiO2 nanotubes||drug delivery system||polyethyleneimine||hybrid dog||fish gelatin||in vitro model||MC3T3-E1||cell membrane||rheological similarity||root canal sealer||real-time live-cell imaging technology||human teeth||biocompatible metals||peri-implantitis||sheep||cytotoxicity||biomedical implant||soft tissue dimensions||ground teeth||endothelial cell||bioceramics||modulated synthesis set-up||microRNA||tooth graft||autologous graft||3D printing||caries,,Biomaterials and Implant Biocompatibility,,book,,,,,,,,,,,Archived,,,1st,,,,,10.3390/books978-3-03928-217-3,,,420,,,,,,,,,,,MDPI - Multidisciplinary Digital Publishing Institute,,9783039282166||9783039282173,,,,,,,,,,,,,,,,,,,,,,,,,,,,,,,,,,,,,,
a13fa286-9bf1-4b27-820a-29ab3070edcd,20.500.12854/6,Archived,https://mdpi.com/books/pdfview/book/2409,,9.78E+12,https://creativecommons.org/licenses/by/4.0/,https://mdpi.com/books/pdfview/book/2409,,,,,,,"Affatato, Saverio",,,2021-05-01T15:16:37Z,2021-05-01T15:16:37Z,2020,,,,"This book covers a wide range of topics in the orthopaedic fields and can be used as a textbook for the ﬁnal undergraduate engineering course or as a topic on tribology at the postgraduate level. This book can serve as a useful reference for academics, tribology, and materials researchers; mechanical, materials, and physics engineers; biomedical scientists and professionals in tribology; and related industries. The scientiﬁc interest in this book will be evident for many important centres of research, including laboratories and universities throughout the world.","Made available in DSpace on 2021-05-01T15:16:37Z (GMT). No. of bitstreams: 1
Advanced_Biomaterials_for_Orthopaedic_Application.jpg?v1618830777: 37267 bytes, checksum: 81627e8d33c248ffc6806e8c87ee9c78 (MD5)
  Previous issue date: 2020",,,,ONIX_20210501_9783039286362_393,,,,,,https://directory.doabooks.org/handle/20.500.12854/68647,,English[eng],,,,,,,,,,,,,,,,,,,,,,,,"thema EDItEUR::T Technology, Engineering, Agriculture, Industrial processes::TB Technology: general issues::TBX History of engineering and technology",vitamin-E stabilized PE||cross-linked PE||standard PE||hip simulator||FTIR analysis||Ti-28Nb-35.4 alloy||powder metallurgy||ball milling||mechanical properties||biocompatibility||total hip arthroplasty||musculoskeletal multibody model||dynamic loading||finite element analysis||radial clearance||dry and wet friction||digital image correlation||homogeneous strain||small deformation level||accuracy||precision||calcium phosphate cements||polarization||CoCr alloy||wear particles||hyaluronic acid||macrophages biocompatibility||UHMWPE||tribology||h-index||bibliometric indicators||biomaterials||quality of research||citations||ceramic||friction||hip||implants||polyethylene||prosthesis||simulator||wear||mandible condylar fractures||surgical treatment||titanium||PLLA||Selective Laser Melting||Direct Metal Laser Sintering||porosity||titanium alloys||yield strength||ultimate tensile strength||X-Ray Diffraction||n/a||computational model||biomechanics||unicompartmental knee replacement||CFR-PEEK||varus and valgus alignments||bioceramics||additive manufacturing||scaffolds||bone tissue engineering,,Advanced Biomaterials for Orthopaedic Application,The Challenge of New Composites and Alloys Used as Medical Devices,book,,,,,,,,,,,Archived,,,,,,,,10.3390/books978-3-03928-637-9,,,202,,"Basel, Switzerland",,,,,,,,,MDPI - Multidisciplinary Digital Publishing Institute,,9783039286362||9783039286379,,,,,,,,,,,,,,,,,,,,,,,,,,,,,,,,,,,,,,
fce3ca88-7e75-4078-bd84-689f950102ff,20.500.12854/6,Archived,https://mdpi.com/books/pdfview/book/5373,,9.78E+12,https://creativecommons.org/licenses/by/4.0/,https://mdpi.com/books/pdfview/book/5373,,,,,,,"Piconi, Corrado||Sprio, Simone",,,2022-05-06T11:22:46Z,2022-05-06T11:22:46Z,2022,,,,"Biomaterials—the materials used for the manufacturing of medical devices— are part of everyday life. Each one of us has likely had the experience of visting a dentist’s office, where a number of biomaterials are used temporarily or permanently in the mouth. Devices that are more complex are used for to support, heal, or replace living tissues or organs in the body that are suffering or compromised by different conditions. The materials used in their construction are metals and metallic alloys, polymers—ranging from elastomers to adhesives—and ceramics.Within these three cases, there are materials that are inert in the living environment, that perform an active function, or that are dissolved and resorbed by the metabolic pathways. Biomaterials are the outcome of a dynamic field of research that is driven by a growing demand and by the competition among the manufacturers of medical devices, with innovations improving the performance of existing devices and that contribute to the development of new ones. The collection of papers forming this volume have one particular class of of biomaterial in common, ceramic (bioceramic) composites, which as so far been used in applications such as orthopaedic joint replacement as well as in dental implants and restorations and that is being intensively investigated for bone regeneration applications. Today’s bioceramic composites (alumina–zirconia) are the golden standard in joint replacements. Several manufracturers have proposed different zirconia–alumina composites for use in hip, knee, and shoulder joint replacements, with several other innovative devices also being under study. In addition, bioceramic composites with innovative compositions are under development and will be on the market in years to come. Something that is especially interesting is the application of bioceramic composites in the regeneration of bone tissues. Research has devoted special attention to the doping of well-known materials (i.e., calcium phosphates and silicates) with bioactive ions, aiming to enhance the osteogenic ability and bioresorbability of man-made grafts. Moreover, high expectations rely on hybrid biopolymer/ceramic materials that mimic the complex composition and multiscale structure of bone tissue.","Made available in DSpace on 2022-05-06T11:22:46Z (GMT). No. of bitstreams: 1
Bioceramic_Composites.jpg: 257432 bytes, checksum: 919e75681bddbb367d2a74790abd10a9 (MD5)
  Previous issue date: 2022",,,,ONIX_20220506_9783036536330_97,,,,,,https://directory.doabooks.org/handle/20.500.12854/81031,,English[eng],,,,,,,,,,,,,,,,,,,,,,,,"thema EDItEUR::T Technology, Engineering, Agriculture, Industrial processes::TB Technology: general issues||thema EDItEUR::T Technology, Engineering, Agriculture, Industrial processes::TB Technology: general issues::TBX History of engineering and technology",biomaterials||bone grafts||bone repair||dental implants||scaffolds||alumina||zirconia||Alumina-Toughened Zirconia||Zirconia-Toughened Alumina||hip arthroplasty||calcium phosphates||hydroxyapatite||bone cements||bioactive composites||bone regeneration||zirconia–alumina composite||stabilizing oxides||critical grain size||tetragonality||mechanical properties||fracture toughness||flexural strength||ceramic additive manufacturing||DLP||bioceramics||calcium phosphate||carbon fibers||mineralization||zirconia-toughened alumina||phase transformation||Raman spectroscopy||calcium-based biomineralization||hydroxyapatite nanoparticles||biomimicry||multifunctional materials||Freeze Foam||hybrid bone||biocompatibility||bone replacement||transformation toughening||platelet reinforcement||hip||alumina matrix composite||AMC||hip prosthesis||prosthesis||case series||ceramic-on-ceramic||n/a,,Bioceramic Composites,,book,,,,,,,,,,,Archived,,,,,,,,10.3390/books978-3-0365-3634-7,,,228,,Basel,,,,,,,,,MDPI - Multidisciplinary Digital Publishing Institute,,9783036536330||9783036536347,,,,,,,,,,,,,,,,,,,,,,,,,,,,,,,,,,,,,,
d98606ac-8a57-40ff-b83c-7d53907c913a,20.500.12854/6,Archived,https://mdpi.com/books/pdfview/book/6935,,9.78E+12,https://creativecommons.org/licenses/by/4.0/,https://mdpi.com/books/pdfview/book/6935,,,,,,,"Danti, Serena||Negrini, Nicola Contessi||Franchi, Alessandro",,,2023-04-05T12:56:59Z,2023-04-05T12:56:59Z,2023,,,,"This reprint focuses on fundamental and applied research involving the combination of biomaterials and cancer cells to develop a three-dimensional (3D) tumor microenvironment in vitro, in which carcinogenesis mechanisms can be studied and therapies can be screened. Such models are becoming quite popular within the bioengineering community; thus, many technologies are being tested to obtain the best scaffold for each tumor. In any case, only a tight interaction of bioengineers with cancer biologists and oncologists can make such 3D models progress, with them finally reaching a clinical relevance. On the other hand, the medical community is approaching simpler 3D in vitro models not provided with sufficient extracellular matrix biomimicry, such as spheroids and organoids, which may not be self-exhaustive; therefore, cancer researchers could benefit from closer contact with bioengineers. The aim of this reprint is to help generate shared knowledge and promote strong interdisciplinary collaboration with the ultimate goal of contributing to the acceleration of the discovery and validation of more precise therapies to fight cancer.","Made available in DSpace on 2023-04-05T12:56:59Z (GMT). No. of bitstreams: 1
BiomaterialAssisted_3D_In_Vitro_Tumor_Models_From_Organoid_towards_Cancer_Tissue_Engineering_Approaches.jpg?v1680526425: 213389 bytes, checksum: 422e362087d7c5858a58bd9be82dbd63 (MD5)
  Previous issue date: 2023",,,,ONIX_20230405_9783036568423_161,,,,,,https://directory.doabooks.org/handle/20.500.12854/98882,,English[eng],,,,,,,,,,,,,,,,,,,,,,,,thema EDItEUR::M Medicine and Nursing||thema EDItEUR::M Medicine and Nursing::MJ Clinical and internal medicine::MJC Diseases and disorders::MJCL Oncology,biomaterials||tissue engineering||3D cell culture||cancer cells||bioprinting||breast cancer||metastasis||bone||3D modeling||tumor microenvironment||extracellular matrix||3D printing||3D bioprinting||bone cancer||calcium phosphates||bone model||orthopedics||EGFR||trafficking||degradation||self-assembling peptides||3D culture||pancreatic ductal adenocarcinoma||PDAC||drug resistance||3D tumor model||3D microfiber||amoeboid cell migration||brain cancer||PTEN||RHO||ROCK||durotaxis||topotaxis||pancreatic cancer||tumour microenvironment (TME)||treatment resistance||radiotherapy||radiation||radioprotection||hypoxia||polyurethane scaffolds||extracellular matrix (ECM)||HIF-1a||PANC-1||organoids||tumour heterogeneity||colorectal neoplasms||clonal evolution||longitudinal imaging||neoplasm recurrence||cell lineage||self-renewal||cell culture techniques||3D cancer models||immunotherapies||tumor escape mechanisms||epithelial ovarian cancer||3D in vitro model||chemotherapy||Cisplatin||spheroids||hydrogels||polymeric scaffolds||A2780||SK-OV-3||fused deposition modeling||cancer tissue engineering||in vitro model||mechanical properties||mesenchymal stromal cell||bone matrix||personalized therapy||scaffold||primary cancer cells||experimental models||screening||3Rs||tumour modelling||polyhydroxyalkanoates (PHAs)||colon cancer||epithelial-mesenchymal transition (EMT)||scaffolds||3D||three-dimensional||model||ovarian||cancer||patient-derived||personalised||n/a,,Biomaterial-Assisted 3D In Vitro Tumor Models: From Organoid towards Cancer Tissue Engineering Approaches,,book,,,,,,,,,,,Archived,,,,,,,,10.3390/books978-3-0365-6843-0,,,312,,Basel,,,,,,,,,MDPI - Multidisciplinary Digital Publishing Institute,,9783036568423||9783036568430,,,,,,,,,,,,,,,,,,,,,,,,,,,,,,,,,,,,,,
711e4990-193a-4633-b2ff-2117e9148272,20.500.12854/6,Archived,https://mdpi.com/books/pdfview/book/9813,,9.78E+12,https://creativecommons.org/licenses/by/4.0/,,,,,,,,"Ardelean, Lavinia Cosmina||Rusu, Laura-Cristina",,,2025-02-20T12:56:34Z,2025-02-20T12:56:34Z,2024,,,,"This reprint is of interest to scholars and researchers in the field of dental biomaterials and biotechnologies and provides information on the current challenges and future directions in this domain. It compiles a total of thirteen cutting-edge research and extensive review articles demonstrating the great potential of novel, high-quality biomaterials and biotechnologies and their ultimate impact on the quality of life for dental patients.","Made available in DSpace on 2025-02-20T12:56:34Z (GMT). No. of bitstreams: 1
Advanced_Biomaterials_and_Biotechnology_Applications_in_Dental_Medicine.jpg?v=1739876927: 16353 bytes, checksum: ff66615c0699e330990d52d2fde40955 (MD5)
  Previous issue date: 2024",,,,ONIX_20250220_9783725820061_70,,,,,,https://directory.doabooks.org/handle/20.500.12854/152706,,English[eng],,,,,,,,,,,,,,,,,,,,,,,,thema EDItEUR::M Medicine and Nursing||thema EDItEUR::M Medicine and Nursing::MN Surgery,titanium oxide||UV-photofunctionalization||implant osteointegration||AFM||Runx2||ALP||orthodontics||lingual retainer||electrochemical corrosion||pitting corrosion||current density||corrosion rate||polarization curve||cellulose scaffolds||plant-based polymer||three-dimensional cellulose||tissue engineering||dental resins||compression test||tensile modulus||3D print||dentistry||3D printing||dental restorations||color stability||surface preparation||polishing||varnishing||red wine||coffee||osseointegration||surface||coating||dental implant||titanium||treatment surface||peri-implant health||implant stability||bacterial adhesion||marginal bone level||resin||dental LT clear||artificial aging||compression||metal nanoparticles||silver||biofilms||periodontal diseases||anti-bacterial agents||humans||dental nanocomposite resins||quaternary ammonium compounds||organomodified nanosilica||clay nanoparticles||nanotechnology||adhesive remnant index||antibacterial effect||corrosion resistance||demineralization||shear bond strength||white spots||endodontic obturation||obturation technique||sealers’ penetration depth||dentin tubule penetration||confocal laser scanning microscope||Ti-6Al-4V||corrosion||EIS||SEM||electrospinning||nanofibers||PCL||dental implant abutment screw||titanium alloy||titanium nitride coating||failure||fracture||loosening||unscrewing,,Advanced Biomaterials and Biotechnology,Applications in Dental Medicine,book,,,,,,,,,,,Archived,,,,,,,,10.3390/books978-3-7258-2005-4,,,216,,Basel,,,,,,,,,MDPI - Multidisciplinary Digital Publishing Institute,,9783725820061||9783725820054,,,,,,,,,,,,,,,,,,,,,,,,,,,,,,,,,,,,,,
9ca00d36-a667-428d-b3b1-01739c0736f6,20.500.12854/6,Archived,https://mdpi.com/books/pdfview/book/7694,,9.78E+12,https://creativecommons.org/licenses/by/4.0/,https://mdpi.com/books/pdfview/book/7694,,,,,,,"Roy, Swarup||Siracusa, Valentina",,,2023-08-08T15:28:08Z,2023-08-08T15:28:08Z,2023,,,,The aim of this reprint is to provide more awareness of the use of biobased polymers and biomaterials in numerous aspects of our daily-used items. This reprint presents recent progress in the preparation of biobased composite materials utilizing biopolymers and biomaterials for potential multifaceted applications.,"Made available in DSpace on 2023-08-08T15:28:08Z (GMT). No. of bitstreams: 1
Multifunctional_Application_of_Biopolymers_and_Biomaterials.jpg: 52454 bytes, checksum: 218a0c51933813faae66bfbb329e2125 (MD5)
  Previous issue date: 2023",,,,ONIX_20230808_9783036581774_74,,,,,,https://directory.doabooks.org/handle/20.500.12854/112568,,English[eng],,,,,,,,,,,,,,,,,,,,,,,,"thema EDItEUR::G Reference, Information and Interdisciplinary subjects::GP Research and information: general||thema EDItEUR::P Mathematics and Science::PN Chemistry",biopolymers||intelligent food packaging||bioactive natural compounds||biodegradable||shelf-life||sustainability||alginate||drug delivery system||formulations||administration route||controlled release||wound healing||extraction methods||biopolymer blend electrolyte||EIS and FTIR||ion transport parameters||complex permittivity||LSV and TNM measurements||chitosan||natural polymer||biomedical applications||drug delivery||tissue engineering||gelatine hydrogel||laccase detection||inhibitor screening||substrate specificity screening||storage stability||microbial cultivation||hydrogel dressings||licorice root extract||silver nanoparticles||wettability||cytotoxicity||tensile strength||sorption ability||natural gums||polysaccharides||edible polymers||coating and film||active packaging||curcumin nanoemulsion||cheese||ultrasound||SEM||self-life and sensory analysis||biomimetic materials||bone defect||chemical elements||polymers||phosphate adsorption||zeolite||ZrO||Fe3O4||Box–Behnken design||mechanical stability||oxygen delivery||cardioplegic solution||α-cyclodextrin||cyclic nigerosyl-nigerose||nanosponges||prolonged release||hypothermia||organ transplantation||organ explantation||n/a,,Multifunctional Application of Biopolymers and Biomaterials,,book,,,,,,,,,,,Archived,,,,,,,,10.3390/books978-3-0365-8176-7,,,286,,Basel,,,,,,,,,MDPI - Multidisciplinary Digital Publishing Institute,,9783036581774||9783036581767,,,,,,,,,,,,,,,,,,,,,,,,,,,,,,,,,,,,,,
e2812ed4-fc4c-40e6-9157-d797c4fb5a35,20.500.12854/6,Archived,https://mts.intechopen.com/storage/books/5907/authors_book/authors_book.pdf,,9.78E+12,https://creativecommons.org/licenses/by/3.0/,https://www.intechopen.com/books/5907,,,,,,,"Sharma, Rakesh",,,2023-12-01T17:29:48Z,2023-12-01T17:29:48Z,2018,,,,"Stem Cells in Clinical Practice and Tissue Engineering is a concise book on applied methods of stem cell differentiation and optimization using tissue engineering methods. These methods offer immediate use in clinical regenerative medicine. The present volume will serve the purpose of applied stem cell differentiation optimization methods in clinical research projects, as well as be useful to relatively experienced stem cell scientists and clinicians who might wish to develop their stem cell clinical centers or research labs further. Chapters are arranged in the order of basic concepts of stem cell differentiation, clinical applications of pluripotent stem cells in skin, cardiac, bone, dental, obesity centers, followed by tissue engineering, new materials used, and overall evaluation with their permitted legal status.","Made available in DSpace on 2023-12-01T17:29:48Z (GMT). No. of bitstreams: 1
web_image.jpg: 68948 bytes, checksum: 1200202993a734847a0b5dd21cf78030 (MD5)
  Previous issue date: 2018",,,,ONIX_20231201_9781789230116_1518,,,,,,https://directory.doabooks.org/handle/20.500.12854/130409,,English[eng],,,,,,,,,,,,,,,,,,,,,,,,"thema EDItEUR::P Mathematics and Science::PS Biology, life sciences::PSF Cellular biology (cytology)","regenerative medicine, transplantation, scaffolds, stem cell niche, nk cells, biomaterials",,Stem Cells in Clinical Practice and Tissue Engineering,,book,,,,,,,,,,,Archived,,,,,,,,10.5772/65995,,IntechOpen,352,,,,,,,,,,,IntechOpen,,9781789230116||9781789230109||9781838812560,,,,,,,,,,,,,,,,,,,,,,,,,,,,,,,,,,,,,,
865bfefa-5d07-46d8-bf39-541a1a6bc1da,20.500.12854/6,Archived,https://mts.intechopen.com/storage/books/42/authors_book/authors_book.pdf,,9.79E+12,https://creativecommons.org/licenses/by-nc-sa/3.0/,https://www.intechopen.com/books,,,,,,,"George, Anne",,,2021-04-20T15:06:19Z,2021-04-20T15:06:19Z,2011,,,,"The interaction between cells, tissues and biomaterial surfaces are the highlights of the book ""Advances in Biomimetics"". In this regard the effect of nanostructures and nanotopographies and their effect on the development of a new generation of biomaterials including advanced multifunctional scaffolds for tissue engineering are discussed. The 2 volumes contain articles that cover a wide spectrum of subject matter such as different aspects of the development of scaffolds and coatings with enhanced performance and bioactivity, including investigations of material surface-cell interactions.","Made available in DSpace on 2021-04-20T15:06:19Z (GMT). No. of bitstreams: 1
web_image.jpg: 76665 bytes, checksum: 6abbcb3dfb00ee8226c3241569a014a6 (MD5)
  Previous issue date: 2011",,,,ONIX_20210420_9789533071916_337,,,,,,https://directory.doabooks.org/handle/20.500.12854/64981,,English[eng],,,,,,,,,,,,,,,,,,,,,,,,"thema EDItEUR::T Technology, Engineering, Agriculture, Industrial processes::TC Biochemical engineering::TCB Biotechnology",Biotechnology,,Advances in Biomimetics,,book,,,,,,,,,,,Archived,,,,,,,,10.5772/574,,IntechOpen,534,,,,,,,,,,,IntechOpen,,9789533071916||9789535160069,,,,,,,,,,,,,,,,,,,,,,,,,,,,,,,,,,,,,,
064e3633-b9ce-4d67-a9f2-e8aaa197fb32,20.500.12854/6,Archived,https://mdpi.com/books/pdfview/book/6652,,9.78E+12,https://creativecommons.org/licenses/by/4.0/,https://mdpi.com/books/pdfview/book/6652,,,,,,,"Yoon, Sik",,,2023-02-02T16:42:02Z,2023-02-02T16:42:02Z,2023,,,,"Biomimetic polymers and materials have been widely used in a variety of biomedical and pharmacological applications. Particularly, collagen-based biomaterials have been extensively applied in various biomedical fields, such as scaffolds in tissue engineering. However, there are many challenges associated with the use of mammalian collagen, including the issues of religious constrains, allergic or autoimmune reactions, and the spread of animal diseases. Over the past few decades, marine collagen (MC) has emerged as a promising biomaterial for biomedical and pharmacological applications. Marine organisms are a rich source of structurally novel and biologically active compounds, and to date, many biological components have been isolated from various marine resources. MC offers advantages over mammalian collagen due to its water solubility, low immunogenicity, safety, biocompatibility, antimicrobial activity, functionality, and low production costs. Due to its characteristics and physicobiochemical properties, it has tremendous potential for use as a scaffold biomaterial in tissue engineering and regenerative medicine, in drug delivery systems, and as a therapeutic. In this Special Issue, we encourage submissions related to the recent developments, advancements, trends, challenges, and future perspectives in this new research field. We expect to receive contributions from different areas of multidisciplinary research, including—but not restricted to—extraction, purification, characterization, fabrication, and experimentation of MC, with a particular focus on their biotechnological, biomedical and pharmacological uses.","Made available in DSpace on 2023-02-02T16:42:02Z (GMT). No. of bitstreams: 1
Biomedical_and_Pharmacological_Applications_of_Marine_Collagen.jpg: 172975 bytes, checksum: cb7eea96f06a2b9fe08a51af8b70a177 (MD5)
  Previous issue date: 2023",,,,ONIX_20230202_9783036563527_108,,,,,,https://directory.doabooks.org/handle/20.500.12854/96707,,English[eng],,,,,,,,,,,,,,,,,,,,,,,,"thema EDItEUR::T Technology, Engineering, Agriculture, Industrial processes::TB Technology: general issues||thema EDItEUR::T Technology, Engineering, Agriculture, Industrial processes::TB Technology: general issues::TBX History of engineering and technology","porifera||demosponges||biomaterial||collagen||spongin||wound healing||lizardfish scale||marine collagen||thermal stability||cell viability||biomechanical properties||collagen membrane||AFM||SEM||tensile test||giant squid||Dosidicus Gigas||jumbo squid||outer tunic||tissue engineering||peptidase||the MEROPS S8 family||bovine bone collagen||oligopeptides||hydrolysate||cisplatin||fish collagen peptides||thymic epithelial cells||reactive oxygen species||apoptosis||MAPK (p38 MAPK, JNK, and ERK) pathway||carbonated hydroxyapatite||fishery by-product||3D scaffold||bone regeneration||blacktip skin collagens||amino acid profile||protein pattern||microstructure||Col-TPU composite nanofiber membranes||electrospinning||mechanical properties||stromal vascular fraction||vascularization||blue shark skin collagen||3D constructs",,Biomedical and Pharmacological Applications of Marine Collagen,,book,,,,,,,,,,,Archived,,,,,,,,10.3390/books978-3-0365-6353-4,,,184,,Basel,,,,,,,,,MDPI - Multidisciplinary Digital Publishing Institute,,9783036563527||9783036563534,,,,,,,,,,,,,,,,,,,,,,,,,,,,,,,,,,,,,,
caf5ff0e-f1ef-4b30-91e2-9c535d14df75,20.500.12854/12,Archived,https://library.oapen.org/bitstream/20.500.12657/49096/1/44656.pdf||https://library.oapen.org/bitstream/20.500.12657/49096/1/44656.pdf,,,https://creativecommons.org/licenses/by/3.0/||https://creativecommons.org/licenses/by/3.0/,,,,,,,"Arnal-Pastor, M.||Carlos Chachques, Juan||Vallés-Lluch, Ana||Monleón Pradas, M.",,,,2021-02-10T12:58:18Z,,2013,2021-06-02T10:06:52Z,,,Semiotics / semiology,Item created via OAI harvest from source: https://library.oapen.org/oai/doab-migration on 2021-11-24T04:11:16Z (GMT).  Item's OAI Record identifier: oai:library.oapen.org:20.500.12657/49096,,,,ONIX_20210602_10.5772/56076_210||https://library.oapen.org/handle/20.500.12657/49096,,,,,,https://directory.doabooks.org/handle/20.500.12854/70194,,English[eng],,,,,,,,,,,,FP7-NMP-2008-SMALL-2,,,,open access,,,,,,,,"thema EDItEUR::G Reference, Information and Interdisciplinary subjects::GT Interdisciplinary studies::GTD Semiotics / semiology","Reference, information & interdisciplinary subjects",,Chapter Biomaterials for Cardiac Tissue Engineering,,chapter,,,,,,,,,,,Archived,,,,,,,,10.5772/56076,,,,,,,,,,,,,,InTechOpen,,,,,,,,,,,,,,,,,,,,,,,,,,,,,,,,,,,,,,,,
eb2ce86b-e4c0-4990-97fd-fe81dd126676,20.500.12854/6,Archived,https://mdpi.com/books/pdfview/book/9189,,9.78E+12,https://creativecommons.org/licenses/by-nc-nd/4.0/,https://mdpi.com/books/pdfview/book/9189,,,,,,,"Baltatu, Madalina Simona||Vizureanu, Petrica||Sandu, Andrei Victor",,,2024-05-14T14:57:47Z,2024-05-14T14:57:47Z,2024,,,,"In this Special Issue entitled “Advances in New Functional Biomaterials for Medical Applications”, we present a remarkable compilation of research that spans the innovative landscape of biomaterials tailored to enhance medical treatments, diagnostics, and tissue engineering.","Made available in DSpace on 2024-05-14T14:57:47Z (GMT). No. of bitstreams: 1
Advances_in_New_Functional_Biomaterials_for_Medical_Applications.jpg?v=1714983955: 47471 bytes, checksum: d67df15335d7c05e172d3b9b5bc4b084 (MD5)
  Previous issue date: 2024",,,,ONIX_20240514_9783725809622_540,,,,,,https://directory.doabooks.org/handle/20.500.12854/137925,,English[eng],,,,,,,,,,,,,,,,,,,,,,,,"thema EDItEUR::T Technology, Engineering, Agriculture, Industrial processes::TD Industrial chemistry and manufacturing technologies::TDC Industrial chemistry and chemical engineering::TDCW Pharmaceutical chemistry and technology",architected materials||lattice structures||additive manufacturing||optimization||osseointegration||hydroxyapatite||strontium||solid-state synthesis||PXRD||FTIR||Raman||magnesium||biodegradable||PLLA||transcatheter arterial chemoembolization||corrosion||CoBlastTM||plasma spray||barium titanate||whiskers||hexagonal rods||calcium lactate pentahydrate||hydrothermal synthesis||biomaterials||apatite-wollastonite glass ceramic||bioactivity||spray pyrolysis||biocompatibility||nanoscale metal–organic frameworks||protein||theranostics||galactomannan||chitosan||polymeric blend||bioceramics||zinc alloys||mechanical alloying||anodic oxidation||surface energy||brushite cement||phase composition||setting time||compressive strength||n/a,,Advances in New Functional Biomaterials for Medical Applications,,book,,,,,,,,,,,Archived,,,,,,,,10.3390/books978-3-7258-0961-5,,,166,,,,,,,,,,,MDPI - Multidisciplinary Digital Publishing Institute,,9783725809622||9783725809615,,,,,,,,,,,,,,,,,,,,,,,,,,,,,,,,,,,,,,
e82b6a59-a165-46a5-8cb1-6c09c79725c3,20.500.12854/6,Archived,https://mdpi.com/books/pdfview/book/6817,,9.78E+12,https://creativecommons.org/licenses/by/4.0/,,,,,,,,"Brzeziński, Marek||Baśko, Małgorzata",,,2023-03-07T16:31:43Z,2023-03-07T16:31:43Z,2023,,,,"This reprint focuses on PLA-based materials and the modification of their properties for biomedical applications. Special emphasis is placed on the supramolecular strategies that lead to unique structures in the micro- or nanoscale. The development and testing of novel biomaterials as drug delivery carriers, implants, or tissue engineering scaffolds are of particular interest. Special attention is given to understanding the structure–properties relationship, since this allows for the development of the most effective biocompatible materials.","Made available in DSpace on 2023-03-07T16:31:43Z (GMT). No. of bitstreams: 1
PolylactideBased_Materials_Synthesis_and_Biomedical_Applications.jpg: 245720 bytes, checksum: dca8cd68403ee879e971dfae5e3d3f15 (MD5)
  Previous issue date: 2023",,,,ONIX_20230307_9783036561264_71,,,,,,https://directory.doabooks.org/handle/20.500.12854/98061,,English[eng],,,,,,,,,,,,,,,,,,,,,,,,"thema EDItEUR::G Reference, Information and Interdisciplinary subjects::GP Research and information: general||thema EDItEUR::P Mathematics and Science::PS Biology, life sciences",polylactide||composites||supramolecular interactions||crystallization||cyclodextrin||drug delivery systems||controlled release||poly(lactic acid)||crosslinking||photo-crosslinking||irradiation||electron-beam||gamma rays||starch||reactive blending||plasticization||compatibilization||poly(lactide)||poly(ethylene glycol)||block copolymers||self-assembly||nanoparticles||anticancer agent||biomaterials||polyesters||polymer blends||copolymers||biodegradable materials||bone regeneration||mechanical properties||glass fibres||polylactide nonwovens||electrospinning||reinforced fibers||MWCNT||linear ladder-like poly(silsesquioxane)||stereocomplex||biodegradable polymers||drug delivery system||biomedical applications||poly(L-lactide)||star poly(L-lactide)||shear-induced crystallization||crystallinity||fibrillar nuclei||biocompatibility||biodegradation||biomaterial||polylactide-based materials||polymer||scanning electron microscopy||composite scaffold||guide tissue engineering||polylactic acid (PLA) nanofibers||zirconium ceramic||PLLA coating||dual drug delivery||spiral ganglion neuron||impedance measurements||cochlear implant||diclofenac||chemical modification||graft copolymers||biomedical and environmental applications||functionalized polymers||silylated PLA||crosslinking in situ||hybrid network||soft tissues regeneration||polylactic acid||sesbania gum||ammonium polyphosphate||flame retardancy||polyester biomaterials||PLLA||PCL||PHBV||PLA-based materials||drug delivery||paclitaxel resistance||metastasis||lung cancer||anoikis||PLA nanoparticles||Leishmania major||recombinant histone H2B||vaccine adjuvant||parasite’ challenge||lesion swelling||n/a,,Polylactide-Based Materials: Synthesis and Biomedical Applications,,book,,,,,,,,,,,Archived,,,,,,,,10.3390/books978-3-0365-6641-2,,,376,,Basel,,,,,,,,,MDPI - Multidisciplinary Digital Publishing Institute,,9783036561264||9783036566412,,,,,,,,,,,,,,,,,,,,,,,,,,,,,,,,,,,,,,
af92f489-45b9-4ec9-89c6-61989258eda7,20.500.12854/6,Archived,https://mdpi.com/books/pdfview/book/2138,,,https://creativecommons.org/licenses/by-nc-nd/4.0/,,,,,,,"Kowalczuk, Marek M.",,,,2021-02-11T16:35:36Z,2021-02-11T16:35:36Z,2020,07/04/2020 23:07,,,"Biocompatibility refers to the ability of a biomaterial to perform its desired function with respect to a medical therapy, without eliciting any undesirable local or systemic effects in the recipient or beneficiary of that therapy, but generating the most appropriate beneficial cellular or tissue response in that specific situation, and optimizing the clinically relevant performance of that therapy, which reflects current developments in the area of intrinsically biocompatible polymer systems. Polymeric biomaterials are presently used as, for example, long-term implantable medical devices, degradable implantable systems, transient invasive intravascular devices, and, recently, as tissue engineering scaffolds. This Special Issue welcomes full papers and short communications highlighting the aspects of the current trends in the area of intrinsically biocompatible polymer systems.","Made available in DSpace on 2021-02-11T16:35:36Z (GMT). No. of bitstreams: 1
Intrinsically_Biocompatible_Polymer_Systems.jpg?v1586291301: 183428 bytes, checksum: 9c06091c1816e5f9f1944d2df9c35197 (MD5)
  Previous issue date: 2020",,,,44861,,,,,,https://directory.doabooks.org/handle/20.500.12854/50582,,English[eng],,,,,,,,,,,,,,,,,,,,,,,TA1-2040||T1-995||TA401-492,"thema EDItEUR::T Technology, Engineering, Agriculture, Industrial processes::TB Technology: general issues::TBX History of engineering and technology",n/a||hemocompatibility||tissue engineering||biocompatible nanoparticles||enzymatic polymerization||hyaluronan derivatives||food-supplement||X-ray microtomography||water sorption||degradation||drug delivery||ion-releasing materials||HepaRG cells||silk fibroin||poly(benzyl malate)||hyaluronan applications||pluronic F127||thermal properties||cyclohexanone||solution behavior||In vitro biosafety||cosmetic||osteoblasts||chemical polymerization||temporin||electrospraying||biodegradability||cancer diagnosis||extraction||contrast agent||mechanical properties||biocompatible polymers||ATRP||biodegradable nano/microparticles||hydrolytic degradation||physicochemical properties||PEEK copolymer synthesis||cell uptake||nanohydroxyapatite||ionic liquids||Chitosan||crosslinking||bone tunnel enlargement||porous beads||drug delivery systems||biological activity||PEEK composite||activation energy of thermal decomposition||citropin||MRI||biodegradable polymers||chitooligosaccharide||PHB||human macrophages||hyaluronic acid||scaffolds||Spine cage application||physico-chemical properties||shrinkage stress||polyurethane||polyhydroxyalkanoates||SPION||cytotoxicity||septic arthritis||hydroscopic expansion||hyaluronan synthases||?-butyrolactone||folate receptor||molecular weight||photoelastic investigation||functionalization||star polymers||saliva||controlled release||chloroform||release characteristics||konjac glucomannan||microcarriers||anterior cruciate ligament reconstruction||hyaluronidases||biopolymers||polylactide||Poly (l-lactic) acid||antimicrobial peptides,,Intrinsically Biocompatible Polymer Systems,,book,,,,,,,,,,,Archived,,,1st,,,,,10.3390/books978-3-03928-421-4,,,270,,,,,,,,,,,MDPI - Multidisciplinary Digital Publishing Institute,,9783039284214||9783039284207,,,,,,,,,,,,,,,,,,,,,,,,,,,,,,,,,,,,,,
6ac07925-06de-400c-9f7e-019714ad4668,20.500.12854/6,Archived,https://mdpi.com/books/pdfview/book/1785,,,https://creativecommons.org/licenses/by-nc-nd/4.0/,,,,,,,"Reis, Rui L.||Oliveira, Joaquim Miguel",,,,2021-02-12T05:58:41Z,2021-02-12T05:58:41Z,2019,09/12/2019 11:49,,,"[This book focus on the most recent advances related to the design and processing methods of different nanobiomaterials, films, and fibers; surface functionalization strategies, including biological performance assessment and cytocompatibility; and their applications in tissue engineering strategies.]","Made available in DSpace on 2021-02-12T05:58:41Z (GMT). No. of bitstreams: 1
Tissue_Engineering_and_Regenerative_Nanomedicine.jpg?v1575886829: 57663 bytes, checksum: b63316a85d54126011cd8afed3187ef6 (MD5)
  Previous issue date: 2019",,,,42630,,,,,,https://directory.doabooks.org/handle/20.500.12854/60954,,English[eng],,,,,,,,,,,,,,,,,,,,,,,TA1-2040||T1-995,"thema EDItEUR::T Technology, Engineering, Agriculture, Industrial processes::TB Technology: general issues::TBX History of engineering and technology",antibacterial activity||tissue engineering||biomaterials fabrication||regeneration||Gadolinium chelate||MRI||cell sheet||drug delivery||magnetic nanoparticles||graphene||silk fibroin||titania nanotubes||biointegration||anodic oxidation||protein||nanotechnology||bone regeneration||osteoclastogenesis||dental stem cells||mimetic peptide||epithelial-mesenchymal interactions||cornea endothelial cells||wound healing||antibacterial properties||nanomaterials||medicine||RANK-RANKL-OPG||nanofibers||odontogenic cells||lysophosphatidic acid||photocatalytic activity||dental enamel regeneration||dental implant,,Tissue Engineering and Regenerative Nanomedicine,,book,,,,,,,,,,,Archived,,,1st,,,,,10.3390/books978-3-03921-657-4,,,126,,,,,,,,,,,MDPI - Multidisciplinary Digital Publishing Institute,,9783039216574||9783039216567,,,,,,,,,,,,,,,,,,,,,,,,,,,,,,,,,,,,,,
0ffb9453-d0b1-474f-95de-e12e731a5bee,20.500.12854/6,Archived,https://mdpi.com/books/pdfview/book/7278,,9.78E+12,https://creativecommons.org/licenses/by/4.0/,https://mdpi.com/books/pdfview/book/7278,,,,,,,"Wang, Yanen||Wei, Qinghua",,,2023-06-23T09:44:56Z,2023-06-23T09:44:56Z,2023,,,,"This is a reprint of articles from the Special Issue published online in the open access journal Gels (ISSN 2310-2861). This reprint focuses on the modification of hydrogels and their applications in biomedical engineering, aiming to provide a reference for scholars in related fields. It mainly involves the applications of hydrogels in biomedical fields such as phantoms, wound healing, skin, cartilage, muscle, and drug loading. We believe this reprint can provide a valuable reference for scientific and technological workers in the fields of materials science, tissue engineering, biological manufacturing, biomedical engineering, and so on.","Made available in DSpace on 2023-06-23T09:44:56Z (GMT). No. of bitstreams: 1
Modification_of_Hydrogels_and_Their_Applications_in_Biomedical_Engineering.jpg: 59266 bytes, checksum: 364c6e4f869f8e71158ab0354af7c25c (MD5)
  Previous issue date: 2023",,,,ONIX_20230623_9783036576756_47,,,,,,https://directory.doabooks.org/handle/20.500.12854/100815,,English[eng],,,,,,,,,,,,,,,,,,,,,,,,"thema EDItEUR::T Technology, Engineering, Agriculture, Industrial processes::TB Technology: general issues||thema EDItEUR::T Technology, Engineering, Agriculture, Industrial processes::TB Technology: general issues::TBX History of engineering and technology||thema EDItEUR::T Technology, Engineering, Agriculture, Industrial processes::TG Mechanical engineering and materials::TGM Materials science",dynamic mechanical analysis||hardness||hydrogels||materials||mimicking||soft tissues||tissue scaffolding||viscoelasticity||Warner–Braztler shear test||hydrogel beads||Taguchi’s method||Grey relational analysis||drug delivery system||semi-IPN||hydrogel||drug delivery||wound healing||adipose mesenchymal stromal cells||chondrogenic differentiation||RGD motif||hydrogel characterization||cartilage regeneration||horseradish peroxidase||myoblast||skeletal muscle||tissue engineering||gelatin||PNIPAM||smart polymer||biomaterial||ceramic||freeze-drying||polymer||tissue||fibroblast growth factor-2||growth factor||hyaluronic acid-collagen hybrid hydrogel||platelet-derived growth factor-BB||pulp regeneration||phytosomes||tobacco leaf||polyurethane-62||reactive oxygen species||shape memory gel||hydrogel sheet dressings||poly(vinyl alcohol)||silver nanoparticles||electron beam irradiation||antibacterial||conductivity||self-healing properties||mechanical properties||biocompatibility||hydrogel electronic skin||n/a,,Modification of Hydrogels and Their Applications in Biomedical Engineering,,book,,,,,,,,,,,Archived,,,,,,,,10.3390/books978-3-0365-7674-9,,,230,,Basel,,,,,,,,,MDPI - Multidisciplinary Digital Publishing Institute,,9783036576756||9783036576749,,,,,,,,,,,,,,,,,,,,,,,,,,,,,,,,,,,,,,
58977644-09e9-4eaf-b5e1-c17c57a80a22,20.500.12854/6,Archived,https://mdpi.com/books/pdfview/book/1810,,,https://creativecommons.org/licenses/by-nc-nd/4.0/,,,,,,,"Spee, Bart||Van der Laan, Luc J.W.||Verstegen, Monique M. A.",,,,2021-02-11T09:07:53Z,2021-02-11T09:07:53Z,2019,09/12/2019 11:49,,,"The aim of this Special Issue is to review, understand, and evaluate new and exciting opportunities from the field on regenerative medicine, biomaterials, and stem cell research for the bioengineering of human liver grafts that can be applied for transplantation and personalized treatment of end-stage liver disease.The development of culture conditions for long-term expansion of LGR5+ intestinal stem cells as crypt-villus structures demonstrated the feasibility of deriving complex, organ-like structures in vitro from primary adult tissues, including the liver. Moreover, human pluripotent stem cells (hPSCs) can be applied to generate functionally maturated liver and bile duct epithelial cells.In this Special Issue, we welcome reviews and original papers focussing on hepatic cell sources, including adult hepatic stem cells, organoids, fetal and induced pluripotent stem cells, and primary cells (i.e., hepatocytes, cholangiocytes, and endothelial cells) and how these cells can be applied in tissue engineering strategies to generate implantable and personalized liver grafts. Potential topics include, but are not limited to, the following: liver tissue engineering, liver regeneration, graft repair, liver stem cells and organoids, bio-scaffolds, and 3D printing.We invite you to contribute original research papers, as well as comprehensive reviews, aligned with these themes, to advance and improve the actual state-of-the-art in liver bioengineering and providing new opportunities for the imminent medical problem of organ and tissue shortage for transplantation.","Made available in DSpace on 2021-02-11T09:07:53Z (GMT). No. of bitstreams: 1
Bioengineering_Liver_Transplantation.jpg?v1575886830: 42749 bytes, checksum: bd00bde96c1626c9a80cd9e6338d0c7d (MD5)
  Previous issue date: 2019",,,,42653,,,,,,https://directory.doabooks.org/handle/20.500.12854/42175,,English[eng],,,,,,,,,,,,,,,,,,,,,,,QH301-705.5||Q1-390,"thema EDItEUR::P Mathematics and Science::PS Biology, life sciences",n/a||tissue engineering||regenerative medicine||liver tissue bioengineering||additive manufacturing||copper toxicosis||hepatobiliary stent||reconditioning||medical device||liver regeneration||Wilson Disease||stem cells||preclinical large animal model||liver||stem cell transplantation||liver bioreactors||personalized medicine||direct printing||hydrogel||3D structuring||oxygen persufflation||end-stage liver diseases||3D printing||liver transplantation||bioengineered organ||randomized controlled trail,,Bioengineering Liver Transplantation,,book,,,,,,,,,,,Archived,,,1st,,,,,10.3390/books978-3-03921-745-8,,,132,,,,,,,,,,,MDPI - Multidisciplinary Digital Publishing Institute,,9783039217441||9783039217458,,,,,,,,,,,,,,,,,,,,,,,,,,,,,,,,,,,,,,
b2023fb9-9a98-4665-8639-5ba7ad30292c,20.500.12854/6,Archived,https://mts.intechopen.com/storage/books/7898/authors_book/authors_book.pdf,,9.78E+12,https://creativecommons.org/licenses/by/3.0/,https://www.intechopen.com/books/7898,,,,,,,"Nikolopoulos, Dimitrios D.||Safos, George K.||Dimitrios, Kalpaxis",,,2023-12-01T18:20:25Z,2023-12-01T18:20:25Z,2019,,,,"Osteochondral defects can be challenging to treat, first, because the damaged articular cartilage has a poor intrinsic reparative capability, and second, because these defects cause chronic pain and serious disability. That is why cartilage repair remains one of the most challenging issues of musculoskeletal medicine. Arthroscopic and open techniques that have been developed over the last two decades intend to promote the success of complete repair of the articular cartilage defects; nevertheless, these therapies cannot always offer 100% success. Nowadays, cartilage tissue engineering is an emerging technique for the regeneration of cartilage tissue. Taking into consideration these perspectives, this book aims to present a summary of cartilage tissue engineering, including development, recent progress, and major steps taken toward the regeneration of functional cartilage tissue. Special emphasis is placed on the role of stimulating factors, including growth factors, gene therapies, as well as scaffolds, including natural, synthetic, and nanostructured.","Made available in DSpace on 2023-12-01T18:20:25Z (GMT). No. of bitstreams: 1
web_image.jpg: 100637 bytes, checksum: a547686a41b4807d30d72402b61fb9ce (MD5)
  Previous issue date: 2019",,,,ONIX_20231201_9781789238501_1940,,,,,,https://directory.doabooks.org/handle/20.500.12854/130831,,English[eng],,,,,,,,,,,,,,,,,,,,,,,,thema EDItEUR::M Medicine and Nursing::MQ Nursing and ancillary services::MQW Biomedical engineering,"regenerative medicine, platelet-rich plasma, medicinal plants, epigenetics, biomaterials, stem cells",,Cartilage Tissue Engineering and Regeneration Techniques,,book,,,,,,,,,,,Archived,,,,,,,,10.5772/intechopen.77717,,IntechOpen,158,,,,,,,,,,,IntechOpen,,9781789238501||9781789238495||9781838807818,,,,,,,,,,,,,,,,,,,,,,,,,,,,,,,,,,,,,,
0a3f7638-6cc5-4731-a0fc-c47e2046c26e,20.500.12854/6,Archived,https://mdpi.com/books/pdfview/book/9201,,9.78E+12,https://creativecommons.org/licenses/by-nc-nd/4.0/,https://mdpi.com/books/pdfview/book/9201,,,,,,,"Melo, Mary Anne",,,2024-07-04T09:27:27Z,2024-07-04T09:27:27Z,2024,,,,"The continuous evolution of preventive and therapeutic strategies aims to enhance oral health outcomes. Novel approaches are being developed to prevent and treat prevalent oral diseases like dental caries, periodontitis, and oral cancer. Researchers are also exploring the potential of biomaterials in regenerative dentistry, such as promoting bone growth and repairing damaged oral tissues.The ongoing research and development in dental materials and biomaterials holds great promise for improving oral health outcomes. However, it is imperative to maintain a sustained focus on research to fully leverage their potential and effectively address the existing gaps in dental care.In the special issue titled ""Dental Biomaterials: From Fundamental Principles to Clinical Applications,"" significant findings have emerged from a variety of sources, including in vitro experiments and clinical trials. These insights have deepened our understanding of oral disease biology, resulting in the development of innovative treatment approaches like targeted drug delivery systems and gene therapy. Clinical trials have also provided evidence on the effectiveness and safety of these new treatment options.Overall, these advancements in technology and treatment offer hope for enhanced management of oral diseases. Nevertheless, it is crucial to emphasize the importance of continuous research and development in order to fully unlock the potential of these innovations and achieve significant progress in improving oral health outcomes.","Made available in DSpace on 2024-07-04T09:27:27Z (GMT). No. of bitstreams: 1
Dental_Biomaterials_From_Fundamental_Principles_to_Clinical_Applications.jpg?v=1720074031: 57135 bytes, checksum: ee2f59167ba7e8d71077d715ad935490 (MD5)
  Previous issue date: 2024",,,,ONIX_20240704_9783036577258_2,,,,,,https://directory.doabooks.org/handle/20.500.12854/139206,,English[eng],,,,,,,,,,,,,,,,,,,,,,,,"thema EDItEUR::M Medicine and Nursing||thema EDItEUR::M Medicine and Nursing::MK Medical specialties, branches of medicine::MKE Dentistry",saliva||oral regeneration||interaction||biomaterials||bone regeneration||plasma gases||zirconium oxide||surface properties||nitrogen||wettability||zirconium alloy||bioactive coating||sulfonated PEEK||electrophoretic deposition||adhesion strength||corrosion resistance||bone||mesenchymal stem cells||bone morphogenetic protein-9||tissue engineering||dental biomaterial||plasma-activated water||plasma-treated water||atmospheric plasma||gliding arc discharge||DBD||dentistry||decontamination||oral cancer||tooth bleaching||therapeutic window||silver||strontium||peri-implantitis||osseointegration||antibacterial||cytocompatible||eggshell membrane||electrospinning||guided tissue regeneration/guided bone regeneration||nanofibers||polycaprolactone||Taguchi orthogonal arrays||Sapindus mukorossi||ligature-induced periodontitis rat model||micro CT||microbiota||fibroblast||composite||PMMA||reactive oxygen spices (ROS)||glutathione||resin composite||bulk fill||pre-heating||monomer elution||porosity||dentures||DSC||FTIR||glass fibers||mechanical properties||polymer composite||polymethylmethacrylate (PMMA)||treatments||acid||base||silane||antifungal surface||Aspergillus brasiliensis||nanopillar surface||biomimetic surface||quaternary ammonium methacrylate||urethane-dimethacrylate analogue||dimethacrylate-based dental material||photocured copolymer||physicochemical property||implant abutment||biofilm||in vivo study||zirconia||PEEK||titanium||biofilm management||photofunctionalization||dental and orthopedic implants||hydrocarbon||biological aging of titanium||zirconia nanoparticles||luting cements||bond strength||film thickness||flexural strength||thermocycling||water sorption||dual-curing||dental implants||hydroxyapatite||maxilla||osteopontin||tooth extraction||TiO2 nanotube||heat treatment||non-thermal plasma treatment||biofilms||dental composites||hydrolytic stability||aging||clinical performance||urethane-dimethacrylate derivatives||anti-hydrolysis agent||CHINOX SA-1||artifact||near-infrared ray||gold nanoparticle||osteoblast||alveolar bone regeneration||anorganic bovine bone||biphasic calcium phosphate||histology||immunohistochemistry||alloplastic bone graft||alveolar bone||bone defects||bone label||bone substitute||meso-tetra(hydroxyphenyl)chlorin||ovine bone model||periodontitis||photodynamic therapy||polyfluorochromes||additive manufacturing (AM)||material selection||analytic hierarchy process (AHP)||VIKOR||multicriteria decision-making (MCDM)||material index||ranking||guided bone regeneration||alveolar ridge preservation||autologous dentin||bovine xenograft||CBCT||BMP-4||TNF-?||dental composite material||compression||non-linear behaviors||multifractality,,Dental Biomaterials: From Fundamental Principles to Clinical Applications,,book,,,,,,,,,,,Archived,,,,,,,,10.3390/books978-3-0365-7724-1,,,432,,,,,,,,,,,MDPI - Multidisciplinary Digital Publishing Institute,,9783036577258||9783036577241,,,,,,,,,,,,,,,,,,,,,,,,,,,,,,,,,,,,,,
bdbab2d7-de24-4c20-8bd6-d342dfb17c2b,20.500.12854/6,Archived,https://mdpi.com/books/pdfview/book/6817,,9.78E+12,https://creativecommons.org/licenses/by/4.0/,https://mdpi.com/books/pdfview/book/6817,,,,,,,"Brzeziński, Marek||Baśko, Małgorzata",,,2023-04-05T12:50:53Z,2023-04-05T12:50:53Z,2023,,,,"This reprint focuses on PLA-based materials and the modification of their properties for biomedical applications. Special emphasis is placed on the supramolecular strategies that lead to unique structures in the micro- or nanoscale. The development and testing of novel biomaterials as drug delivery carriers, implants, or tissue engineering scaffolds are of particular interest. Special attention is given to understanding the structure–properties relationship, since this allows for the development of the most effective biocompatible materials.","Made available in DSpace on 2023-04-05T12:50:53Z (GMT). No. of bitstreams: 1
PolylactideBased_Materials_Synthesis_and_Biomedical_Applications.jpg?v1680526424: 245720 bytes, checksum: dca8cd68403ee879e971dfae5e3d3f15 (MD5)
  Previous issue date: 2023",,,,ONIX_20230405_9783036561264_60,,,,,,https://directory.doabooks.org/handle/20.500.12854/98781,,English[eng],,,,,,,,,,,,,,,,,,,,,,,,"thema EDItEUR::T Technology, Engineering, Agriculture, Industrial processes::TB Technology: general issues||thema EDItEUR::T Technology, Engineering, Agriculture, Industrial processes::TD Industrial chemistry and manufacturing technologies::TDC Industrial chemistry and chemical engineering",polylactide||composites||supramolecular interactions||crystallization||cyclodextrin||drug delivery systems||controlled release||poly(lactic acid)||crosslinking||photo-crosslinking||irradiation||electron-beam||gamma rays||starch||reactive blending||plasticization||compatibilization||poly(lactide)||poly(ethylene glycol)||block copolymers||self-assembly||nanoparticles||anticancer agent||biomaterials||polyesters||polymer blends||copolymers||biodegradable materials||bone regeneration||mechanical properties||glass fibres||polylactide nonwovens||electrospinning||reinforced fibers||MWCNT||linear ladder-like poly(silsesquioxane)||stereocomplex||biodegradable polymers||drug delivery system||biomedical applications||poly(L-lactide)||star poly(L-lactide)||shear-induced crystallization||crystallinity||fibrillar nuclei||biocompatibility||biodegradation||biomaterial||polylactide-based materials||polymer||scanning electron microscopy||composite scaffold||guide tissue engineering||polylactic acid (PLA) nanofibers||zirconium ceramic||PLLA coating||dual drug delivery||spiral ganglion neuron||impedance measurements||cochlear implant||diclofenac||chemical modification||graft copolymers||biomedical and environmental applications||functionalized polymers||silylated PLA||crosslinking in situ||hybrid network||soft tissues regeneration||polylactic acid||sesbania gum||ammonium polyphosphate||flame retardancy||polyester biomaterials||PLLA||PCL||PHBV||PLA-based materials||drug delivery||paclitaxel resistance||metastasis||lung cancer||anoikis||PLA nanoparticles||Leishmania major||recombinant histone H2B||vaccine adjuvant||parasite’ challenge||lesion swelling||n/a,,Polylactide-Based Materials: Synthesis and Biomedical Applications,,book,,,,,,,,,,,Archived,,,,,,,,10.3390/books978-3-0365-6641-2,,,376,,Basel,,,,,,,,,MDPI - Multidisciplinary Digital Publishing Institute,,9783036561264||9783036566412,,,,,,,,,,,,,,,,,,,,,,,,,,,,,,,,,,,,,,
27025390-677b-4f48-95f6-1245f1d2e135,20.500.12854/6,Archived,https://mdpi.com/books/pdfview/book/10219,,9.78E+12,https://creativecommons.org/licenses/by/4.0/,,,,,,,,"Silva, João Carlos||Ferreira, Frederico Castelo",,,2025-02-20T13:22:51Z,2025-02-20T13:22:51Z,2024,,,,"This Reprint entitled “Advanced Polymeric Scaffolds for Stem Cell Engineering and Regenerative Medicine”, co-edited by Doctor João Carlos Silva and Professor Frederico Castelo Ferreira, brings together a collection of 17 articles (1 editorial, 11 original research papers, and 5 literature reviews) describing the recent, exciting developments of state-of-the-art polymeric biomaterial scaffolds with great potential for stem-cell-based tissue engineering applications. These contributions, received from research groups from all over the world, cover a wide range of topics related to polymeric scaffolds, from novel bioinks for 3D bioprinting, engineered hydrogels for soft tissue repair, and drug delivery systems for anticancer therapies to the optimization of scaffolds’ structural and mechanical properties through the use of additives or following mathematical design and in silico modeling approaches.  Overall, this Special Issue provides the readers of Polymers with an outstanding and multidisciplinary compilation of exciting, recent, high-quality articles on the development of advanced polymer scaffolds for regenerative medicine applications, highlighting their potential for the development of more affordable and sustainable personalized therapies.","Made available in DSpace on 2025-02-20T13:22:51Z (GMT). No. of bitstreams: 1
Advanced_Polymeric_Scaffolds_for_Stem_Cell_Engineering_and_Regenerative_Medicine.jpg?v=1739876931: 18071 bytes, checksum: d784997db5c52d9bdf721463d8af0e91 (MD5)
  Previous issue date: 2024",,,,ONIX_20250220_9783725825929_346,,,,,,https://directory.doabooks.org/handle/20.500.12854/152982,,English[eng],,,,,,,,,,,,,,,,,,,,,,,,thema EDItEUR::M Medicine and Nursing,triborheology||polyvinyl alcohol hydrogel||hyaluronic acid lubricant||wear||coefficient of friction||conductive hydrogels||GelMa||carbon nanotubes||two-photon polymerization||nano-fabrication||non-collagenous proteins||extracellular matrix||bone tissue engineering||biomimetic scaffolds||hydrogel scaffolds||cartilage regeneration||mechanical properties||stem cells||matrix formation||reinforced tissue matrix||decellularized extracellular matrix||synthetic mesh||ventral hernia repair||inguinal hernia repair||hiatal hernia repair||tissue biomechanics||dura matter||bacterial nanocellulose||factor analysis||dura substitutes||chitosan gel||Novochizol™||vancomycin||tissue-engineered vascular graft||preclinical development||ovine model||carotid artery||primary patency||bone regeneration||collagen membrane||hydrolytic degradation||collagen origin||bacterial collagenase||trypsin digestion||degradation testing||degradation kinetics||biodegradable poly(organophosphazenes)||human mesenchymal stem cells||vascular smooth muscle cells||vascular tissue engineering||electrospinning||scaffolds||hydrogels||tissue engineering||polymers||anticancer treatments||cancer therapy||regenerative medicine||cartilage repair||PCL||cellulose||scaffold||polycaprolactone-block-polyethylenglycol||copolymers||quercetin||drug delivery system||colorectal carcinoma cells||graphene||biopolymers||3D printing||curvature-featuring scaffolds||finite element modelling||osteochondral regeneration||bioelectricity||biophysical cues||additive manufacturing||electroconductive polymers||neurological diseases||nerve/neuron regeneration||voltage-dependent calcium channels||3D bioprinting||bioinks||plasma||alginate||methylcellulose||PANC-1||tumour modelling||n/a,,Advanced Polymeric Scaffolds for Stem Cell Engineering and Regenerative Medicine,,book,,,,,,,,,,,Archived,,,,,,,,10.3390/books978-3-7258-2591-2,,,324,,Basel,,,,,,,,,MDPI - Multidisciplinary Digital Publishing Institute,,9783725825929||9783725825912,,,,,,,,,,,,,,,,,,,,,,,,,,,,,,,,,,,,,,
85b84ab4-a892-4a44-a2a8-35d73bad84eb,20.500.12854/6,Archived,https://mdpi.com/books/pdfview/book/9725,,9.78E+12,https://creativecommons.org/licenses/by-nc-nd/4.0/,https://mdpi.com/books/pdfview/book/9725,,,,,,,"Drevet, Richard||Benhayoune, Hicham",,,2024-09-06T08:07:32Z,2024-09-06T08:07:32Z,2024,,,,"This reprint aims to present the latest achievements in biomaterials science regarding the repair or replacement of tissue functions in the human body. In this reprint, leading experts describe their latest research in the field, including innovative methods for the design of enhanced cochlear implants, cranial implants, and bone implants (jaw, tibia, femur, knee, and hip). Other research works presented in this reprint describe novel methods for the detection of lung cancer, the monitoring of blood glucose, the use of adhesives for orthopedic applications, and the 3D printing of artificial organs.","Made available in DSpace on 2024-09-06T08:07:32Z (GMT). No. of bitstreams: 1
Editorial_Board_Membersrsquo_Collection_Series_Biomaterials_Design.jpg?v=1725602719: 127550 bytes, checksum: 3efcc9a2a0f7683006f54cc903174440 (MD5)
  Previous issue date: 2024",,,,ONIX_20240906_9783725816910_64,,,,,,https://directory.doabooks.org/handle/20.500.12854/143702,,English[eng],,,,,,,,,,,,,,,,,,,,,,,,"thema EDItEUR::J Society and Social Sciences||thema EDItEUR::J Society and Social Sciences::JB Society and culture: general||thema EDItEUR::J Society and Social Sciences::JB Society and culture: general::JBF Social and ethical issues||thema EDItEUR::J Society and Social Sciences::JB Society and culture: general::JBF Social and ethical issues::JBFN Health, illness and addiction: social aspects",adhesion||bio-based adhesives||bio-polymers||ceramics||orthopedic||biomaterials||bio-lubricant||lubrication parameter||bone drilling||blood||bioactive kinetic screw||calciumphosphate cement||CPC||β-TCP||3D printing||mechanical properties||sinter ceramics||biomimicry||strategy||Voronoi||mechanical behavior||compression||finite element analysis||FEM||basilar membrane||clarion processor||cochlear implant||equivalent rectangular bandwidth (ERB)||gammatone filter (GTF) bank||pseudo-resonant frequency||lung cancer detection||DenseNet||attention mechanism||CT scans||histopathological images||total knee arthroplasty||tibia bone||finite element method||meshless methods||bone remodeling||patient-specific implant||medical imaging||cranial implant||biomaterial||PMMA||PEEK||reverse engineering||CAD modeling||accuracy||turbine blade||helical gear||anatomical model||additive manufacturing||personalized medicine||bioprinting||medical education||orthognathic surgery||mandibular osteotomy||3D design||DICOM||blood glucose monitoring||embedded systems||heartbeat sensor||near-IR sensors||n/a,,Editorial Board Members' Collection Series: Biomaterials Design,,book,,,,,,,,,,,Archived,,,,,,,,10.3390/books978-3-7258-1692-7,,,214,,,,,,,,,,,MDPI - Multidisciplinary Digital Publishing Institute,,9783725816910||9783725816927,,,,,,,,,,,,,,,,,,,,,,,,,,,,,,,,,,,,,,
f23ca682-f4f9-462f-85ee-d18f940163ab,20.500.12854/6,Archived,https://mdpi.com/books/pdfview/book/9355,,9.78E+12,https://creativecommons.org/licenses/by-nc-nd/4.0/,https://mdpi.com/books/pdfview/book/9355,,,,,,,"Rosa, Adalberto Luiz||Beloti, Marcio Mateus",,,2024-07-04T09:46:01Z,2024-07-04T09:46:01Z,2024,,,,"Bone is a specialized connective tissue with the ability to regenerate following injury and trauma. However, when the extension of bone loss exceeds the regenerative capacity of tissue, additional treatments are required; these have been investigated by scientists and clinicians, and include biological and material approaches and their combination. This Special Issue, entitled “Bone Regeneration and Repair Materials”, is composed of 14 original and 2 review articles that can be grouped into the following three categories: (1) physicochemical and mechanical characterizations of biomaterials for bone regeneration and implants; (2) strategies to induce bone repair using biomaterials and/or cells; and (3) titanium implants. This collection of information covers the diverse range of materials and approaches that have emerged as promising and powerful tools in regenerative medicine in order to promote bone repair, regeneration, and implant osseointegration. Additionally, this Special Issue elucidates the need to understand the cellular mechanisms involved in the interactions between bones and materials in the search for optimized and smart therapies, with patient well-being always being the primary focus.","Made available in DSpace on 2024-07-04T09:46:01Z (GMT). No. of bitstreams: 1
Bone_Regeneration_and_Repair_Materials.jpg?v=1720075756: 412257 bytes, checksum: c384f0c8949f5f5f74c356a9444957ab (MD5)
  Previous issue date: 2024",,,,ONIX_20240704_9783725811892_153,,,,,,https://directory.doabooks.org/handle/20.500.12854/139357,,English[eng],,,,,,,,,,,,,,,,,,,,,,,,"thema EDItEUR::M Medicine and Nursing||thema EDItEUR::M Medicine and Nursing::MK Medical specialties, branches of medicine::MKH Regenerative medicine",fluorapatite||hydrothermal synthesis||surface functionalization||titanium||osseointegration||microtomography||biomaterials||dental hypersensivity||dentin||mineralization||strontium-containing nanoparticles||animal study||sinus floor elevation||bone healing||Schneiderian membrane||histology||sinus mucosa perforation||bone substitutes||sinus floor augmentation||bone formation||bone regeneration||bone resorption||animal model||hedgehog||nanotopography||notch||osteoblast||biocompatible materials||cell differentiation||osteoporosis||teriparatide||bone tissue engineering||digital light processing||temporomandibular joint||temporomandibular disorders||stem cells||tissue engineering||demospongiae||natural biomaterial||marine sponges||scaffolds||bone||wound healing||adipogenesis||obese||dental implants||failure||angiogenesis||laser ablation||Ti||wood implants||bone repair||biocomposites||osteosynthesis||electrospinning||laser therapy||mesenchymal stem cell||PVDF scaffold||goose bone||bioceramic||calcium phosphate||physicochemical property||hydroxyapatite||biomimetic||bioactive||nacre||bi-directional freeze-casting||nacre-like composite||bone implants||mechanical properties||fracture toughness||losartan||alendronate||spontaneously hypertensive rats||n/a,,Bone Regeneration and Repair Materials,,book,,,,,,,,,,,Archived,,,,,,,,10.3390/books978-3-7258-1190-8,,,282,,,,,,,,,,,MDPI - Multidisciplinary Digital Publishing Institute,,9783725811892||9783725811908,,,,,,,,,,,,,,,,,,,,,,,,,,,,,,,,,,,,,,
ccf389a8-03df-499f-a09c-140e8f4e9a20,20.500.12854/6,Archived,https://mdpi.com/books/pdfview/book/2357,,9.78E+12,https://creativecommons.org/licenses/by/4.0/,https://mdpi.com/books/pdfview/book/2357,,,,,,,"Martins, Albino||Reis, Rui||Neves, Nuno",,,2021-05-01T15:15:28Z,2021-05-01T15:15:28Z,2020,,,,"Electrospinning is a versatile and effective technique widely used to manufacture nanofibrous structures from a diversity of materials (synthetic, natural or inorganic). The electrospun nanofibrous meshes’ composition, morphology, porosity, and surface functionality support the development of advanced solutions for many biomedical applications. The Special Issue on “Electrospun Nanofibers for Biomedical Applications” assembles a set of original and highly-innovative contributions showcasing advanced devices and therapies based on or involving electrospun meshes. It comprises 13 original research papers covering topics that span from biomaterial scaffolds’ structure and functionalization, nanocomposites, antibacterial nanofibrous systems, wound dressings, monitoring devices, electrical stimulation, bone tissue engineering to first-in-human clinical trials. This publication also includes four review papers focused on drug delivery and tissue engineering applications.","Made available in DSpace on 2021-05-01T15:15:28Z (GMT). No. of bitstreams: 1
Electrospun_Nanofibers_for_Biomedical_Applications.jpg?v1618830777: 279069 bytes, checksum: 47ee2da709f91c8a9ef14dc6c88e40ba (MD5)
  Previous issue date: 2020",,,,ONIX_20210501_9783039287741_341,,,,,,https://directory.doabooks.org/handle/20.500.12854/68595,,English[eng],,,,,,,,,,,,,,,,,,,,,,,,"thema EDItEUR::T Technology, Engineering, Agriculture, Industrial processes::TB Technology: general issues::TBX History of engineering and technology",sol-gel||electrospinning||hydroxyapatite||nanofiber||antibacterial||titanium||antibacterial coatings||nanocomposite coatings||TiO2 photocatalytic||orthopedic infections||3D printing||nanofibers||encapsulation||protein diffusion||in vivo tissue engineering||immuno-isolation||transplantation||sputtering||drug delivery||wound dressing||biocompatibility||tissue engineering||biomimetic scaffolds||gelatin||micromolding||biomaterials||poly(lactic acid) (PLLA)||bioactive glass||scaffolds||composite fibres||bone regeneration||poly(vinylidene fluoride)||composite nanofiber||piezoelectricity||antioxidant activity||well-aligned nanofibers||P(VDF-TrFE)||piezoelectric nanogenerator||preosteoblasts electrospinning||silicone modified polyurethane nanofibers||physical properties||cell attachment||cell proliferation||cytotoxicity||biopolymers||packaging||pharmaceutical||biomedical||alginate||gelatin fibers||ZnO particles||antibacterial activity||fabrication||therapeutics||biomedical applications||antibody immobilization||electrospun nanofibers||TNF-α capture||human articular chondrocytes||rheumatoid arthritis||microfluidic chip||live assay||hepatocellular carcinoma cells||PLA95||guided tissue regeneration (GTR)||electrospun fiber mats||mechanobiology||glioblastoma||finite element modeling||cancer treatment||drug release||nanomedicine||biocompatible polymers||hyperthermia,,Electrospun Nanofibers for Biomedical Applications,,book,,,,,,,,,,,Archived,,,,,,,,10.3390/books978-3-03928-775-8,,,310,,"Basel, Switzerland",,,,,,,,,MDPI - Multidisciplinary Digital Publishing Institute,,9783039287741||9783039287758,,,,,,,,,,,,,,,,,,,,,,,,,,,,,,,,,,,,,,
7e7383c1-e9e4-4ce4-a427-8f398035d993,20.500.12854/6,Archived,https://mdpi.com/books/pdfview/book/9574,,9.78E+12,https://creativecommons.org/licenses/by-nc-nd/4.0/,https://mdpi.com/books/pdfview/book/9574,,,,,,,"Serro, Ana Paula||Fernandes, Ana Isabel||Silva, Diana",,,2024-09-06T08:32:43Z,2024-09-06T08:32:43Z,2024,,,,"This Special Issue highlights recent advancements in the synthesis and processing of hydrogel-based biomaterials. It presents cutting-edge research on various topics, including the production of hydrogels (selection and influence of raw materials/additives, use of unconventional sterilization methods, etc.) and their in vitro and in vivo characterization. The focus spans biotechnological applications, such as enzyme immobilization, scaffolds, tissue engineering, and biofabrication, as well as therapeutic applications like ocular treatments, local anti-cancer therapies, and topical or transdermal drug delivery.These contributions underscore the pivotal role of hydrogels in developing sophisticated medical treatments and devices, paving the way for personalized medicine, improved patient outcomes, and innovative solutions to complex medical challenges. The Editorial summarizes the diverse approaches presented and explores future possibilities.","Made available in DSpace on 2024-09-06T08:32:43Z (GMT). No. of bitstreams: 1
HydrogelBased_Novel_Biomaterials_Achievements_and_Prospects.jpg?v=1725602227: 34986 bytes, checksum: 8751dbf88a227d0d89ccf066effe6152 (MD5)
  Previous issue date: 2024",,,,ONIX_20240906_9783725816460_184,,,,,,https://directory.doabooks.org/handle/20.500.12854/143822,,English[eng],,,,,,,,,,,,,,,,,,,,,,,,thema EDItEUR::M Medicine and Nursing::MB Medicine: general issues::MBN Public health and preventive medicine,diclofenac potassium gel||diclofenac sodium gel||phonophoresis||sport injuries||pain||articular cartilage substitutes||PVA hydrogels||PBO nanofibres||sterilisation||microwave||high hydrostatic pressure||plasma||silver nanoparticles||burns||wound healing||nanotechnology||topical administration||porous hydrogels||wound dressings||Manuka honey||surface absorption||2-acrylamido-2-methyl-1-propane sulphonic acid||cancer therapy||injectable hydrogels||poloxamer||intratumoral administration||Pluronic® F127||thermoresponsive hydrogels||xanthan gum||shear-thinning||yield stress||self-healing ability||biomaterials||bloom value||gelatin||GelMA||hydrogel||microfluidics||microparticle||carvedilol||glaucoma||in situ gel||spanlastics||lysozyme||3D-electrospun||hydrogels||chitosan||PVA||magnetic nanoparticles||tunable properties||natural polymers||synthetic polymers||critical attributes||critical analysis||n/a,,Hydrogel-Based Novel Biomaterials: Achievements and Prospects,,book,,,,,,,,,,,Archived,,,,,,,,10.3390/books978-3-7258-1645-3,,,,,,,,,,,,,,MDPI - Multidisciplinary Digital Publishing Institute,,9783725816460||9783725816453,,,,,,,,,,,,,,,,,,,,,,,,,,,,,,,,,,,,,,
80dfe35f-0fa6-477c-9d53-e8dfa92c1853,20.500.12854/6,Archived,https://mdpi.com/books/pdfview/book/6323,,9.78E+12,https://creativecommons.org/licenses/by/4.0/,https://mdpi.com/books/pdfview/book/6323,,,,,,,"Rusu, Laura-Cristina||Ardelean, Lavinia Cosmina",,,2022-12-06T16:08:29Z,2022-12-06T16:08:29Z,2022,,,,"This book consists of one editorial, 12 original research articles and two review papers from scientists across the world, with expertise in materials for dental application. The main subjects covered are: biomaterials and techniques for oral tissue engineering and regeneration; biomaterials for surgical reconstruction; CAD/CAM technologies and dedicated materials; novel restorative and endodontic materials and instruments.","Made available in DSpace on 2022-12-06T16:08:29Z (GMT). No. of bitstreams: 1
Advanced_Materials_for_Oral_Application.jpg: 52863 bytes, checksum: d5a903b98838aac18745e467cc8f00bb (MD5)
  Previous issue date: 2022",,,,ONIX_20221206_9783036557427_22,,,,,,https://directory.doabooks.org/handle/20.500.12854/94499,,English[eng],,,,,,,,,,,,,,,,,,,,,,,,thema EDItEUR::M Medicine and Nursing,regenerative medicine||regenerative dentistry||tissue engineering||stem cells||biomaterials||scaffolds||growth factors||additive manufacturing||3D printing||fracture strength||printing orientation||anisotropy||stereolithography (SLA)||fixed dental prostheses||calcium silicate||confocal laser scanning microscopy||tubule penetration||warm vertical compaction||micro-computed tomography||nickel-titanium instruments||root canal preparation||endodontic drills||TF Adaptive||iRace||CAD/CAM||polymer infiltrated ceramic network||nanocomposite||silica||restorative material||dental material||biomimetics||dental core||dental crown||mechanical properties||malignant neoplasia||transoral reconstruction||polydimethyl siloxane||Ag nanoparticles||fatigue strenght||prosthesis||calcium silicate-based root canal sealer||hydraulic root canal sealer||root canal obturation||root canal treatment||dental bonding||polymerization||finite element analysis||dental materials||mesial-occlusal-distal (MOD) cavities||fracture resistance||base materials||dental tray adhesive||reusable brush||disinfectant additive||cross-contamination risk||disinfection||A-PRF+||fibroblast culture||wound healing||VEGF||TGFβ2||equine bone substitute||bone formation||xenograft||anorganic bone||zirconia||crown||color||masking ability||fluorescence properties||restorative materials||resin-based composite||enamel||n/a,,Advanced Materials for Oral Application,,book,,,,,,,,,,,Archived,,,,,,,,10.3390/books978-3-0365-5741-0,,,224,,Basel,,,,,,,,,MDPI - Multidisciplinary Digital Publishing Institute,,9783036557427||9783036557410,,,,,,,,,,,,,,,,,,,,,,,,,,,,,,,,,,,,,,
e203113a-d2e9-4f92-b2a3-ea899d458407,20.500.12854/6,Archived,https://mdpi.com/books/pdfview/book/9860,,9.78E+12,https://creativecommons.org/licenses/by/4.0/,,,,,,,,"Garbowski, Tomasz||Marek, Aleksander",,,2025-02-20T12:59:20Z,2025-02-20T12:59:20Z,2024,,,,"This Special Issue of Materials presents a comprehensive exploration of eco- and biomaterials, focusing on their experimental research and computational analysis. As sustainability becomes a critical focus in engineering and medical fields, this collection highlights the innovative use of natural and synthetic materials that interact with organic tissues and support sustainable construction practices. The studies featured here provide in-depth insights into the mechanical properties, structural integrity, and durability of these materials, combining empirical evidence with advanced computational models. This Special Issue is an essential resource for scientists, engineers, and industry professionals interested in the latest advancements in sustainable materials, offering practical applications and methodologies that enhance the development of eco-friendly and biologically compatible materials. Perfect for those seeking to stay at the forefront of sustainable material science, this collection serves as a vital reference for both academic research and industrial application.","Made available in DSpace on 2025-02-20T12:59:20Z (GMT). No. of bitstreams: 1
Experimental_Research_and_Computational_Analysis_of_Eco_and_BioMaterials.jpg?v=1739876927: 15646 bytes, checksum: 0651b65e7eaf915a4d39b5f8ab56a677 (MD5)
  Previous issue date: 2024",,,,ONIX_20250220_9783725820740_100,,,,,,https://directory.doabooks.org/handle/20.500.12854/152736,,English[eng],,,,,,,,,,,,,,,,,,,,,,,,"thema EDItEUR::T Technology, Engineering, Agriculture, Industrial processes::TB Technology: general issues||thema EDItEUR::M Medicine and Nursing::MJ Clinical and internal medicine::MJC Diseases and disorders::MJCL Oncology",3D scanning||excavation||excavation support||support plate||deflection arrow||finite difference method||corrugated steel plate shear wall (CSPW)||finite element method (FEM)||lateral performance||hysteretic performance||atmospheric corrosion||aluminium-timber composite structures||aluminium alloy||engineering wood products||laminated veneer lumber (LVL)||toothed plate||bolted connection||shear connection||push-out test||sandwich panels||thin-walled beam||failure scenario||connections||laboratory experiment||fractional derivative||fractional plasticity||nonassociated||state dependence||water vapour||operational moisture||numerical analysis||dew point||flexible waterproofing materials||sensitivity analysis||corrugated board||trays||open-top packaging||paperboard packaging||box compression test||package design||McKee formula||cutout||multilayer corrugated board||numerical homogenization||effective stiffness||geometrical imperfections||buckling||finite element method||numerical model||compression force||n/a,,Experimental Research and Computational Analysis of Eco- and Bio-Materials,,book,,,,,,,,,,,Archived,,,,,,,,10.3390/books978-3-7258-2073-3,,,198,,Basel,,,,,,,,,MDPI - Multidisciplinary Digital Publishing Institute,,9783725820740||9783725820733,,,,,,,,,,,,,,,,,,,,,,,,,,,,,,,,,,,,,,
1bfb72ab-5acd-44f5-ae85-cf122c9276c1,20.500.12854/6,Archived,https://mdpi.com/books/pdfview/book/3728,,9.78E+12,https://creativecommons.org/licenses/by/4.0/,https://mdpi.com/books/pdfview/book/3728,,,,,,,"Kretzer, J. Philippe||Van Der Straeten, Catherine",,,2022-01-11T13:28:18Z,2022-01-11T13:28:18Z,2021,,,,"Joint replacement is a very successful medical treatment. However, the survivorship of hip, knee, shoulder, and other implants is limited. The degradation of materials and the immune response against degradation products or an altered tissue loading condition as well as infections remain key factors of their failure. Current research in biomechanics and biomaterials is trying to overcome these existing limitations. This includes new implant designs and materials, bearings concepts and tribology, kinematical concepts, surgical techniques, and anti-inflammatory and infection prevention strategies. A careful evaluation of new materials and concepts is required in order to fully assess the strengths and weaknesses and to improve the quality and outcomes of joint replacements. Therefore, extensive research and clinical trials are essential. The main aspects that are addressed in this Special Issue are related to new material, design and manufacturing considerations of implants, implant wear and its potential clinical consequence, implant fixation, infection-related material aspects, and taper-related research topics. This Special Issue gives an overview of the ongoing research in those fields. The contributions were solicited from researchers working in the fields of biomechanics, biomaterials, and bio- and tissue-engineering.","Made available in DSpace on 2022-01-11T13:28:18Z (GMT). No. of bitstreams: 1
Novel_Research_about_Biomechanics_and_Biomaterials_Used_in_Hip_Knee_and_Related_Joints.jpg: 348758 bytes, checksum: 50d025fc6ea01e3d00052c70d4a99a71 (MD5)
  Previous issue date: 2021",,,,ONIX_20220111_9783036512815_46,,,,,,https://directory.doabooks.org/handle/20.500.12854/76310,,English[eng],,,,,,,,,,,,,,,,,,,,,,,,"thema EDItEUR::K Economics, Finance, Business and Management::KN Industry and industrial studies::KNT Media, entertainment, information and communication industries::KNTX Information technology industries",electrocautery||titanium alloy||cobalt-chrome alloy||fatigue behavior||biomechanical study||Vertebral body replacement (VBR)||non metallic||radiolucent||CF/PEEK||biomechanics||tumor||vertebral fracture||spine||calcium phosphate||granules||bone graft substitutes||total hip arthroplasty||implant deformation||acetabulum||Metasul||28 mm small head||metal-on-metal THA||cobalt||chromium||titanium||blood metal ions||inflammation||cytokines||metal particles||metal ions||synovium||dual taper modular hip stem||acetabular revision||asymptomatic stem modularity||decision making model||threshold||biomaterials||arthroplasty||orthopaedic tribology||experimental simulation||total knee replacement||PEEK-OPTIMA™||UHMWPE||third body wear||modular acetabular cup||poly-ether-ether-ketone (PEEK)||ceramics||ultra-high-molecular-weight polyethylene (UHMW-PE)||strain distribution||bone stock||cup-inlay stability||disassembly forces||relative motion||periprosthetic joint infections||infection prophylaxis||Staphylococcus epidermidis||in vivo osteomyelitis model||metal wear||retrieval study||metal-on-metal articulation||volumetric wear||megaendoprosthesis||total knee arthroplasty||bone tumor||Roentgen stereophotogrammetric analysis||hip arthroplasty||elementary geometrical shape model||interchangeability||head–taper junction||migration||ion implantation||precision casting||Ti6Al4V||calcium||phosphorus||centrifugal casting||porous implants||tantalum||hip replacement||revision hip arthroplasty||primary stability||backside wear||cross-linked||total hip replacement||hip cup system||composite||fibers||polycarbonate-urethane||meniscal replacement||mechanical properties||meniscus||silicon nitride||coating||joint replacement||wear||adhesion||trunnionosis||trunnion failure||fretting corrosion||head–neck junction||mechanically assisted crevice corrosion||implant||biomaterial||corrosion||residual stress||taper connection||anodic polarization||surface treatment||knee joint||patellar component||musculoskeletal multibody simulation||patellofemoral joint||polyetheretherketone||fixation||debonding||implant–cement interface||PMMA||periprosthetic joint infection||cement spacer||articulating spacer||hip spacer||two-stage revision||surface alteration||surface roughness||third-body wear||zirconium oxide particles||metal-on-cement articulation||oxford unicompartmental knee arthroplasty||bearing thickness||retrieval analysis||n/a||biomedical rheology||viscosity||bovine calf serum||shear thinning||numerical simulation,,"Novel Research about Biomechanics and Biomaterials Used in Hip, Knee and Related Joints",,book,,,,,,,,,,,Archived,,,,,,,,10.3390/books978-3-0365-1280-8,,,358,,"Basel, Switzerland",,,,,,,,,MDPI - Multidisciplinary Digital Publishing Institute,,9783036512815||9783036512808,,,,,,,,,,,,,,,,,,,,,,,,,,,,,,,,,,,,,,
fc50253a-4d71-4b6b-be88-9a52e26b3453,20.500.12854/6,Archived,https://mts.intechopen.com/storage/books/1806/authors_book/authors_book.pdf,,9.79E+12,https://creativecommons.org/licenses/by-nc-sa/3.0/,https://www.intechopen.com/books,,,,,,,"George, Anne",,,2021-04-20T15:06:22Z,2021-04-20T15:06:22Z,2011,,,,"The interaction between cells, tissues and biomaterial surfaces are the highlights of the book ""Biomimetic Based Applications"". In this regard the effect of nanostructures and nanotopographies and their effect on the development of a new generation of biomaterials including advanced multifunctional scaffolds for tissue engineering are discussed. The 2 volumes contain articles that cover a wide spectrum of subject matter such as different aspects of the development of scaffolds and coatings with enhanced performance and bioactivity, including investigations of material surface-cell interactions.","Made available in DSpace on 2021-04-20T15:06:22Z (GMT). No. of bitstreams: 1
web_image.jpg: 94946 bytes, checksum: 8627d2123174551a0d693e4faac0452d (MD5)
  Previous issue date: 2011",,,,ONIX_20210420_9789533071954_339,,,,,,https://directory.doabooks.org/handle/20.500.12854/64983,,English[eng],,,,,,,,,,,,,,,,,,,,,,,,"thema EDItEUR::T Technology, Engineering, Agriculture, Industrial processes::TC Biochemical engineering::TCB Biotechnology",Biotechnology,,Biomimetic Based Applications,,book,,,,,,,,,,,Archived,,,,,,,,10.5772/2237,,IntechOpen,574,,,,,,,,,,,IntechOpen,,9789533071954||9789535160076,,,,,,,,,,,,,,,,,,,,,,,,,,,,,,,,,,,,,,
a246bd4f-d51c-4091-b6cf-27e03e175e5c,20.500.12854/6,Archived,https://mts.intechopen.com/storage/books/10301/authors_book/authors_book.pdf,,9.78E+12,https://creativecommons.org/licenses/by/3.0/,https://www.intechopen.com/books/10301,,,,,,,"Haidar, Ziyad S.||Abdurakhmonov, Ibrokhim Y.||Barkaoui, Abdelwahed",,,2023-12-01T19:02:25Z,2023-12-01T19:02:25Z,2021,,,,"Biomechanics and Functional Tissue Engineering is a useful resource for scientists, researchers, engineers, and clinical practitioners involved in bioengineering solutions for improved patient quality of life. It focuses on the potentially impactful role of applied and functional bio-dental tissue engineering, drug/gene delivery (controlled and metered systems) and cell therapy, bioscaffolds, image-guided and image-assisted surgery, nanodentistry, and biomechanics towards developing better solutions for problems and conditions of the orodental and cranio-maxillofacial complex and beyond.","Made available in DSpace on 2023-12-01T19:02:25Z (GMT). No. of bitstreams: 1
web_image.jpg: 96838 bytes, checksum: bd5cf86bd2b0269e2b0c24840cdb84c3 (MD5)
  Previous issue date: 2021",,,,ONIX_20231201_9781838802868_2318,,,,,,https://directory.doabooks.org/handle/20.500.12854/131207,,English[eng],,,,,,,,,,,,,,,,,,,,,,,,thema EDItEUR::M Medicine and Nursing::MQ Nursing and ancillary services::MQW Biomedical engineering,"regenerative medicine, bone remodeling, additive manufacturing, biomaterials, hypoxia, 3d printing",,Biomechanics and Functional Tissue Engineering,,book,,,,,,,,,,,Archived,,,,,,,,10.5772/intechopen.91487,,IntechOpen,268,,,,,,,,,,,IntechOpen,,9781838802868||9781838802851||9781838804176,,,,,,,,,,,,,,,,,,,,,,,,,,,,,,,,,,,,,,
559bc9fc-29c6-48dd-bff5-3b613d446418,20.500.12854/6,Archived,https://mdpi.com/books/pdfview/book/6907,,9.78E+12,https://creativecommons.org/licenses/by/4.0/,,,,,,,,"Seehaus, Frank||Welke, Bastian",,,2023-03-07T16:35:50Z,2023-03-07T16:35:50Z,2023,,,,"Musculoskeletal research deals with the effects of the orthopedic treatment of pathologies on the biomechanics of the affected areas and on the musculoskeletal system. Biomechanical measurement methods enable the quantitative determination of these influences and allow for an assessment of their extent and size for the patient (in vivo). The range of examination methods is particularly wide in this field of musculoskeletal research. On the one hand, in vitro examinations under laboratory conditions on simplified models, such as artificial bones or specimens from donors, will be implemented. With the help of these models, for example, new biomaterials or implants for the treatment of fractures are often examined for their primary stability or the influence of a joint replacement on the kinematics. In contrast to experimental in vitro studies, numerical methods will be increasingly applied to analyze a large number of implant configurations and loading scenarios. With the method of clinical motion analysis, a comprehensive view of the musculoskeletal system is performed directly in vivo on the patient. For example, it allows for the monitoring and control of therapeutic interventions. These are just a few examples from the field of musculoskeletal research and its methods. They all have the common goal of increasing patient safety. This Special Issue intends to provide the reader with an exciting overview of current research in the field of biomechanical investigations for the treatment of musculoskeletal diseases.","Made available in DSpace on 2023-03-07T16:35:50Z (GMT). No. of bitstreams: 1
Musculoskeletal_Research_Biomechanics_and_Biomaterials_for_the_Treatment_of_Orthopedic_Diseases.jpg: 147050 bytes, checksum: 5142655500326a2a6b318cf6ddb981d9 (MD5)
  Previous issue date: 2023",,,,ONIX_20230307_9783036568447_144,,,,,,https://directory.doabooks.org/handle/20.500.12854/98134,,English[eng],,,,,,,,,,,,,,,,,,,,,,,,"thema EDItEUR::T Technology, Engineering, Agriculture, Industrial processes::TB Technology: general issues||thema EDItEUR::T Technology, Engineering, Agriculture, Industrial processes::TC Biochemical engineering::TCB Biotechnology","motion analysis||kinematics, repeatability||lower extremity||optical infrared camera motion capturing system||proximal femoral varization osteotomy||blade plate||screw side plate||cervical spine surgery||allograft spacer||subsidence||finite element model||knee osteoarthrosis||surgery||posturography||postural subsystems||pain||quality of life||glycogenosis type II||acid maltase deficiency||enzyme replacement therapy||balance||lateral mass||pedicle screws||leg alignment||unilateral hip osteoarthritis||gait analysis||joint loading||external joint moments||reliability||model-based RSA||elementary geometrical shape models||accuracy||hip arthroplasty||migration||gonarthritis||meniscus||articular cartilage||biomechanical testing||mapping||indentation||instantaneous modulus||tissue biomechanics||partial threading||fatigue life||biomechanical analysis||spinal fixation||knee joint kinematics||wear bearing||rolling-sliding mechanism||test bench||cement-in-cement||revision||aging cement||joint arthroplasty||cement||bending strength||joint replacement||hip joint||range of motion||impingement||TKA||wear simulator||ISO standard||FEM||finite element||supracondylar humeral fracture||biomechanical study||sagittal pinning||Kirschner wires||digital templating||short-stem||lateral view||femoral torsion||hip deformity||femoroacetabular impingement (FAI)||heel strike||toe off||carbon dioxide lavage||pulsatile lavage||bone preparation||total knee arthroplasty||total hip arthroplasty||polyethylene wear||roentgen stereophotogrammetric analysis||precision||pelvic orientation||n/a",,Musculoskeletal Research: Biomechanics and Biomaterials for the Treatment of Orthopedic Diseases,,book,,,,,,,,,,,Archived,,,,,,,,10.3390/books978-3-0365-6845-4,,,260,,Basel,,,,,,,,,MDPI - Multidisciplinary Digital Publishing Institute,,9783036568447||9783036568454,,,,,,,,,,,,,,,,,,,,,,,,,,,,,,,,,,,,,,
9ce15f2b-414f-412b-9249-fd150e88cadb,20.500.12854/6,Archived,https://mdpi.com/books/pdfview/book/5743,,9.78E+12,https://creativecommons.org/licenses/by/4.0/,https://mdpi.com/books/pdfview/book/5743,,,,,,,"García-Fernández, Luis",,,2022-07-06T11:55:24Z,2022-07-06T11:55:24Z,2022,,,,"Polymers are the largest and most versatile class of biomaterials, being extensively applied for therapeutic applications. From natural to synthetic polymers, the possibilities to design and modify their physical-chemical properties make these systems of great interest in a wide range of biomedical applications as diverse as drug delivery systems, organ-on-a-chip, diagnostics, tissue engineering, and so on.In recent years, advances in the synthesis and modification of polymers and characterization techniques have allowed the design of novel biomaterials as well as the study of their biological behavior in vitro and in vivo.The purpose of this Special Issue is to highlight recent achievements in the synthesis and modification of polymers for biomedical applications for final applications in the field of biomedicine.","Made available in DSpace on 2022-07-06T11:55:24Z (GMT). No. of bitstreams: 1
Advanced_Polymers_for_Biomedical_Applications.jpg?v1656677412: 23388 bytes, checksum: b3baf94ec2058233fbd1cba73edbda1b (MD5)
  Previous issue date: 2022",,,,ONIX_20220706_9783036546148_140,,,,,,https://directory.doabooks.org/handle/20.500.12854/87545,,English[eng],,,,,,,,,,,,,,,,,,,,,,,,"thema EDItEUR::T Technology, Engineering, Agriculture, Industrial processes::TB Technology: general issues||thema EDItEUR::T Technology, Engineering, Agriculture, Industrial processes::TC Biochemical engineering::TCB Biotechnology",biocomposite||chitosan||chlorhexidine||coating||hernia||mesh infection||nanoparticles||PLGA||polypropylene||rifampicin||3D-bioprinting||static mixer||reactive hydrogel||hyaluronic acid||modified chitosan||curcumin||microwave||interpenetrated polymer network||semi-IPN||methacrylated hyaluronic acid||glycerylphytate||mesenchymal stem cell||bioadhesion||biomaterials||biomedical application||healthcare system management||innovation||polymer based bioadhesive||polymers||magnetite nanoparticles||Tween 80||synthesis||nanotoxicology||genotoxicity||hemotoxicity||soy protein||film||semiconductor||biomaterial||additive manufacturing||sterilization||medical devices||bioabsorbable||polymer||biopolymer||hydrogel||microparticles||dye release||drug delivery system||dual-responsiveness||dendritic polyglycerol sulfates||biofabrication||microfluidics||electrospinning||3D printing||electrospraying||natural polymers||cell encapsulation||polymeric prodrug||dual-sensitive||combination chemotherapy||drug conjugation||dextran||hydrogels||carboxymethyl cellulose||succinoglycan||metal coordination||drug delivery||swelling properties||extracellular matrix||external stimuli||tissue maturation||gelatin||sodium carboxymethyl cellulose||scaffold||A549 cells||freeze drying||silicone rubber||biomechanical||hyper-elastic||constitutive model||FEA||pH-sensitive hydrogel||poly(acrylic acid)||quartz crystal microbalance (QCM)||ellipsometric measurement||antibacterial activity||Ganoderma lucidum||polysaccharides||cisplatin||synergistic effect||anti-lung cancer||nanocellulose fiber||low methoxyl pectin||sodium alginate||clindamycin||pancreatic cancer||gemcitabine||controlled release||non-woven sheet||chemotherapy||antitumor efficacy||poly(L-lactic acid)||antimicrobials agents||amphiphilic block copolymer||quaternized polymer||hemolysis||micelle||black phosphorus||polyetheretherketone||lubrication properties||antibacterial properties||sensorineural hearing loss||cochlear implants||self-bending electrode arrays||silicone rubber–hydrogel composites||actuators||swelling behavior||curvature||biocompatibility||nanofibrous dura mater||antifibrosis||neuroprotection||tetramethylpyrazine,,Advanced Polymers for Biomedical Applications,,book,,,,,,,,,,,Archived,,,,,,,,10.3390/books978-3-0365-4613-1,,,432,,Basel,,,,,,,,,MDPI - Multidisciplinary Digital Publishing Institute,,9783036546148||9783036546131,,,,,,,,,,,,,,,,,,,,,,,,,,,,,,,,,,,,,,
2475b427-fbb1-4c68-bd40-f0b47fc2d11c,20.500.12854/6,Archived,https://mdpi.com/books/pdfview/book/6098,,9.78E+12,https://creativecommons.org/licenses/by/4.0/,https://mdpi.com/books/pdfview/book/6098,,,,,,,"Chen, Hsien-Yeh||Wang, Peng-Yuan",,,2022-10-25T09:01:57Z,2022-10-25T09:01:57Z,2022,,,,"This succinct reprint provides students and researchers the latest studies to the world of surface coatings in biomedical applications. This eBook contains one editorial, one review paper, and 10 research papers. The technology covers vapor phase coating, wet chemistry coating, and plasma spray. The research areas focus on antifouling, anti-corrosion, and tissue engineering. This specific and accessible reprint is the ideal example of surface coatings for students in bioengineering and materials science.","Made available in DSpace on 2022-10-25T09:01:57Z (GMT). No. of bitstreams: 1
Biointerface_Coatings_for_Biomaterials_and_Biomedical_Applications.jpg?v1665132702: 171282 bytes, checksum: e7ffe9af6604d4c1096ede4872cca7f4 (MD5)
  Previous issue date: 2022",,,,ONIX_20221025_9783036522432_55,,,,,,https://directory.doabooks.org/handle/20.500.12854/93201,,English[eng],,,,,,,,,,,,,,,,,,,,,,,,"thema EDItEUR::T Technology, Engineering, Agriculture, Industrial processes::TB Technology: general issues",zinc||titanium oxide||micro-arc oxidation||antibacterial activity||osteogenic cell compatibility||bio-inspiration||anti-corrosion coating||salt gland||mangrove||one-step preparation||nickel nanoparticles||magnetic poly(vinyl alcohol) gels||Sr–HT–Gahnite||hydroxyapatite||atmospheric plasma spray||nanoindentation||mechanical properties||protein identification||matrix-assisted laser desorption/ionization-time of flight||proteomics||quartz crystal microbalance||self-assembled monolayer||copper nanoparticles||silver nanoparticles||nanostructure||nanocluster||antifungal||antibacterial||escherichia coli||candida auris||bioimplants||orthopedic||metallic biomaterials||degradation||surface modification||coatings||nanomaterials||icariin||aspirin||composite coating||TiO2 nanotubes||immunomodulatory effect||macrophage||osteoblast activity||pure magnesium||ultrasonic micro-arc oxidation||berberine||corrosion resistance||PPy/PDA nanocomposite||nanowires||polydopamine||electrical stimulation||vapor sublimation||vapor deposition||nanoparticle||anisotropic material||timed control||n/a,,Biointerface Coatings for Biomaterials and Biomedical Applications,,book,,,,,,,,,,,Archived,,,,,,,,10.3390/books978-3-0365-2244-9,,,214,,,,,,,,,,,MDPI - Multidisciplinary Digital Publishing Institute,,9783036522432||9783036522449,,,,,,,,,,,,,,,,,,,,,,,,,,,,,,,,,,,,,,
ea467c20-63a8-4b1a-9e8f-6745a68795fb,20.500.12854/6,Archived,https://mts.intechopen.com/storage/books/9406/authors_book/authors_book.pdf,,9.78E+12,https://creativecommons.org/licenses/by/3.0/,https://www.intechopen.com/books,,,,,,,"Barbeck, Mike||Rosenberg, Nahum||Rider, Patrick||Perić Kačarević, Željka||Jung, Ole",,,2021-04-20T16:28:26Z,2021-04-20T16:28:26Z,2021,,,,"Bone healing and regeneration is a complex process that can become impaired by disease or the size of a bone fracture or defect. In these instances, bone grafting can be used to aid the regeneration process. Bone grafting materials can be divided into autologous, allogenic, xenogeneic, and alloplastic, and are used to fill the defect/fracture void, thereby providing stability and supporting the infiltration of surrounding bone. This book will cover the most important fundamentals of bone grafting and provide an overview of current and future trends in bone graft research. Over the course of this book, the reader will learn about the most recent advancements in bone tissue biomaterials, the different fabrication techniques of bone tissue scaffolds, and the interaction of bone graft implant materials with the body by their induced cell and tissue reactions. Overall, this book provides an insight into bone grafting and the requirements for successful bone regeneration.","Made available in DSpace on 2021-04-20T16:28:26Z (GMT). No. of bitstreams: 1
web_image.jpg: 116295 bytes, checksum: c221b0ec6ff04f635ab908557c3a65f3 (MD5)
  Previous issue date: 2021",,,,ONIX_20210420_9781789858327_3220,,,,,,https://directory.doabooks.org/handle/20.500.12854/67860,,English[eng],,,,,,,,,,,,,,,,,,,,,,,,thema EDItEUR::M Medicine and Nursing::MQ Nursing and ancillary services::MQW Biomedical engineering,Biomedical engineering,,Clinical Implementation of Bone Regeneration and Maintenance,,book,,,,,,,,,,,Archived,,,,,,,,10.5772/intechopen.85328,,IntechOpen,244,,,,,,,,,,,IntechOpen,,9781789858327||9781789858310||9781789843989,,,,,,,,,,,,,,,,,,,,,,,,,,,,,,,,,,,,,,
2303e03a-7084-4295-85b3-20c9692b52d8,20.500.12854/6,Archived,https://mdpi.com/books/pdfview/book/4734,,9.78E+12,https://creativecommons.org/licenses/by/4.0/,https://mdpi.com/books/pdfview/book/4734,,,,,,,"Dobrzański, Leszek Adam||Dobrzańska-Danikiewicz, Anna D.||Dobrzański, Lech Bolesław||Dobrzańska, Joanna",,,2022-01-11T13:52:41Z,2022-01-11T13:52:41Z,2021,,,,"This book aims to summarize the latest achievements in the development and manufacturing of modern biomaterials used in modern medicine and dentistry, for example, in cases where, as a result of a traffic or sports accident, aging, resection of organs after oncological surgery, or dangerous inflammation, there is a need to replace lost organs, tissues, and parts of the human body. The essence of biomedical materials is their constant contact with living tissues, organisms, or microorganisms and, therefore, they should meet numerous requirements from various fields, including medicine, biology, chemistry, tissue engineering, and materials science. For this reason, biomaterials must be compatible with the organism, and biocompatibility issues must be addressed before using the product in a clinical setting. The production and synthesis of biomaterials require the use of various technologies and methods to obtain the appropriate material, which is then processed using advanced material processing technologies. Often, however, it is necessary to directly manufacture a specific product with individualized geometric features and properties tailored to the requirements of a particular patient. In such cases, additive manufacturing methods are increasingly used. In this sense, it can be considered that the Biomaterials 4.0 stage has been reached, and detailed information is included in the individual chapters of this book on the achievements in the development and manufacturing of modern biomaterials used in modern regenerative medicine, regenerative dentistry, and tissue engineering.","Made available in DSpace on 2022-01-11T13:52:41Z (GMT). No. of bitstreams: 1
Synthesis_and_Characterization_of_Biomedical_Materials.jpg: 230358 bytes, checksum: 4a54848d6fa2e297e89b5763f4de06c9 (MD5)
  Previous issue date: 2021",,,,ONIX_20220111_9783036525228_947,,,,,,https://directory.doabooks.org/handle/20.500.12854/77115,,English[eng],,,,,,,,,,,,,,,,,,,,,,,,"thema EDItEUR::T Technology, Engineering, Agriculture, Industrial processes::TB Technology: general issues","sol-gel phase transitions||injectable scaffolds||chitosan||calcium β-glycerophosphate||rheology||bone tissue engineering||diblock copolymers||drug delivery systems||nanoparticles||nanoprecipitation||self-assembly||implant||stainless steel||nickel||leaching||nitrogen||cytotoxicity||nanodendrites||nanostar||fibroblast cells||gelatin||one-pot synthesis||hollow mesoporous silica||porous silica||high drug loading capacity||drug delivery system||fretting||fretting wear||Ni-Cr-Mo||dental alloys||titaniumcarbonitride||Ti(C, N) coating||thin films||zirconium carbide||antimicrobial properties||medical implants||316L stainless steel||sintering||surface nitriding||nitrogen absorption||response surface methodology||sodium alginate||hydrogel material||regenerative medicine||urethra||hybrid materials||hydroxyapatite||FEA||V-shaped tooth defects||fillings||glass-ionomer cement||flowable composite||stomatognathic system||prosthetic restorations||surgical guide||dental prosthesis restoration manufacturing center||CBCT tomography||dental implants||implant-scaffolds||hybrid multilayer biological-engineering composites biomaterials||CAD/CAM methods||additive manufacturing technologies||selective laser sintering||stereolithography||Dentistry 4.0||Industry 4.0||robocasting||bioactive glass||scaffold||sol–gel||45S5 Bioglass®||biomaterials||biomedical implants||additive manufacturing||dental prosthetic restorations||Ti6Al4V dental alloy||structural X-ray analysis||energy-dispersive X-ray spectroscope||metallography||tensile and bending strength||corrosion resistance||tribological tests||in-vitro tests||industry 4.0||dentistry 4.0||SARS-CoV-2 pandemic||SPEC strategy||elimination clinical aerosol at the source||dendrological matrix||photopolymer materials||additive digital light printing||dentistry sustainable development||dental prophylaxis||dental interventionistic treatment||caries||periodontology||toothlessness||endodontics||dental implantology||dental prosthetics||dentist safety||dentist ethics||Co–Cr dental alloys||corrosion||porcelain firing||SLM||MSM||CST||light-cured composites||photopolymerization process||microhardness||optimization||regression analysis||health||well-being||long and healthy life policy||medicine||dentistry||medical ethics||COVID-19 pandemic||bioengineering||medical engineering||dental engineering||biomedical materials||Bioengineering 4.0||engineers’ ethics||filling materials||sealants||obturation||gutta-percha||Resilon||procedural benchmarking||comparative matrices||virtual approach||digital twin||scanning electron microscopy||n/a",,Synthesis and Characterization of Biomedical Materials,,book,,,,,,,,,,,Archived,,,,,,,,10.3390/books978-3-0365-2523-5,,,544,,"Basel, Switzerland",,,,,,,,,MDPI - Multidisciplinary Digital Publishing Institute,,9783036525228||9783036525235,,,,,,,,,,,,,,,,,,,,,,,,,,,,,,,,,,,,,,
24d29777-56d7-457e-8718-f0b87582a3ce,20.500.12854/6,Archived,https://mdpi.com/books/pdfview/book/5978,,9.78E+12,https://creativecommons.org/licenses/by/4.0/,,,,,,,,"Jung, Hyun-Do",,,2023-02-20T16:44:43Z,2023-02-20T16:44:43Z,2022,,,,"In recent decades, metals have been considered promising materials in the fields of regenerative medicine and tissue engineering. Metallic bio-materials with excellent mechanical strength can effectively support and replace damaged tissue. Hence, metals have been widely used in load-bearing applications for dentistry and orthopedics. Cobalt-, iron-, and titanium (Ti)-based alloys are representative bio-metals, which are used in various forms, such as vascular stents, hip joints, dental, and orthopedic implants. However, the alloying elements of Co- and Fe-based alloys, Co, Ni, and Cr, induce severe toxicity when ionized in the body, which limits their clinical use. However, Ti and its alloys have been widely used as medical devices and implants, with dental and orthopedic applications due to their excellent bone-regeneration ability, mechanical properties, and corrosion resistance. Even though Ti and its alloys have generally been used for biomedical applications, there are still challenges that must be met to satisfy their clinical application. For example, osseointegration with the surrounding bone tissue at the initial stage of implantation has been pointed to as a major issue. This Special Issue, “Titanium and Its Alloys for Biomedical Applications”, has been proposed to present recent developments in biomedical applications. The nine research articles included in this Special Issue cover broad aspects of Ti-based alloys and composites with respect to their composition, mechanical, and biological properties, as highlighted in this editorial.","Made available in DSpace on 2023-02-20T16:44:43Z (GMT). No. of bitstreams: 1
9783036549354.jpg: 168489 bytes, checksum: 5e7f29940eb4acc59f2ba819555759ef (MD5)
  Previous issue date: 2022",,,,ONIX_20230220_9783036549354_47,,,,,,https://directory.doabooks.org/handle/20.500.12854/97444,,English[eng],,,,,,,,,,,,,,,,,,,,,,,,"thema EDItEUR::T Technology, Engineering, Agriculture, Industrial processes::TB Technology: general issues::TBX History of engineering and technology",metal–matrix composites||titanium alloy design||microstructures||mechanical properties||biocomposites||powder metallurgy||high power impulse magnetron sputtering||zinc oxide||tantalum oxide||thin film||plasma electrolytic oxidation||antibacterial||biocompatibility||ultraprecision magnetic abrasive finishing (UPMAF)||environmentally friendly oil||Ni-Ti stent wire||surface roughness (Ra)||removed diameter (RD)||Ti alloys||martensitic transformation||recoverable strain||synchrotron X-ray diffraction||Ti6Al4V||centrifugal casting||ion implantation||human osteoblast||grade V titanium||mini transitional implants||narrow diameter implant||backscattered electrons||Ti-based biomaterials||toxicity||β-phase||ω-phase||CALPHAD||artificial intelligence||deep learning artificial neural network (DLANN)||self-organizing maps (SOM)||titanium||surface treatment||HA blasting||sandblasted and acid-etched (SLA)||anodic oxidation (AO)||micro-arc oxidation (MAO)||graphene oxide||electrophoretic deposition||implant||biomolecule||complex||n/a,,Titanium and Its Alloys for Biomedical Applications,,book,,,,,,,,,,,Archived,,,,,,,,10.3390/books978-3-0365-4936-1,,,140,,Basel,,,,,,,,,MDPI - Multidisciplinary Digital Publishing Institute,,9783036549354||9783036549361,,,,,,,,,,,,,,,,,,,,,,,,,,,,,,,,,,,,,,
f2817b69-dc23-475d-ada2-cdaf5d306aa3,20.500.12854/6,Archived,https://mdpi.com/books/pdfview/book/8442,,9.78E+12,https://creativecommons.org/licenses/by/4.0/,https://mdpi.com/books/pdfview/book/8442,,,,,,,"Kharouf, Naji||Mancino, Davide||Sauro, Salvatore||Hardan, Louis",,,2024-01-08T14:47:59Z,2024-01-08T14:47:59Z,2023,,,,"Various classes of natural and synthetic molecules that can be classified as biomaterials find application in all fields of dentistry. Biomaterials should be biocompatible to minimise toxicity and bioactivity to ensure or simulate biological effects. They are used, for instance, to enhance antibacterial activity and improve the healing process. Calcium silicates, for illustration, are biomaterials used in endodontics that have proven their excellent biological, physico-chemical, and mechanical properties. However, some of these are considered too soluble, and this is almost completely due to their hardness when used as endodontic sealers, making endodontic retreatment very difficult. Despite manufacturers' best efforts, it is sometimes difficult to marry bioactivity, biocompatibility, and clinical benefits in a biomaterial; therefore, in this content, the work of researchers is invaluable.","Made available in DSpace on 2024-01-08T14:47:59Z (GMT). No. of bitstreams: 1
Recent_Advance_in_Biomaterials_Clinical_Dentistry_and_Dental_Diseases_20.jpg?v=1704709400: 165896 bytes, checksum: a7acb178ff8d5bfda30b7604217d9f8d (MD5)
  Previous issue date: 2023",,,,ONIX_20240108_9783036596532_66,,,,,,https://directory.doabooks.org/handle/20.500.12854/132407,,English[eng],,,,,,,,,,,,,,,,,,,,,,,,thema EDItEUR::M Medicine and Nursing,calcium silicate cement||retrograde materials||premixed cement||powder–liquid cement||chemical composition||EDX||caries prevention||anterior restorations||ceramic||dental veneers||follow-up||non-vital teeth||porcelain laminate veneers||vital teeth||antimicrobial||osseointegration||surface modification||tissue engineering||root canal retreatment||calcium silicate-based cement||ProTaper Universal Retreatment||D-Race||dentin hypersensitivity||desensitizing agents||calcium phosphate||hydroxyapatite||nano-hydroxyapatite||peri-implantitis||periodontitis||periapical radiograph||deep learning||neural networks||image enhancement||carious lesion activity||irreversible pulpitis||partial pulpotomy||vital pulp therapy||mineral trioxide aggregate||furcation involvement||image segmentation||Gaussian high-pass filtering||image preprocessing||CNN||calcium silicate material||confocal laser scanning microscope||deciduous tooth||digital microscopy||flowability||micro-CT||pulpectomy primary teeth||root canal filling||SEM||zinc oxide eugenol,,"Recent Advance in Biomaterials, Clinical Dentistry and Dental Diseases 2.0",,book,,,,,,,,,,,Archived,,,,,,,,10.3390/books978-3-0365-9652-5,,,166,,Basel,,,,,,,,,MDPI - Multidisciplinary Digital Publishing Institute,,9783036596532||9783036596525,,,,,,,,,,,,,,,,,,,,,,,,,,,,,,,,,,,,,,
a39bb224-f1b6-4f37-b27d-9b450cd0ea0a,20.500.12854/6,Archived,https://mdpi.com/books/pdfview/book/7102,,9.78E+12,https://creativecommons.org/licenses/by/4.0/,https://mdpi.com/books/pdfview/book/7102,,,,,,,"Jervis, Peter John",,,2023-05-11T17:16:29Z,2023-05-11T17:16:29Z,2023,,,,"Great strides have been made in the area of hydrogel science since the first hydrogels were described in the 1960s. Hydrogels usually consist of three-dimensional matrices of hydrophilic polymers, held together by chemical or physical crosslinks, or supramolecular assemblies of small amphiphilic molecules. The gelation process occurs in response to a physical or chemical stimulus, such as temperature, pH, electric or magnetic field, enzymatic modification, light, and others. Consisting of mainly water molecules, they represent a unique class of materials, with many applications such as cell therapeutics, cartilage/bone regeneration, sustained drug release and drug delivery systems, tissue engineering, and 3D bioprinting. Despite these great strides, there is still much more to discover in this area. This Special Issue is focused on the use of hydrogels in tissue and bone regeneration. Hydrogels are particularly suited for this purpose as their physical characteristics resemble that of the extracellular matrix; as such, they have found applications as an extracellular medium for cancer cells, stem cells, and neuronal cells. This Special Issue also includes research papers on the other biomedical applications of hydrogels.","Made available in DSpace on 2023-05-11T17:16:29Z (GMT). No. of bitstreams: 1
Hydrogels_in_Regenerative_Medicine_and_Other_Biomedical_Applications.jpg: 57835 bytes, checksum: cc6b91c3f8aeb945b4eaf9d260fbf9c6 (MD5)
  Previous issue date: 2023",,,,ONIX_20230511_9783036572512_26,,,,,,https://directory.doabooks.org/handle/20.500.12854/100009,,English[eng],,,,,,,,,,,,,,,,,,,,,,,,"thema EDItEUR::T Technology, Engineering, Agriculture, Industrial processes::TB Technology: general issues||thema EDItEUR::T Technology, Engineering, Agriculture, Industrial processes::TC Biochemical engineering::TCB Biotechnology",polyvinyl alcohol||cobalt-substituted hydroxyapatite||diabetic foot ulcers||hydrogels||antibacterial ability||chitosan||cellulose||hydrogel||wound dressings||burn wounds||diabetic wounds||chronic wounds||acute wounds||methacrylate glycol chitosan||beta-cyclodextrin||triclosan||antibacterial||tissue bio-adhesive||poly(2-hydroxyethyl methacrylate)||3D scaffold||RGDS||chronic lymphocytic leukemia||B cell survival||synthetic mimic of heparin||poly(sodium-4-styrenesulfonate)||myoblast||myogenic differentiation||fusion||focal adhesion kinase (FAK)||supramolecular||dehydrodipeptide||drug delivery||wound healing||cancer||smart materials||peptidomimetic||3d printing||PLCL||decellularization||angiogenesis||dECM hydrogel||adipose tissue regeneration||entrapment neuropathy||animal model||ultrasound||carpal tunnel syndrome||alginate||PNIPAM-based graft copolymers||thermo-responsive||shear-responsive||LCST adjustment||sol–gel transition||rheological properties||injectability||poly(vinyl alcohol)||decellularized cartilage matrix||bioprinting||thiol-ene cross-linking||sodium alginate||betamethasone||cartilage tissue engineering||testicular tissue transplantation||fertility preservation||VEGF||PDGF||vascular maturity||necrosis inhibitor||spermatogonia stem cells||nanoparticles||tissue engineering||functionalization||Chit-HVP||Chit-RGD||XPS||NEXAFS||h-osteoblasts||tunable lens||ultrasonic detection||deep detection||phononic crystal||PVA||marjoram oil||kaolin||hemostatic dressing||antibacterial and antioxidant wound dressing||human hair keratin||fibrinogen||injectable hydrogel||human gingival fibroblast||biomaterials||biocompatibility||in vitro model||hybrid hydrogel||extracellular matrix||microenvironment mimicking matrix||n/a,,Hydrogels in Regenerative Medicine and Other Biomedical Applications,,book,,,,,,,,,,,Archived,,,,,,,,10.3390/books978-3-0365-7250-5,,,358,,Basel,,,,,,,,,MDPI - Multidisciplinary Digital Publishing Institute,,9783036572512||9783036572505,,,,,,,,,,,,,,,,,,,,,,,,,,,,,,,,,,,,,,
a78b12a0-ef04-4efd-8236-58a206214584,20.500.12854/6,Archived,https://mdpi.com/books/pdfview/book/8997,,9.78E+12,https://creativecommons.org/licenses/by-nc-nd/4.0/,https://mdpi.com/books/pdfview/book/8997,,,,,,,"Duta, Liviu||Oktar, Faik Nüzhet",,,2024-05-14T14:23:35Z,2024-05-14T14:23:35Z,2024,,,,"Over the past few decades, the field of bioactive materials for bone tissue engineering has emerged as a prominent approach in addressing bone traumas. The focus lies on the production of durable implants and bone substitutes capable of bypassing complications associated with rejection. HA is a well-known bioceramic with a close chemical and structural resemblance to the mineral composition of vertebrate bones and teeth. Despite its favorable bone regeneration properties, HA is prone to brittleness, limiting its use in load-bearing applications. To overcome this drawback, HA can be applied as a coating on metallic or polymeric implants, with the aim of significantly enhancing their overall performance. Synthetic HA is typically produced by means of several chemical routes. Recent approaches have been reported for extracting HA from natural and sustainable resources. Biologically derived apatite is a carbonated HA, which differs from synthetic HA in terms of composition, stoichiometry, crystallinity degree, crystal size/morphology, and consequently, degradation rate and overall biological performance. This reprint is devoted to the synthesis and characterization techniques of HA-based coatings. The Special Issue’s scope includes both synthetic and naturally derived HA materials. Notably, significant attention was directed toward the development of bioactive and biodegradable HA-based biomaterials with tunable properties. These biomaterials are specifically designed for a range of applications, including bone repair and regeneration, tissue engineering, orthopedics, biosensing, dental implants, and in vivo testing.","Made available in DSpace on 2024-05-14T14:23:35Z (GMT). No. of bitstreams: 1
Synthetic_and_BiologicalDerived_Hydroxyapatite_Implant_Coatings.jpg?v=1714983315: 365677 bytes, checksum: bbd967b385460fb385d3e3cc416b0e96 (MD5)
  Previous issue date: 2024",,,,ONIX_20240514_9783725804573_360,,,,,,https://directory.doabooks.org/handle/20.500.12854/137764,,English[eng],,,,,,,,,,,,,,,,,,,,,,,,thema EDItEUR::P Mathematics and Science::PB Mathematics::PBW Applied mathematics,biological-derived hydroxyapatite coatings||lithium doping||pulsed laser deposition||human mesenchymal stem cells||osteoblasts||commercially pure titanium (c.p. Ti)||hydroxyapatite||eggshell||hydrothermal reaction||nanoparticle||simulated body fluid (SBF)||carbon nanotube-polyether ether ketone composite||apatite nuclei||apatite-forming ability||electrical conductivity||coatings||electrochemical deposition||doped hydroxyapatite||magnesium||electrochemical behavior||composite coatings||silver||zinc||chitosan||antimicrobial activity||arabinoxylan||apple pectin||biocompatibility||material science||nanotechnology||bone tissue engineering||Mg-HA||dip-coating||shellac||Taguchi technique||biogenic hydroxyapatite||thermal treatment||implant coating||pull-out bonding strength||PLD||bioactivity||composite coating||hydrothermal treatment||titanium alloy||magnetron sputtering||hardness||corrosion||degradation||peptides adhesion||hydroxyapatite coating||mechanical testing||protein adsorption||surface characterization||n/a,,Synthetic and Biological-Derived Hydroxyapatite Implant Coatings,,book,,,,,,,,,,,Archived,,,,,,,,10.3390/books978-3-7258-0458-0,,,180,,,,,,,,,,,MDPI - Multidisciplinary Digital Publishing Institute,,9783725804573||9783725804580,,,,,,,,,,,,,,,,,,,,,,,,,,,,,,,,,,,,,,
aa22076e-9032-46e5-9560-b5431008736f,20.500.12854/6,Archived,https://mdpi.com/books/pdfview/book/4746,,9.78E+12,https://creativecommons.org/licenses/by/4.0/,https://mdpi.com/books/pdfview/book/4746,,,,,,,"Diebold, Yolanda||García-Posadas, Laura",,,2022-01-11T13:53:06Z,2022-01-11T13:53:06Z,2021,,,,"The concept of advanced therapy medicinal products (ATMPs) encompasses novel kinds of medicines for human use that are based on genes, cells or tissues. These intend to offer not only regeneration, but complete functional recovery of diseased tissues and organs using different strategies. Gene therapy, cell therapy and tissue engineering are the main areas in which promising advanced therapies are emerging. The eye is a very complex organ whose main structures, the cornea and the retina, play a pivotal role in maintaining normal vision, as severe alterations in these tissues can lead to blindness. Ocular tissues are starting to benefit from ATMPs by fighting against the enormous complexity and devastating potential of many ocular diseases. However, developments arising from this field of work face important challenges related to vectors to deliver drugs and genetic material to target tissues, suitable biomaterials to prepare cell scaffolds and cell stemness, among others—not to mention the complicated legislation around ATMPs, the complexity in production and quality control and the absence of standardized protocols.The purpose of this Special Issue is to serve as an overview of the current progress in the application of cell and gene therapies, as well as tissue engineering to restore functionality in diseased ocular structures, and the challenges linked to reaching patients.","Made available in DSpace on 2022-01-11T13:53:06Z (GMT). No. of bitstreams: 1
Advanced_Therapy_Medicinal_Products_for_Eye_Diseases_Goals_and_Challenges.jpg: 264842 bytes, checksum: 1ae5456adbb96f81b23e574b0b4b3fee (MD5)
  Previous issue date: 2021",,,,ONIX_20220111_9783036526119_959,,,,,,https://directory.doabooks.org/handle/20.500.12854/77128,,English[eng],,,,,,,,,,,,,,,,,,,,,,,,thema EDItEUR::M Medicine and Nursing,MPC polymer||dry eye||ocular surface||lacrimal fluid||mucin||3D bioprinting||cornea||retina||ophthalmology||tissue regeneration||electrospinning||conjunctiva||decellularized tissue matrix||small intestinal submucosa||urinary bladder matrix||polycaprolactone||fiber||tissue engineering||stratification||conjunctival epithelial cells||hydrogel||keratoplasty||scaffold||collagen||advanced therapy medicinal product||ATMP||cell therapy||gene therapy||eye||ocular||regulatory||marketing authorization||double-crosslinking||carbodiimide||glutaraldehyde||sodium metabisulfite||sodium borohydride||EDC/NHS||stem cells||retinal diseases||optic nerve diseases||cell replacement||cell sources||advanced therapies||ocular mucosa||blindness||CLET||limbal niche||limbal stem cell||LSCD||mesenchymal stem cell transplantation||MSCT||corneal limbus||decellularized xenograft||recellularization||mesenchymal stem cells||n/a,,Advanced Therapy Medicinal Products for Eye Diseases: Goals and Challenges,,book,,,,,,,,,,,Archived,,,,,[grantnumber unknown],,,10.3390/books978-3-0365-2610-2,,,207,,"Basel, Switzerland",,,,,,,,,MDPI - Multidisciplinary Digital Publishing Institute,,9783036526119||9783036526102,,,,,,,,,,,,,,,,,,,,,,,,,,,,,,,,,,,,,,
c6001636-111e-4350-8ba2-ac93f1afb811,20.500.12854/12,Archived,https://library.oapen.org/bitstream/20.500.12657/49240/1/58086.pdf||https://library.oapen.org/bitstream/20.500.12657/49240/1/58086.pdf||https://library.oapen.org/bitstream/20.500.12657/49240/1/58086.pdf,,,https://creativecommons.org/licenses/by/3.0/||https://creativecommons.org/licenses/by/3.0/||https://creativecommons.org/licenses/by/3.0/,,,,,,,"Morent, Rino||Ghobeira, Rouba||Aziz, Gaelle||De Geyter, Nathalie",,,,2021-06-03T02:06:53Z,2021-06-03T02:06:53Z,2018,2021-06-02T10:10:18Z,,,"The ability of non-equilibrium plasmas to modify surfaces has been known for many years. And a promising way to perform surface modifications without altering the bulk properties is plasma polymerization since this technique is versatile and can be applied to a wide range of materials. Plasma polymer films usually show good biocompatibility when compared to classical biomaterials. The possible biomedical use of plasma polymers motivates the study of their behavior during storage and in aqueous environment. Therefore, it is of major importance to understand the change of properties of these plasma polymers over time and when in contact with certain fluids. Recently, plasma polymer gradients (surfaces that display a change in at least one physicochemical property over distance) have attracted significant attention from the biomedical filed where the interaction of cells with a material surface is of major interest. This chapter discusses biomaterial functionalization via plasma polymerization focusing on their use in the biomedical field as well as their aging and stability behaviors. Plasma polymer gradients as valuable tools to investigate cell-surface interactions will also be reviewed.","Made available in DSpace on 2021-06-03T02:06:53Z (GMT). No. of bitstreams: 1
58086.pdf.jpg: 5346 bytes, checksum: 0e9877065716da7202be88ad97678fad (MD5)
  Previous issue date: 2018||Item created via OAI harvest from source: https://library.oapen.org/oai/doab-migration on 2021-06-03T02:06:53Z (GMT).  Item's OAI Record identifier: oai:library.oapen.org:20.500.12657/49240||Item created via OAI harvest from source: https://library.oapen.org/oai/doab-migration on 2025-01-24T05:35:41Z (GMT).  Item's OAI Record identifier: oai:library.oapen.org:20.500.12657/49240||Item created via OAI harvest from source: https://library.oapen.org/oai/doab-migration on 2025-05-08T11:48:49Z (GMT).  Item's OAI Record identifier: oai:library.oapen.org:20.500.12657/49240",,,,ONIX_20210602_10.5772/intechopen.72293_354||https://library.oapen.org/handle/20.500.12657/49240,,,,,,https://directory.doabooks.org/handle/20.500.12854/70474,,English[eng],,,,,,,,,,,,7292b17b-f01a-4016-94d3-d7fb5ef9fb79,,,,open access,,,,,,,,,"biomaterial, plasma polymer, surface gradient, stability, aging",thema EDItEUR::M Medicine and Nursing::MQ Nursing and ancillary services::MQW Biomedical engineering,Chapter Plasma Polymerization for Tissue Engineering Purposes,,chapter,,,,,,,,,,,Archived,,European Research Council (ERC)||EU collection,,,335929,,,10.5772/intechopen.72293,,,,,,,,,FP7 Ideas: European Research Council||7292b17b-f01a-4016-94d3-d7fb5ef9fb79,,,,,InTechOpen,,,,,,,,,,,,,,,,,,,,,,,,,,,,,,,,,,,,,,,,
f7e00c71-3908-4d0c-a514-f1699173e5fc,20.500.12854/6,Archived,https://mdpi.com/books/pdfview/book/6667,,9.78E+12,https://creativecommons.org/licenses/by/4.0/,https://mdpi.com/books/pdfview/book/6667,,,,,,,"Borrero-López, Antonio M.||Valencia-Barragán, Concepción||Cortés Triviño, Esperanza||Tenorio-Alfonso, Adrián||Delgado-Sánchez, Clara",,,2023-02-02T16:43:24Z,2023-02-02T16:43:24Z,2023,,,,"The need to find suitable biomaterials and procedures from alternative sources able to imitate or even enhance the performance of currently used products has become an important focus of research today due to the depletion of non-renewable resources and the increasing concern related to climate change, sustainability and environmental preservation. Thus, this reprint gathers different original articles and review manuscripts from the Special Issue “Development of Bio-Based Materials: Synthesis, Characterization and Applications”. The development of partial or fully bio-based materials has been included, with excellent outcomes in many different applications, as well as alternative procedures that can reduce the carbon footprint or optimize both production and energy consumption.","Made available in DSpace on 2023-02-02T16:43:24Z (GMT). No. of bitstreams: 1
Development_of_BioBased_Materials_Synthesis_Characterization_and_Applications.jpg: 58203 bytes, checksum: 70c1d7515469df1f8a585c35d794523f (MD5)
  Previous issue date: 2023",,,,ONIX_20230202_9783036565064_122,,,,,,https://directory.doabooks.org/handle/20.500.12854/96721,,English[eng],,,,,,,,,,,,,,,,,,,,,,,,"thema EDItEUR::T Technology, Engineering, Agriculture, Industrial processes::TB Technology: general issues||thema EDItEUR::T Technology, Engineering, Agriculture, Industrial processes::TC Biochemical engineering::TCB Biotechnology",mangosteen leaves||marker ink||color lightness||viscosity||optimization||RSM||biomaterial||palm oil||radiation curing||radiation processing||surface coatings||VOC||cellulose nanocrystal||film||homogenization||ultrasonication||secondary processing mill residues||wood flour||wood pellets||wood–plastic composites||physical properties||transportation costs||biocomposite||bio-sourced products||mechanical properties||micro-mechanics||mechanical testing||lignin||emulsion||rheology||microstructure||bitumen||product design||burn wound healing||polymeric film||microwave||nanoparticles-film combined application||xanthan gum||potassium formate||rheological behavior||high-temperature aging||citric acid||oil palm trunk||oil palm frond||empty fruit bunch||cyclic aging treatment||biopolymer||biomaterials||biodegradations||polysaccharide||bone tissue engineering||polymer||plasma modification||PMMA||material morphology||honeycomb-like pattern||cell growth||cytocompatibility||FEP||cell adhesion||neat biochar||palm kernel shell||magnetic biochar||adsorption mechanism||encapsulated carvacrol||gellan gum hydrogel||antibacterial activity||E. coli||natural fibers||socio-economic assessment||technological aspects||sustainability||renewable resources||cellulose nanofibers||chemical pretreatment||cytotoxicity||nanocellulose||Populus alba L.||bioadhesive||chitosan methacrylate||graphene oxide||bone repair||photocrosslinking||antimicrobial peptide (microspheres)||Tricholoma matsutake||physicochemical quality||microbial quality||lignocellulose||cellulose||biofuels||biochemicals||lubricating greases||adhesives||cushioning materials||adsorption||carrier||covalent attachment||entrapment||immobilization||protein engineering||therapeutic enzyme||polyesteramides||biodegradable polymers||biobased polymers||mass spectrometry||MALDI||tandem mass spectrometry||sequencing||characterization||Py-GC/MS||high-fat diet||obesity||Tremella fuciformis||uronic acid||biopolymers||tear strength||amorphous structure||droplet size distribution||microfluidization||Pickering emulsion||response surface methodology||Turbiscan Stability Index||zein||3D printing||additive manufacturing||cell immobilization||bio-based polymers||dual curing||shape-memory||photocuring||microtransfer molding||compressed wood||bleaching||lignin content||alpha-cellulose||swelling||chitooligosaccharides||chitin||chitosan||anti-inflammatory||antioxidant||tissue engineering||wound healing||antimicrobial||drug delivery||antitumor||n/a||rigid foams||tannin-based foams||polyurethane foams||phenolic foams||Iron(III)-hemicellulose complex||rhamnoxylan||iron supplement||magnetic polymer||hematinic,,"Development of Bio-Based Materials: Synthesis, Characterization and Applications",,book,,,,,,,,,,,Archived,,,,,,,,10.3390/books978-3-0365-6505-7,,,594,,Basel,,,,,,,,,MDPI - Multidisciplinary Digital Publishing Institute,,9783036565064||9783036565057,,,,,,,,,,,,,,,,,,,,,,,,,,,,,,,,,,,,,,
ff6e412e-9019-41b8-ab78-e587c10671d2,20.500.12854/6,Archived,https://mts.intechopen.com/storage/books/6875/authors_book/authors_book.pdf,,9.78E+12,https://creativecommons.org/licenses/by/3.0/,https://www.intechopen.com/books,,,,,,,"Srivastava, Ruby",,,2021-04-20T16:00:05Z,2021-04-20T16:00:05Z,2019,,,,"Biomimetic devices are designed and produced by materials, structures, and systems that are modelled on biological entities and processes. These devices are used to synthesize novel materials and their functions at the multiscale level for various applications. Molecular computing biological devices play a key role in the logical processing of the cellular machinery of all living organisms. This book includes information on both biomedical and technological applications of bioactive devices for hard tissue regeneration; design of chip-based disease diagnostic platforms; neuromorphic computing biomaterials that transfer techniques of neuroscience to a silicon chip; various top-down and bottom-up designs; and electrical characterization and transport mechanisms of DNA as nanowires.","Made available in DSpace on 2021-04-20T16:00:05Z (GMT). No. of bitstreams: 1
web_image.jpg: 64086 bytes, checksum: a521b2ef31d539ea6375e8734a7cc202 (MD5)
  Previous issue date: 2019",,,,ONIX_20210420_9781839621932_2368,,,,,,https://directory.doabooks.org/handle/20.500.12854/67009,,English[eng],,,,,,,,,,,,,,,,,,,,,,,,"thema EDItEUR::T Technology, Engineering, Agriculture, Industrial processes::TC Biochemical engineering::TCB Biotechnology",Biotechnology,,Bio-Inspired Technology,,book,,,,,,,,,,,Archived,,,,,,,,10.5772/intechopen.73400,,IntechOpen,80,,,,,,,,,,,IntechOpen,,9781839621932||9781838809324||9781839621949,,,,,,,,,,,,,,,,,,,,,,,,,,,,,,,,,,,,,,
164c0c22-8791-4c91-8946-3adff5f0845e,20.500.12854/6,Archived,https://mdpi.com/books/pdfview/book/5041,,9.78E+12,https://creativecommons.org/licenses/by/4.0/,https://mdpi.com/books/pdfview/book/5041,,,,,,,"Raza, Faisal||Nugraha, Bramasta",,,2022-03-21T16:29:37Z,2022-03-21T16:29:37Z,2022,,,,"Recently, the development of polymeric materials for biomedical applications has advanced significantly. Polymeric materials are favored in the development of therapeutic devices, including temporary implants and three-dimensional scaffolds for tissue engineering and in vitro disease modelling.Further advancements have also occurred in the utilization of polymeric materials for pharmacological applications, such as delivery vehicles for drug release.We would like to invite you to contribute to this Special Issue. Research topics of interest include, but are not limited to, recent advances related to 3D cell culture, biomaterials, tissue engineering, disease modelling, hydrogel, organoids, drug discovery, bioimaging, cardio-renal, metabolic disease, and stem cell biology.","Made available in DSpace on 2022-03-21T16:29:37Z (GMT). No. of bitstreams: 1
Polymer_Materials_in_Biomedical_Application.jpg: 243835 bytes, checksum: 44edb4455a9bd03e13591bea17ba24e2 (MD5)
  Previous issue date: 2022",,,,ONIX_20220321_9783036533360_92,,,,,,https://directory.doabooks.org/handle/20.500.12854/79656,,English[eng],,,,,,,,,,,,,,,,,,,,,,,,"thema EDItEUR::M Medicine and Nursing||thema EDItEUR::K Economics, Finance, Business and Management::KN Industry and industrial studies::KND Manufacturing industries",hydrogels||crosslinking||degradable||gamma (γ)-irradiation||sterilization||sterility assurance||antibacterial ability||jojoba||Simmondsia||chemistry||liquid wax||biology||toxicity||pharmaceutical/industrial uses||articular cartilage||mechanical properties||tribological properties||antibacterial||pathogens||infectious diseases||silver nanoparticles||wound care||wound dressings||polymers||gelatin||nanofibers||sponges||Ag/RGO nanocomposites||green preparation||anticancer performance||potential mechanism||oxidative stress||hydrogel||poloxamer 407 polymer||poloxamer 407 gel||transungual drug delivery||onychomycosis||ungual penetration enhancer||Terbinafine||diafiltration||SAXS||aromatic interactions||poly(sodium 4-styrenesulfonate)||chlorpheniramine||polyelectrolyte||aggregation||coaxial electrospinning||extracellular matrix||myelination||oligodendrocyte||water-soluble materials||orthokeratology lens||protein deposition||optical characteristics||rubbing||chitosan||kenaf||nanocrystalline cellulose||platelet lysate||wound healing||carbohydrate polymers blends||functional food||antioxidant activity||co-microencapsulation||spray drying||bacteria viability (Bacillus clausii)||probiotics||itraconazole||self-emulsifying nanovesicles||transungual||anti-fungal,,Polymer Materials in Biomedical Application,,book,,,,,,,,,,,Archived,,,,,,,,10.3390/books978-3-0365-3335-3,,,254,,Basel,,,,,,,,,MDPI - Multidisciplinary Digital Publishing Institute,,9783036533360||9783036533353,,,,,,,,,,,,,,,,,,,,,,,,,,,,,,,,,,,,,,
695033d8-2a90-4b84-848b-f2d35a90119f,20.500.12854/6,Archived,https://mdpi.com/books/pdfview/book/9338,,9.78E+12,https://creativecommons.org/licenses/by-nc-nd/4.0/,https://mdpi.com/books/pdfview/book/9338,,,,,,,"Aguilar, Enrique||Herrada-Manchón, Helena",,,2024-07-04T09:44:10Z,2024-07-04T09:44:10Z,2024,,,,"Discover cutting-edge research in our Special Issue, titled ""Hydrogels for 3D Printing"". This collection of articles and reviews delves into the multifaceted world of hydrogel-based 3D printing, covering essential topics such as material formulation, printing techniques, and post-processing methods. From optimizing rheological properties to enhancing cell viability, each contribution offers valuable insights into the transformative potential of hydrogels across various applications, including tissue engineering and regenerative medicine. Do not miss this invaluable resource for researchers, engineers, and practitioners striving to advance the field of 3D printing.","Made available in DSpace on 2024-07-04T09:44:10Z (GMT). No. of bitstreams: 1
Hydrogels_for_3D_Printing.jpg?v=1720074032: 112410 bytes, checksum: 977117603ca88853cfb002cb6be2dd17 (MD5)
  Previous issue date: 2024",,,,ONIX_20240704_9783725812400_137,,,,,,https://directory.doabooks.org/handle/20.500.12854/139341,,English[eng],,,,,,,,,,,,,,,,,,,,,,,,thema EDItEUR::P Mathematics and Science||thema EDItEUR::P Mathematics and Science::PH Physics||thema EDItEUR::P Mathematics and Science::PH Physics::PHF Materials / States of matter,salecan||silica nanoparticles||3D printing||rheology||hydrogel||extrusion||3D bioprinting||hydrogels||extracellular matrix||decellularized cardiac tissue||biomaterials||mesenchymal stromal cells||alginate–gelatin hydrogel||pH||CaCl2||BaCl2||U2OS||NIH/3T3||fluid phase||optimization DoE||post-printing treatment||scaffolds||degradation||swelling||natural polymers||crosslinking||bioprinting techniques||tissue engineering||biomedical applications||natural hydrogels||synthetic hydrogels||bioprinting||bioink||collagen hydrogels||biofabrication||neutralization||automation||stromal cells||polydopamine||fibroblast||keratinocyte||cell proliferation||skin wound healing||seaweeds||gels||locust bean gum||hydrocolloids||green extraction||3D food printing||n/a,,Hydrogels for 3D Printing,,book,,,,,,,,,,,Archived,,,,,,,,10.3390/books978-3-7258-1239-4,,,236,,,,,,,,,,,MDPI - Multidisciplinary Digital Publishing Institute,,9783725812400||9783725812394,,,,,,,,,,,,,,,,,,,,,,,,,,,,,,,,,,,,,,
230e3612-14bb-442f-910e-1ec694ec18d2,20.500.12854/6,Archived,https://mdpi.com/books/pdfview/book/2443,,9.78E+12,https://creativecommons.org/licenses/by/4.0/,https://mdpi.com/books/pdfview/book/2443,,,,,,,"Han, Dong-Wook||Oh, Jin-Woo",,,2021-05-01T15:26:41Z,2021-05-01T15:26:41Z,2020,,,,"A virus is considered a nanoscale organic material that can infect and replicate only inside the living cells of other organisms, ranging from animals and plants to microorganisms, including bacteria and archaea. The structure of viruses consists of two main parts: the genetic material from either DNA or RNA that carries genetic information, and a protein coat, called the capsid, which surrounds and protects the genetic material. By inserting the gene encoding functional proteins into the viral genome, the functional proteins can be genetically displayed on the protein coat to form bioengineered viruses. Therefore, viruses can be considered biological nanoparticles with genetically tunable surface chemistry and can serve as models for developing virus-like nanoparticles and even nanostructures. Via this process of viral display, bioengineered viruses can be mass-produced with lower cost and potentially used for energy and biomedical applications. This book highlights the recent developments and future directions of virus-based nanomaterials and nanostructures. The virus-based biomimetic materials formulated using innovative ideas were characterized for the applications of biosensors and nanocarriers. The research contributions and trends on virus-based materials covering energy harvesting devices to tissue regeneration in the last two decades are discussed.","Made available in DSpace on 2021-05-01T15:26:41Z (GMT). No. of bitstreams: 1
VirusBased_Nanomaterials_and_Nanostructures.jpg?v1618830777: 310957 bytes, checksum: 5d59aced10e782ba432f13c6e23fd4b7 (MD5)
  Previous issue date: 2020",,,,ONIX_20210501_9783039286942_425,,,,,,https://directory.doabooks.org/handle/20.500.12854/68679,,English[eng],,,,,,,,,,,,,,,,,,,,,,,,"thema EDItEUR::T Technology, Engineering, Agriculture, Industrial processes::TB Technology: general issues::TBX History of engineering and technology",virus-like particles||glioblastoma||convection-enhanced delivery||tobacco mosaic virus||bioconjugation||doxorubicin||drug delivery||protein-based nanomaterials||viral capsid||VLPs||hepatitis B virus capsid protein||HBc||viral self-assembly||magnetic core||HBcAg||BmNPV bacmid||nanobiomaterials||Neospora caninum||Neospora caninum profilin||neosporosis||silkworm expression system||ZnS||bio/inorganic hybrid materials||hydrophobization||polymer coupling||virus||tissue regeneration||biomimetic nanocomposites||phage display||nano-vaccines||HIV-1 Env trimers||B-cell targeting||intrastructural help||VNPs||Hsp60||IBD||autoantibody||inflammation||diagnosis||biosensor||M13 bacteriophage||color sensor||energy generator||piezoelectric||self-assembly||genetic engineering||multi-array sensors||hierarchical cluster analysis||high selectivity||piezoelectric materials||organic materials||biomaterials||energy applications||biomedical applications||virus-based nanomaterials||energy devices||piezoelectric biomaterials,,Virus-Based Nanomaterials and Nanostructures,,book,,,,,,,,,,,Archived,,,,,,,,10.3390/books978-3-03928-695-9,,,178,,"Basel, Switzerland",,,,,,,,,MDPI - Multidisciplinary Digital Publishing Institute,,9783039286942||9783039286959,,,,,,,,,,,,,,,,,,,,,,,,,,,,,,,,,,,,,,
a5e13ac6-2062-4473-b581-fa5f15ec7cfd,20.500.12854/6,Archived,https://mts.intechopen.com/storage/books/5164/authors_book/authors_book.pdf,,9.79E+12,https://creativecommons.org/licenses/by/3.0/,https://www.intechopen.com/books,,,,,,,"Rozim Zorzi, Alessandro||Batista de Miranda, Joao",,,2021-04-20T15:56:39Z,2021-04-20T15:56:39Z,2016,,,,"Advanced Techniques in Bone Regeneration is a book that brings together over 15 chapters, written by leading practitioners and researchers, of the latest advances in the area, including surgical techniques, new discoveries, and promising methods involving biomaterials and tissue engineering. This book is intended for all who work in the treatment of disorders involving problems with the regeneration of bone tissue, are doctors or dentists, as well as are researchers and teachers involved in this exciting field of scientific knowledge.","Made available in DSpace on 2021-04-20T15:56:39Z (GMT). No. of bitstreams: 1
web_image.jpg: 75889 bytes, checksum: a4a8fa6d605743b260dc7949b6e53432 (MD5)
  Previous issue date: 2016",,,,ONIX_20210420_9789535125396_2251,,,,,,https://directory.doabooks.org/handle/20.500.12854/66892,,English[eng],,,,,,,,,,,,,,,,,,,,,,,,thema EDItEUR::M Medicine and Nursing::MN Surgery::MNJ Vascular surgery,Orthopaedics & fractures,,Advanced Techniques in Bone Regeneration,,book,,,,,,,,,,,Archived,,,,,,,,10.5772/61425,,IntechOpen,386,,,,,,,,,,,IntechOpen,,9789535125396||9789535125389||9789535172949,,,,,,,,,,,,,,,,,,,,,,,,,,,,,,,,,,,,,,
b17e0f20-3d62-4943-be02-b10b021e5719,20.500.12854/6,Archived,https://www.mdpi.com/books/pdfview/book/736,,,https://creativecommons.org/licenses/by-nc-nd/4.0/,https://play.google.com/books/publish/a/14935057684283403269#details/ISBN:9783038970330||https://www.mdpi.com/books/pdfview/book/736,,,,,,João F. Mano (Ed.)||Insung S. Choi (Ed.),,,,2021-02-11T07:45:22Z,2021-02-11T07:45:22Z,2018,04/09/2018 13:51,,,"Since Langer’s seminal work, polymers have been on every corner of tissue engineering. The roles of bioresorbable polymers, as a scaffold, are not merely structural, providing three-dimensional (3D) homing sites to cells, but also functional at their interface with the cells. The polymeric scaffolds actively act as both biochemical and physical cues for cell behaviors, such as adhesion, growth, proliferation, and differentiation. Polymers and cells could interact further with each other mutually, sensing and responding to the signals from the partner. Technological advances in this direction, including chemical modification of polymer scaffolds, highly cytocompatible hybrid materials/composites, dynamic scaffolds, control of juxtacrine interactions, and 3D bioprinting and microfluidic devices, ensure the advances in polymers as cell scaffolds. The detection and characterization methods for cell-material interactions and cell behaviors have been greatly improved, and new characterization techniques have emerged. Recent years have witnessed a quantum leap of progress in tissue engineering and regenerative medicine, and this edited book illustrates some of the advances in polymers as cell scaffolds.","Made available in DSpace on 2021-02-11T07:45:22Z (GMT). No. of bitstreams: 1
Advance_of_Polymers_Applied_to_Biomedical_Applications_Cell_Scaffolds.jpg: 38882 bytes, checksum: 7fcad2d46ce1105c964c71ec9b0064f3 (MD5)
  Previous issue date: 2018",,,,27536,,,,,,https://directory.doabooks.org/handle/20.500.12854/40174,,English[eng],,,,,,,,,,,,,,,,,,,,,,,QD1-999,thema EDItEUR::P Mathematics and Science::PN Chemistry,polymer scaffolds||cell-surface engineering||biodegradable polymers||biomimetic substrates||hydrogels||biomaterials,,Advance of Polymers Applied to Biomedical Applications: Cell Scaffolds,,book,,,,,,,,,,,Archived,,,1st,,,,,10.3390/books978-3-03897-034-7,,,406,,,,,,,,,,,MDPI - Multidisciplinary Digital Publishing Institute,,9783038970330||9783038970347,,,,,,,,,,,,,,,,,,,,,,,,,,,,,,,,,,,,,,
d52af322-4ff2-4c36-a2bb-b69f25c37722,20.500.12854/6,Archived,https://mdpi.com/books/pdfview/book/6815,,9.78E+12,https://creativecommons.org/licenses/by/4.0/,,,,,,,,"Acierno, Domenico||Patti, Antonella",,,2023-03-07T16:31:37Z,2023-03-07T16:31:37Z,2023,,,,"This Special Issue collected original contributions, both research papers and reviews, showing recent results and/or positive advances in the behavior of new sustainable bio-materials under applied mechanical stress, both in static and dynamic mode, and evaluating the characteristics of resistance, moduli and/or viscoelasticity, in view of potential applications, such as tissue engineering, medical devices, surgical or dental implants, manufacturing of human parts, agriculture, packaging, textiles, electronics, automotive and aerospace, green buildings, and architecture and construction.","Made available in DSpace on 2023-03-07T16:31:37Z (GMT). No. of bitstreams: 1
Mechanical_Performance_of_Sustainable_BioBased_Compounds.jpg: 54122 bytes, checksum: 1fbf7b5619e6c86081e3c3adabc88586 (MD5)
  Previous issue date: 2023",,,,ONIX_20230307_9783036566856_69,,,,,,https://directory.doabooks.org/handle/20.500.12854/98059,,English[eng],,,,,,,,,,,,,,,,,,,,,,,,"thema EDItEUR::G Reference, Information and Interdisciplinary subjects::GP Research and information: general||thema EDItEUR::K Economics, Finance, Business and Management::KC Economics::KCV Economics of specific sectors::KCVG Environmental economics",biodegradable polymers||mechanical properties||rheology||processing||moisture content||characterisation||particleboard||natural fiber composites||Rhizophora spp.||biodegradable||thermomechanical properties||thermal properties||dicumyl peroxide||Joncryl||wood-polymer composites (WPC)||recycled thermoplastics||torque measurements||rheological properties||dynamic mechanical analyses||hot-pressing||paper web||fibre||lignin||diffusion||activation energy||wood flour||wood pellets||wood–plastic composites||transportation costs||physical properties||interfacial bond strength||wood-polymer composites||wood-polymer interface||XPS||PLA/starch||compatibilizer||vegetable oil-based additive||masterbatch||epoxidized natural rubber||halloysite nanotubes||urea||tensile properties||wide-angle X-ray scattering||jute fabrics||3D printing||eco-friendly composites||gellan gum||virgin coconut oil||hydrogels||biomaterials||wound dressing||polylactic acid||chitosan||organosolv lignin||modifying agent||biocomposites||nanocomposites||durability||biodegradation||environmental ageing||creep||modelling||crazing||polyaniline||fruit waste||vegetable waste||waste valorization||bioactive compound||active packaging||by-product||extraction||thermal processing||non-thermal processing||sugar palm fiber||poly(lactic acid)||alkaline treatment||benzoyl chloride treatment||hybrid composites||biodegradable thermoplastic||coating||Amdry 6420||Metco 143||Metco 136F||hardness||adhesion||structure||Pandanus amaryllifolius fibre||natural fibres||composite||biodegradable plastics||polyhydroxybutyrate||polymer composites||compounding||injection molding||MOR||MOE||IB||panel||nanocomposite||acrylic denture teeth||nano ZrO2 particles||wear behavior||microstructure||microhardness||polymerization||polymethyl methacrylate resin||textiles||sustainability||biopolymers||carboxymethyl cellulose||drying effects||coating layers||fiber-based material||hydrothermal-mechanical pretreatment||agricultural wastes||energy efficiency||waste generation||single fiber test||Weibull distribution||gauge length||environmental degradation||UV aging||moisture||tissue engineered vascular grafts||biomechanical stimulation||rice bran||ultrasound cavitation||resistant starch microstructure||crystallinity||hydration properties||mechanical performance||physical treatment||chemical treatment||biological treatment||κ-carrageenan–gelatin hydrogel||supramolecular structure||n/a,,Mechanical Performance of Sustainable Bio-Based Compounds,,book,,,,,,,,,,,Archived,,,,,,,,10.3390/books978-3-0365-6684-9,,,572,,Basel,,,,,,,,,MDPI - Multidisciplinary Digital Publishing Institute,,9783036566856||9783036566849,,,,,,,,,,,,,,,,,,,,,,,,,,,,,,,,,,,,,,
8f4bb694-c09e-4055-b7b3-d01b35fef3bd,20.500.12854/6,Archived,https://mts.intechopen.com/storage/books/5852/authors_book/authors_book.pdf,,9.79E+12,https://creativecommons.org/licenses/by/3.0/,https://www.intechopen.com/books/5852,,,,,,,"Colette Mauricio, Ana",,,2023-12-01T15:31:16Z,2023-12-01T15:31:16Z,2017,,,,"Peripheral nerve injuries are a high-incidence clinical problem that greatly affects patients' quality of life. Despite continuous refinement of microsurgery techniques, peripheral nerve repair still stands as one of the most challenging tasks in neurosurgery, as functional neuromuscular recovery is rarely satisfactory in these patients. Therefore, the improvement of surgical techniques and the clinical application of innovative therapies have been intensively studied worldwide. Direct nerve repair with epineural end-to-end sutures is still the gold standard treatment for severe neurotmesis injuries but only in cases where well-vascularized tension-free coaptation can be achieved. When peripheral nerve injury originates a significant gap between the nerve stumps, nerve grafts are required, with several associated disadvantages. Therefore, the development of scaffolds by tissue engineering can provide efficient treatment alternatives to stimulate optimum clinical outcome. Nerve conduit tailoring involves reaching ideal wall pores, using electrospinning techniques in their fabrication, surface coating with extracellular matrix materials, and adding of growth factors or cell-based therapies, among other possibilities. Also, intraluminal cues are employed such as the filling with hydrogels, inner surface modification, topographical design, and the introduction of neurotrophic factors, antibiotics, anti-inflammatories and other pharmacological agents. A comprehensive state of the art of surgical techniques, tissue-engineered nerve graft scaffolds, and their application in nerve regeneration, the advances in peripheral nerve repair and future perspectives will be discussed, including surgeons' and researchers' own large experience in this field of knowledge.","Made available in DSpace on 2023-12-01T15:31:16Z (GMT). No. of bitstreams: 1
web_image.jpg: 72047 bytes, checksum: 400f9a5dbfee7105a93d5aae64a397e9 (MD5)
  Previous issue date: 2017",,,,ONIX_20231201_9789535131663_599,,,,,,https://directory.doabooks.org/handle/20.500.12854/129490,,English[eng],,,,,,,,,,,,,,,,,,,,,,,,"thema EDItEUR::P Mathematics and Science::PS Biology, life sciences::PSA Life sciences: general issues::PSAN Neurosciences","apoptosis, migration, injury, proliferation, carpal tunnel syndrome, adult neurogenesis",,Peripheral Nerve Regeneration,From Surgery to New Therapeutic Approaches Including Biomaterials and Cell-Based Therapies Development,book,,,,,,,,,,,Archived,,,,,,,,10.5772/65612,,IntechOpen,224,,,,,,,,,,,IntechOpen,,9789535131663||9789535131656||9789535148128,,,,,,,,,,,,,,,,,,,,,,,,,,,,,,,,,,,,,,
9cac4494-1129-4253-a106-8d6f119e4826,20.500.12854/6,Archived,https://mdpi.com/books/pdfview/book/10208,,9.78E+12,https://creativecommons.org/licenses/by/4.0/,,,,,,,,"Rahman, Azizur",,,2025-02-20T13:21:18Z,2025-02-20T13:21:18Z,2024,,,,"Marine collagen and chitin exhibit significant applicative potential in the fields of drug discovery, drug delivery, wound healing, tissue engineering, antiaging, agriculture, and the environment. These two biopolymers also exhibit similar hierarchical structural organizations. After cellulose, chitin is the second most important natural polymer in the world, and has been identified in bacteria, fungi, plants, and marine invertebrates. Chitin can also be enzymatically deacetylated to chitosan, a more flexible and soluble biopolymer. As mentioned above, it has many applications, including in the biomedical, environmental, and agricultural sectors. Similarly, nature is a source of massive quantities of collagen, especially in marine organisms. It is the main fibrous structural protein in the extracellular matrix and connective tissue of animals. It contributes greatly to the development of products for biotechnology and medical applications..","Made available in DSpace on 2025-02-20T13:21:18Z (GMT). No. of bitstreams: 1
Collagen_and_Chitin_from_Marine_Resources_and_Their_Interdisciplinary_Applications.jpg?v=1739876931: 217795 bytes, checksum: 134f1d5f003005bdf5fcb80a83ce666d (MD5)
  Previous issue date: 2024",,,,ONIX_20250220_9783725825530_329,,,,,,https://directory.doabooks.org/handle/20.500.12854/152965,,English[eng],,,,,,,,,,,,,,,,,,,,,,,,"thema EDItEUR::T Technology, Engineering, Agriculture, Industrial processes::TB Technology: general issues||thema EDItEUR::M Medicine and Nursing::MJ Clinical and internal medicine::MJC Diseases and disorders::MJCL Oncology",marine collagen||marine chitin||chitosan||marine proteins and peptides||biopolymers||corals||sponges||sea urchins||marine fish||mollusks/bivalves||marine algae||marine polysaccharides||marine bioactive compounds||marine biotechnology||marine biomaterials||proteomics,,Collagen and Chitin from Marine Resources and Their Interdisciplinary Applications,,book,,,,,,,,,,,Archived,,,,,,,,10.3390/books978-3-7258-2554-7,,,248,,Basel,,,,,,,,,MDPI - Multidisciplinary Digital Publishing Institute,,9783725825530||9783725825547,,,,,,,,,,,,,,,,,,,,,,,,,,,,,,,,,,,,,,
642492fb-6194-48a5-9725-84261da025a5,20.500.12854/6,Archived,https://mdpi.com/books/pdfview/book/3732,,9.78E+12,https://creativecommons.org/licenses/by/4.0/,https://mdpi.com/books/pdfview/book/3732,,,,,,,"Pollini, Mauro||Paladini, Federica",,,2022-01-11T13:28:24Z,2022-01-11T13:28:24Z,2021,,,,"Evolved in a huge number of different materials and structures, nature represents a great inspiration for scientists and researchers, which continuously focuses attention on the development of novel approaches and functional biomaterials to mimic the complex architectures and functions of the human body. Bioinspired engineering is considered today as a valuable tool for the design of clinically relevant materials and structures for regenerative sciences and, in this direction, many progresses have been recently made by the scientific research in the biomedical field. This book aims at collecting some recent works addressed to the definition of novel bioinspired approaches in bioengineering and biotechnology, presenting interesting scientific results and a comprehensive overview of attracting materials in research papers and review articles.","Made available in DSpace on 2022-01-11T13:28:24Z (GMT). No. of bitstreams: 1
BioInspired_Materials_for_Biomedical_Applications.jpg: 173717 bytes, checksum: 5240a2fc97d2e03b7fe7cf697d24afd1 (MD5)
  Previous issue date: 2021",,,,ONIX_20220111_9783036505282_50,,,,,,https://directory.doabooks.org/handle/20.500.12854/76314,,English[eng],,,,,,,,,,,,,,,,,,,,,,,,"thema EDItEUR::T Technology, Engineering, Agriculture, Industrial processes::TB Technology: general issues",biomaterials||bone tissue||biomedical applications||multi-spiked connecting scaffold (MSC-Scaffold)||biomimetic scaffold||CaP biomineral coating||combined electrochemical deposition||collagen||hydroxyapatite||biomimetic material||scaffold||bone regeneration||biocomposite||bioproduct||biomaterial||fibrin||stem cell||silk||fibroin||wound healing||antibacterial,,Bio-Inspired Materials for Biomedical Applications,,book,,,,,,,,,,,Archived,,,,,,,,10.3390/books978-3-0365-0529-9,,,92,,"Basel, Switzerland",,,,,,,,,MDPI - Multidisciplinary Digital Publishing Institute,,9783036505282||9783036505299,,,,,,,,,,,,,,,,,,,,,,,,,,,,,,,,,,,,,,
cf0e8c5d-b61c-4459-ae4e-43c0a26e29f6,20.500.12854/6,Archived,https://mdpi.com/books/pdfview/book/1322,,,https://creativecommons.org/licenses/by-nc-nd/4.0/,,,,,,,"Arrieta, Marina P.||Muñoz-Bonilla, Alexandra||Sonseca, Agueda||Echeverría, Coro||Fernández-García, Marta",,,,2021-02-11T23:28:41Z,2021-02-11T23:28:41Z,2019,26/06/2019 08:44,,,"This book collects the articles published in the Special Issue “Polymeric Materials: Surfaces, Interfaces and Bioapplications”. It shows the advances in polymeric materials, which have tremendous applications in agricultural films, food packaging, dental restoration, antimicrobial systems, and tissue engineering. These polymeric materials are presented as films, coatings, particles, fibers, hydrogels, or networks. The potential to modify and modulate their surfaces or their content by different techniques, such as click chemistry, ozonation, breath figures, wrinkle formation, or electrospray, are also explained, taking into account the relationship between the structure and properties in the final application. Moreover, new trends in the development of such materials are presented, using more environmental friendly and safe methods, which, at the same time, have a high impact on our society.","Made available in DSpace on 2021-02-11T23:28:41Z (GMT). No. of bitstreams: 1
Polymeric_Materials.jpg: 96366 bytes, checksum: 59e3aa6c1c03685297d8cda0c53e190c (MD5)
  Previous issue date: 2019",,,,33663,,,,,,https://directory.doabooks.org/handle/20.500.12854/56640,,English[eng],,,,,,,,,,,,,,,,,,,,,,,Q1-390||QC1-999,"bic Book Industry Communication::G Reference, information & interdisciplinary subjects::GP Research & information: general",Artificial muscle||chitosan||graphene oxide||antifouling coatings||tissue engineering||biodegradable||polymer cross-linking||UV/ozone||inmiscibility||bioapplications||antibacterial||polypropylene||degradation||protein-repellent polymer||micro- and nanopatterned films||oral biofilms||bio-based||composite films||stimuli-responsive materials/smart surfaces||surface modification/functionalization||caries inhibition||superhydrophobic||blends||nanosecond laser surface modification||biofouling||degenerative disc disease||surface-attached polymer network||total disc replacement||surface wettability||bonding agents||polydimethylsiloxane||natural biofilms||Electrical stimulation||microparticles||hemicelluloses||superhydrophilic||fossil||surface segregation||honeycomb||prolonged drug release||hydrogel||conformational entropy||Electroactive biomaterials||antimicrobial||ABS (Acrylonitrile-Butadiene-Styrene)||intervertebral disc||calcium chloride||sustainable||biodegradable polymers||friction and wear||Drug delivery||alginate modification||breath figures||spinal fusion||blends and (nano)composites||composites||antimicrobial polymer||periodontal pathogens||polymeric composites||scaffolds||corn stalk fiber||worn surface morphology||irradiance||friction composite||antimicrobial coatings||gradient wrinkles||porous surfaces||Electrically conductive polymers||oxygen barrier property||food packaging||spinal anatomy||Smart composites||recycling||packaging||hybrids||bio-based polymers||coatings||poly(x-chlorostyrene)||eco-friendly||multidimensional scale analysis||single-stranded conformation polymorphism||Bioelectric effect||spray drying||herniated disc,,"Polymeric Materials: Surfaces, Interfaces and Bioapplications",,book,,,,,,,,,,,Archived,,,1st,,,,,10.3390/books978-3-03897-963-0,,,342,,,,,,,,,,,MDPI - Multidisciplinary Digital Publishing Institute,,9783038979630||9783038979623,,,,,,,,,,,,,,,,,,,,,,,,,,,,,,,,,,,,,,
53968f9d-20b3-4382-9b63-8b6c3278fc42,20.500.12854/6,Archived,https://mdpi.com/books/pdfview/book/2031,,,https://creativecommons.org/licenses/by-nc-nd/4.0/,,,,,,,"Cassano, Roberta||Trombino, Sonia",,,,2021-02-11T11:13:11Z,2021-02-11T11:13:11Z,2020,07/04/2020 23:07,,,"The aim of this book is to provide an analysis of the main characteristics and applications of hydrogels. Hydrogels are frequently used for manufacturing contact lenses, hygiene products, tissue engineering scaffolds, drug delivery systems, and wound dressings. These materials are useful in everyday life, so publicizing them in both academic and pharmaceutical fields is essential.","Made available in DSpace on 2021-02-11T11:13:11Z (GMT). No. of bitstreams: 1
Designing_Hydrogels_for_Controlled_Drug_Delivery.jpg?v1586291300: 33641 bytes, checksum: 052d9f1bf83f8c7ff5d4d01858c92b92 (MD5)
  Previous issue date: 2020",,,,44756,,,,,,https://directory.doabooks.org/handle/20.500.12854/44828,,English[eng],,,,,,,,,,,,,,,,,,,,,,,R5-920||RM1-950,thema EDItEUR::M Medicine and Nursing,epilepsy||n/a||ocular delivery||zein/poly 4-mercaptophenyl methacrylate-carbon nano-onions hydrogels||biomaterial||sustained release||copolymer||progesterone||drug delivery||allotransplantation||hyaluronic acid||gel||pediatric||mucoadhesive nanoparticles||sustained delivery||colon targeting||cytocompatibility||oxidized inulin||microemulsion||cationic surfactant||contact lenses||tacrolimus||hydrogel nanoparticles||click chemistry||acoustic cavitation method||poloxamer||hydrogels||brain||biomedical||carbamazepine||micelle||controlled release||hydrogel||mucoadhesive chitosan multifunctional derivatives||microrheology||cancer||thermosensitive hydrogels||trimethyl chitosan||thermosensitive||periodate oxidation||ocular cancer||pH-responsive drug release,,Designing Hydrogels for Controlled Drug Delivery,,book,,,,,,,,,,,Archived,,,1st,,,,,10.3390/books978-3-03928-357-6,,,162,,,,,,,,,,,MDPI - Multidisciplinary Digital Publishing Institute,,9783039283576||9783039283569,,,,,,,,,,,,,,,,,,,,,,,,,,,,,,,,,,,,,,
ce36859b-1f90-4785-9079-4678b61b06b1,20.500.12854/6,Archived,https://mdpi.com/books/pdfview/book/6815,,9.78E+12,https://creativecommons.org/licenses/by/4.0/,https://mdpi.com/books/pdfview/book/6815,,,,,,,"Acierno, Domenico||Patti, Antonella",,,2023-04-05T12:50:47Z,2023-04-05T12:50:47Z,2023,,,,"This Special Issue collected original contributions, both research papers and reviews, showing recent results and/or positive advances in the behavior of new sustainable bio-materials under applied mechanical stress, both in static and dynamic mode, and evaluating the characteristics of resistance, moduli and/or viscoelasticity, in view of potential applications, such as tissue engineering, medical devices, surgical or dental implants, manufacturing of human parts, agriculture, packaging, textiles, electronics, automotive and aerospace, green buildings, and architecture and construction.","Made available in DSpace on 2023-04-05T12:50:47Z (GMT). No. of bitstreams: 1
Mechanical_Performance_of_Sustainable_BioBased_Compounds.jpg?v1680526424: 54122 bytes, checksum: 1fbf7b5619e6c86081e3c3adabc88586 (MD5)
  Previous issue date: 2023",,,,ONIX_20230405_9783036566856_58,,,,,,https://directory.doabooks.org/handle/20.500.12854/98779,,English[eng],,,,,,,,,,,,,,,,,,,,,,,,"thema EDItEUR::T Technology, Engineering, Agriculture, Industrial processes::TB Technology: general issues||thema EDItEUR::T Technology, Engineering, Agriculture, Industrial processes::TB Technology: general issues::TBX History of engineering and technology",biodegradable polymers||mechanical properties||rheology||processing||moisture content||characterisation||particleboard||natural fiber composites||Rhizophora spp.||biodegradable||thermomechanical properties||thermal properties||dicumyl peroxide||Joncryl||wood-polymer composites (WPC)||recycled thermoplastics||torque measurements||rheological properties||dynamic mechanical analyses||hot-pressing||paper web||fibre||lignin||diffusion||activation energy||wood flour||wood pellets||wood–plastic composites||transportation costs||physical properties||interfacial bond strength||wood-polymer composites||wood-polymer interface||XPS||PLA/starch||compatibilizer||vegetable oil-based additive||masterbatch||epoxidized natural rubber||halloysite nanotubes||urea||tensile properties||wide-angle X-ray scattering||jute fabrics||3D printing||eco-friendly composites||gellan gum||virgin coconut oil||hydrogels||biomaterials||wound dressing||polylactic acid||chitosan||organosolv lignin||modifying agent||biocomposites||nanocomposites||durability||biodegradation||environmental ageing||creep||modelling||crazing||polyaniline||fruit waste||vegetable waste||waste valorization||bioactive compound||active packaging||by-product||extraction||thermal processing||non-thermal processing||sugar palm fiber||poly(lactic acid)||alkaline treatment||benzoyl chloride treatment||hybrid composites||biodegradable thermoplastic||coating||Amdry 6420||Metco 143||Metco 136F||hardness||adhesion||structure||Pandanus amaryllifolius fibre||natural fibres||composite||biodegradable plastics||polyhydroxybutyrate||polymer composites||compounding||injection molding||MOR||MOE||IB||panel||nanocomposite||acrylic denture teeth||nano ZrO2 particles||wear behavior||microstructure||microhardness||polymerization||polymethyl methacrylate resin||textiles||sustainability||biopolymers||carboxymethyl cellulose||drying effects||coating layers||fiber-based material||hydrothermal-mechanical pretreatment||agricultural wastes||energy efficiency||waste generation||single fiber test||Weibull distribution||gauge length||environmental degradation||UV aging||moisture||tissue engineered vascular grafts||biomechanical stimulation||rice bran||ultrasound cavitation||resistant starch microstructure||crystallinity||hydration properties||mechanical performance||physical treatment||chemical treatment||biological treatment||κ-carrageenan–gelatin hydrogel||supramolecular structure||n/a,,Mechanical Performance of Sustainable Bio-Based Compounds,,book,,,,,,,,,,,Archived,,,,,,,,10.3390/books978-3-0365-6684-9,,,572,,Basel,,,,,,,,,MDPI - Multidisciplinary Digital Publishing Institute,,9783036566856||9783036566849,,,,,,,,,,,,,,,,,,,,,,,,,,,,,,,,,,,,,,
723a9411-bb62-46d8-953f-ec078c38da9e,20.500.12854/6,Archived,https://mts.intechopen.com/storage/books/11453/authors_book/authors_book.pdf,,9.78E+12,https://creativecommons.org/licenses/by/3.0/,https://www.intechopen.com/books/11453,,,,,,,"Haidar, Ziyad S.",,,2023-02-15T14:58:45Z,2023-02-15T14:58:45Z,2023,,,,"Biomimetics is an innovative form of technology that emulates, imitates, or mimics nature in order to improve human lives by creating desirable solutions. It is the study of nature and natural phenomena in an attempt to understand its laws, principles, and underlying mechanisms, to obtain ideas from nature, and to apply concepts that may benefit science, engineering, pharmacy, dentistry, and medicine. Smart/intelligent biomaterials for tissue engineering and regenerative medicine are fine examples of biomimetics. Yet, biomimicry can go above and beyond the simplistic inspiration and use of natural properties as the basis for the innovation of new products. It bridges the gap between the lab and the industry via the intra-disciplinary design and formulation of functional solutions combining knowledge, methods, techniques, and advances in the fields of chemistry, biology, architecture, engineering, medicine, pharmaceutics, dentistry, and biomedical engineering. Three-dimensional printing, self-healing nanocoatings, hydrogels, bio-mechanical carbon nanotubes, stimuli-sensitive and -responsive cell/drug delivery systems, and robotics are some of the topics covered in this book. In a simplified style, the book provides interested readers with a practical reference approaching biomimetics and biomimicry from a realistic and translational perspective, discussing problems and offering solutions and including studies ranging from basics to the clinic to scale-up and industrial or go-to-market obstacles. Through Biomimetics - Bridging the Gap, you’ll quickly discover that biomimicry is more than just looking at a silkworm (silk is one of the first examples in history) or at the shape of a flower, a damselfly, or even a humpback whale and becoming re-inspired. Biomimicry is an intra-/multi-disciplinary methodology and technological-oriented approach presently employed by the most innovative organizations on this planet.","Made available in DSpace on 2023-02-15T14:58:45Z (GMT). No. of bitstreams: 1
web_image.jpg: 69503 bytes, checksum: c3711be920bc85225b50659393575f59 (MD5)
  Previous issue date: 2023",,,,ONIX_20230215_9781803568973_377,,,2631-5343,,,https://directory.doabooks.org/handle/20.500.12854/97339,,English[eng],,,,,,,,,,Biomedical Engineering,,,,,,,,,,,,,,"thema EDItEUR::T Technology, Engineering, Agriculture, Industrial processes::TC Biochemical engineering::TCB Biotechnology",Biochemical engineering,,Biomimetics,Bridging the Gap,book,,,,,,,,,,,Archived,,,,,,,,10.5772/intechopen.100667,,IntechOpen,172,,,,,,,,,,,IntechOpen,,9781803568973||9781803568966||9781803568980,,,,,,17,,,,,,,,,,,,,,,,,,,,,,,,,,,,,,,,
1d620825-5d5f-467f-95c4-38dab05b37b2,20.500.12854/12,Archived,https://library.oapen.org/bitstream/20.500.12657/59742/1/9781000794113.pdf||https://library.oapen.org/bitstream/20.500.12657/59742/1/9781000794113.pdf,,,http://creativecommons.org/licenses/by-nc/4.0||http://creativecommons.org/licenses/by-nc/4.0,,,,,,,,"Pennisi, Cristian Pablo||Prasad, Mayuri Sinha||Rameshwar, Pranela",,,2022-11-29T04:03:30Z,2022-11-29T04:03:30Z,2017,2022-11-28T16:03:56Z,,,"How stem cells behave is very much a factor of their local microenvironment, also known as the stem cell niche. Physical, chemical, or electrical signals from the neighboring cells or biochemical signals from distant cells are crucial in the cell fate decision process. A major challenge of tissue engineering is to mimic the natural cell environment by designing very sophisticated scaffolds able not only to mechanically support cells, but also to release signals biologically relevant for governing stem cell fate. In addition, increasing evidence suggests that abnormal interaction of stem cells with their niche is responsible for altered cell function leading to malignant transformation. This book discusses some of the recent advances in stem cell research that may help understanding the properties of the niche that govern stem cell fate. Technical topics discussed include:Stem cell biologyCancer stem cellsStem cell interactions with biomaterialsEngineering the stem cell microenvironmentStem cells in tissue regeneration and repairThe Disputationes Workshop series is an international initiative aimed at disseminating stem cell related cutting edge knowledge among scientists, healthcare workers, students and policy makers. This book emerges as a result of the scientific contributions presented and discussed during the fifth Disputationes Workshop held in Aalborg (Denmark) in April 2014. The stem cell microenvironment and its role in regenerative medicine and cancer pathogenesis is ideal for academic staff and master/research students in biomedical and health sciences","Made available in DSpace on 2022-11-29T04:03:30Z (GMT). No. of bitstreams: 1
9781000794113.pdf.jpg: 5377 bytes, checksum: d1997d9b431504957ddf391f487ed02a (MD5)
  Previous issue date: 2017||Item created via OAI harvest from source: https://library.oapen.org/oai/doab-migration on 2022-11-29T04:03:31Z (GMT).  Item's OAI Record identifier: oai:library.oapen.org:20.500.12657/59742||Item created via OAI harvest from source: https://library.oapen.org/oai/doab-migration on 2025-01-25T09:05:47Z (GMT).  Item's OAI Record identifier: oai:library.oapen.org:20.500.12657/59742",,,,ONIX_20221128_9781000794113_26||https://library.oapen.org/handle/20.500.12657/59742,,,,,,https://directory.doabooks.org/handle/20.500.12854/94312,,English[eng],,,,,,,,,,,,,,,,open access,,,,,,,,,"Cellular biology (cytology)||Pre-clinical medicine: basic sciences||thema EDItEUR::P Mathematics and Science::PS Biology, life sciences::PSF Cellular biology (cytology)||thema EDItEUR::M Medicine and Nursing::MF Pre-clinical medicine: basic sciences",,The Stem Cell Microenvironment and Its Role in Regenerative Medicine and Cancer Pathogenesis,,book,,,,,,,,,,,Archived,,,,,,,,10.1201/9781003339779,,River Publishers,142,,,,,,,,,,,Taylor & Francis,,9781000794113||9788793379930||9781003339779,,,Taylor & Francis open access titles are reviewed as a minimum at proposal stage by at least two external peer reviewers and an internal editor (additional reviews may be sought and additional content reviewed as required).,,,,,Single-anonymised,bc80075c-96cc-4740-a9f3-a234bc2598f1,No,Publisher,,Pre-publication,Proposal,Internal editor||External peer reviewer,Proposal review,,,,,,,,,,,,,,,,,,,,,,
7ca801ba-c9c7-494c-b322-1f4145e0c435,20.500.12854/6,Archived,https://mdpi.com/books/pdfview/book/4821,,9.78E+12,https://creativecommons.org/licenses/by/4.0/,https://mdpi.com/books/pdfview/book/4821,,,,,,,"Gantenbein, Benjamin",,,2022-02-24T10:34:28Z,2022-02-24T10:34:28Z,2022,,,,"This book provides a brief snapshot of recent research on the subject of intervertebral disc degeneration and how this specific organ could be regenerated. It provides stimuli to the reader in representing research from different angles in this cross-disciplinary field of spine surgeons, mechanical engineers and biologists. In particular, it is instructive as to how disc herniations could be successfully induced in vitro and, also, to how novel cell-based therapies using rare autochthonous stem cells could potentially be used in the future.","Made available in DSpace on 2022-02-24T10:34:28Z (GMT). No. of bitstreams: 1
Intervertebral_Disc_Regeneration.jpg: 185918 bytes, checksum: 379fe42d6b59605c9b2639d7fb620dd2 (MD5)
  Previous issue date: 2022",,,,ONIX_20220224_9783036527550_28,,,,,,https://directory.doabooks.org/handle/20.500.12854/78730,,English[eng],,,,,,,,,,,,,,,,,,,,,,,,"thema EDItEUR::T Technology, Engineering, Agriculture, Industrial processes::TB Technology: general issues::TBX History of engineering and technology",hyaluronic acid||disc repair||annulus fibrosus repair||biomaterials||inflammatory biomarkers and signalling pathways||nasal chondrocytes||disc degeneration||inflammation||microenvironment||nucleus pulposus||cell||spine||intervertebral disc||renin–angiotensin system||degeneration||regeneration||intervertebral disc (IVD)||stem cell||scaffolds||tissue engineering||test method||dynamic testing||in vitro||(lumbar) disc herniation||physiological activities||regenerative approaches||nucleus pulposus progenitor cells||cryopreservation||Tie2||spheroid colony||EZSPHERE||CryoStor 10||growth factors||differentiation||mesenchymal stromal cell||growth factor||Wnt||differentiation factor||chondrogenesis||cell therapy||progenitor cells||biomechanics||lumbar disc herniation||GDF5||GDF6||TGFβ||nucleus pulposus progenitor cells (NPPC)||losartanon,,Intervertebral Disc Regeneration,,book,,,,,,,,,,,Archived,,,,,,,,10.3390/books978-3-0365-2755-0,,,138,,Basel,,,,,,,,,MDPI - Multidisciplinary Digital Publishing Institute,,9783036527550||9783036527543,,,,,,,,,,,,,,,,,,,,,,,,,,,,,,,,,,,,,,
41316a49-a8b3-46af-8ea8-291ca83a7c28,20.500.12854/6,Archived,https://mdpi.com/books/pdfview/book/3659,,9.78E+12,https://creativecommons.org/licenses/by/4.0/,https://mdpi.com/books/pdfview/book/3659,,,,,,,"Abarrategi, Ander||Lanceros-Mendez, Senentxu",,,2022-01-11T13:27:29Z,2022-01-11T13:27:29Z,2021,,,,"Materials science and engineering are strongly developing tools with increasing impact in the biotechnological and biomedical areas. Interestingly, research in molecular and cellular biology is often at the core of the design and development of materials-based approaches, providing biological rationale. Focused on research relying on biology–materials interaction, IJMS launched a Special Issue named “Cells and Materials for Disease Modeling and Regenerative Medicine”. The aim of the Special Issue was to generate a compilation of in vitro and in vivo strategies based on cell–material interactions. This book compiles the papers published in that Special Issue and includes a selection of six original scientific experimental articles and six comprehensive reviews. We are convinced that this collection of articles shows representative examples of the state of the art in the field, unveiling the relevance of materials research in generating new regenerative medicine and disease modeling approaches.","Made available in DSpace on 2022-01-11T13:27:29Z (GMT). No. of bitstreams: 1
Cells_and_Materials_for_Disease_Modeling_and_Regenerative_Medicine.jpg: 197735 bytes, checksum: a009d7acf7eaaadcf2401162e3f9e697 (MD5)
  Previous issue date: 2021",,,,ONIX_20220111_9783036502625_17,,,,,,https://directory.doabooks.org/handle/20.500.12854/76281,,English[eng],,,,,,,,,,,,,,,,,,,,,,,,"thema EDItEUR::G Reference, Information and Interdisciplinary subjects::GP Research and information: general",Leigh syndrome||mitochondrial disorder||iPSC||NSC||neuron||disease modeling||mtDNA||high hydrostatic pressure||devitalization||decellularization||allografts||regenerative medicine||bone and cartilage regeneration||dentogenesis||amelogenesis||dentinogenesis||cementogenesis||drug release materials||scaffolds||odontogenic cells||stem cells||whole-tooth regeneration||psoriasis||cyclic adenosine monophosphate||cholera toxin||isoproterenol||tissue engineering||extracellular matrix||collagen||elastin||bladder||compliance||microarchitecture||biomimicry||blood cancer||bone marrow||niche||microenvironment||3D models||tumor-on-a-chip||leukemia||myeloma||biomaterials||cytokines||growth factors||cardiac tissue regeneration||adipose tissue||fibrosis||in vitro models||in vivo models||dental pulp stem cells||osteogenesis||rheumatoid arthritis||mesenchymal stromal cells||co-culture||3D cell culture||explants||joint-on-a-chip||piezoelectric||electroactive||patterning||cell differentiation||bone tissue engineering,,Cells and Materials for Disease Modeling and Regenerative Medicine,,book,,,,,,,,,,,Archived,,,,,,,,10.3390/books978-3-0365-0263-2,,,270,,"Basel, Switzerland",,,,,,,,,MDPI - Multidisciplinary Digital Publishing Institute,,9783036502625||9783036502632,,,,,,,,,,,,,,,,,,,,,,,,,,,,,,,,,,,,,,
5c70d514-96bc-43cc-92d7-643dae9410ad,20.500.12854/6,Archived,https://mdpi.com/books/pdfview/book/10389,,9.78E+12,https://creativecommons.org/licenses/by/4.0/,,,,,,,,"Zhang, Kunyu||Feng, Qian||Yu, Yongsheng||Yang, Boguang",,,2025-02-20T13:37:24Z,2025-02-20T13:37:24Z,2025,,,,"Bone defects caused by trauma, tumor, infection and a variety of congenital diseases are among the most common orthopedic disorders, and the clinical management of non-union bone defects is still a challenge for orthopedic surgeons. In recent years, bone implants based on metals, ceramics, and polymers have been widely utilized and helped millions of patients. However, the rapid growth of the elderly demographic has tremendously intensified the occurrence of bone trauma cases, requiring once again the further development of effective strategies for bone reconstruction and regeneration. Therefore, the development of scaffolds and implants with new compositions, three-dimensional configurations, proper mechanical properties, and particular interactions with cells is highly expected. These new biomaterials may effectively promote bone regeneration and thus have a significant impact on individual patients and health care systems. In this Special Issue, we would like to present an innovative perspective on the scaffolds and implants for bone regeneration. Topics will include but not be limited to, the following: scaffold design and fabrication; biocompatibility and biodegradability; host response to implants; cell–scaffold interactions; and scaffold-based drug delivery. Both original research articles and reviews are very welcome.","Made available in DSpace on 2025-02-20T13:37:24Z (GMT). No. of bitstreams: 1
Scaffolds_and_Implants_for_Bone_Regeneration.jpg?v=1739876932: 89796 bytes, checksum: a7a825b138fd0fb85789ca108f3c8160 (MD5)
  Previous issue date: 2025",,,,ONIX_20250220_9783725829491_504,,,,,,https://directory.doabooks.org/handle/20.500.12854/153140,,English[eng],,,,,,,,,,,,,,,,,,,,,,,,thema EDItEUR::M Medicine and Nursing::MB Medicine: general issues::MBD Medical profession::MBDC Medical ethics and professional conduct,maxillary sinus||biomaterial||sinus augmentation||collagen membrane||access window||antrostomy||osteotomy||total hip arthroplasty||protein adsorption||proteomics||osseointegration||titanium||bone regeneration||biocompatibility||host-implant response||polycaprolactone||biphasic calcium phosphate||scaffold||adipose||stem cells||nanocomposite||Si3N4||cellular response||degradability||AMIC||focal chondral lesions||cartilage chondrogenesis||collagen scaffolds||biomaterials||tissue engineering||implants||arthroplasty||aseptic prosthetic loosening||osteolysis||particle-induced osteolysis||mouse calvaria osteolysis model||polyethylene particles||wear particles||titanium alloy||electrodeposition||ceramic coating||indentation||corrosion resistance||cell proliferation||human whole blood||coagulation||complement||calcium phosphate||zirconia||femtosecond laser||bone formation||bone-bonding ability||surface curvature||trabecular bone||histomorphometric parameters||stiffness tensor||geometric parameter||deep learning||convolution neural network,,Scaffolds and Implants for Bone Regeneration,,book,,,,,,,,,,,Archived,,,,,,,,10.3390/books978-3-7258-2950-7,,,184,,Basel,,,,,,,,,MDPI - Multidisciplinary Digital Publishing Institute,,9783725829491||9783725829507,,,,,,,,,,,,,,,,,,,,,,,,,,,,,,,,,,,,,,
fc3e3dd8-6888-4dc8-9b09-f31643bd34d8,20.500.12854/12,Archived,https://library.oapen.org/bitstream/20.500.12657/32356/1/612531.pdf||https://library.oapen.org/bitstream/20.500.12657/32356/1/612531.pdf||https://library.oapen.org/bitstream/20.500.12657/32356/1/612531.pdf||https://library.oapen.org/bitstream/20.500.12657/32356/1/612531.pdf||https://library.oapen.org/bitstream/20.500.12657/32356/1/612531.pdf,,,https://creativecommons.org/licenses/by/3.0/||https://creativecommons.org/licenses/by/3.0/||https://creativecommons.org/licenses/by/3.0/||https://creativecommons.org/licenses/by/3.0/||https://creativecommons.org/licenses/by/3.0/,,,,,1,,"Morent, Rino||Ghobeira, Rouba||Cools, Pieter||van Geyterand, Nathalie||van Vrekhem, Stijn||Cools, Pieter||Ghobeira, Rouba||Van Vrekhem, Stijn||De Geyterand, Nathalie||Morent, Rino",,,,2021-02-10T12:58:18Z,,2016,2019-10-04 14:21:44||2020-04-01T14:07:10Z||2016-07-31 23:55||2019-10-04 14:21:44||2020-04-01T14:07:10Z||2016-12-31 23:55:55||2019-10-04 14:21:44||2020-04-01T14:07:10Z,,,"Non-thermal plasma technology is one of those techniques that suffer relatively little from diffusion limits, slow kinetics, and complex geometries compared to more traditional liquid-based chemical surface modification techniques. Combined with a lack of solvents, preservation of the bulk properties, and fast treatment times; it is a well-liked technique for the treatment of materials for biomedical applications. In this book chapter, a review will be given on what the scientific community determined to be essential to obtain appropriate scaffolds for tissue engineering and how plasma scientists have used non-thermal plasma technology to accomplish this. A distinction will be made depending on the scaffold fabrication technique, as each technique has its own set of specific problems that need to be tackled. Fabrication techniques will include traditional fabrication methods, rapid prototyping, and electrospinning. As for the different plasma techniques, both plasma activation and grafting/polymerization will be included in the review and linked to the in-vitro/in-vivo response to these treatments. The literature review itself is preceded by a more general overview on cell communication, giving useful insights on how surface modification strategies should be developed.",Item created via OAI harvest from source: https://library.oapen.org/oai/doab-migration on 2021-11-13T05:29:25Z (GMT).  Item's OAI Record identifier: oai:library.oapen.org:20.500.12657/32356||Item created via OAI harvest from source: https://library.oapen.org/oai/doab-migration on 2025-01-13T16:00:46Z (GMT).  Item's OAI Record identifier: oai:library.oapen.org:20.500.12657/32356||Item created via OAI harvest from source: https://library.oapen.org/oai/doab-migration on 2025-05-08T05:26:08Z (GMT).  Item's OAI Record identifier: oai:library.oapen.org:20.500.12657/32356,,,,612531||OCN: 1030814941||http://library.oapen.org/handle/20.500.12657/32356,,,,,,https://directory.doabooks.org/handle/20.500.12854/27409,,English[eng],,,,,,,,,,,,7292b17b-f01a-4016-94d3-d7fb5ef9fb79,,,,open access,,,,,,,,,non-thermal plasma technology||tissue engineering||scaffold fabrication||biomaterials||non-thermal plasma technology||tissue engineering||scaffold fabrication||biomaterials||Blood plasma||Collagen||Electrospinning||Osteoblast||Polylactic acid,thema EDItEUR::P Mathematics and Science::PD Science: general issues,Chapter 8 Non-thermal Plasma Technology for the Improvement of Scaffolds for Tissue Engineering and Regenerative Medicine - A Review,,chapter,,,,,,,,,,,Archived,,European Research Council (ERC)||EU collection,,,279022,FP7,,10.5772/62007,,,,,,,,,FP7 Ideas: European Research Council||7292b17b-f01a-4016-94d3-d7fb5ef9fb79,,Plasma Science and Technology - Progress in Physical States and Chemical Reactions,,,InTechOpen,,,,,,,,,,,,,,,,,,,,,,,,,,,,,,,,,,,,,,,,
c220a1b4-260f-41b1-9af1-289cac88b60f,20.500.12854/6,Archived,https://mdpi.com/books/pdfview/book/6248,,9.78E+12,https://creativecommons.org/licenses/by/4.0/,https://mdpi.com/books/pdfview/book/6248,,,,,,,"Sunasee, Rajesh||Ckless, Karina",,,2022-11-17T16:26:24Z,2022-11-17T16:26:24Z,2022,,,,"This book aims to highlight recent advances in the synthesis of nanocellulose and surface modifications for the design of functional nanocellulose, as well as its applications and potential biological impact. It features two review articles and four original research articles which targets a broad readership of chemists, materials scientists, biochemists, nanotechnologists and others with an interest in nanocellulose research.","Made available in DSpace on 2022-11-17T16:26:24Z (GMT). No. of bitstreams: 1
Synthesis_Applications_and_Biological_Impact_of_Nanocellulose.jpg: 206781 bytes, checksum: 4a1df85941a1e3acfd6864f5d85a560e (MD5)
  Previous issue date: 2022",,,,ONIX_20221117_9783036556208_76,,,,,,https://directory.doabooks.org/handle/20.500.12854/93819,,English[eng],,,,,,,,,,,,,,,,,,,,,,,,"thema EDItEUR::T Technology, Engineering, Agriculture, Industrial processes::TB Technology: general issues",carboxylated cellulose nanocrystals||functionalization||surface treatment||nanomaterial||biomaterial||bacterial nanocellulose||small-diameter vascular grafts||endothelialization||tissue engineering||bioreactor||cellulose nanocrystals||cationic||immunomodulator||hemolysis||cytotoxicity||nanocellulose||3D printing||composites||packaging||sustainable materials||additive manufacturing||date palm||poly(vinyl alcohol)||guar gum||phase-separated films||moxifloxacin||drug delivery||food additive||bacterial cellulose nanocrystals||cellulose binding module||fluorescence microscopy||gastrointestinal tract||absorption||n/a,,"Synthesis, Applications and Biological Impact of Nanocellulose",,book,,,,,,,,,,,Archived,,,,,,,,10.3390/books978-3-0365-5620-8,,,140,,Basel,,,,,,,,,MDPI - Multidisciplinary Digital Publishing Institute,,9783036556208||9783036556192,,,,,,,,,,,,,,,,,,,,,,,,,,,,,,,,,,,,,,
4392718d-08d1-4afe-98ed-410aa0c59863,20.500.12854/6,Archived,https://mdpi.com/books/pdfview/book/5723,,9.78E+12,https://creativecommons.org/licenses/by/4.0/,https://mdpi.com/books/pdfview/book/5723,,,,,,,"Cavalu, Simona",,,2022-07-06T11:54:26Z,2022-07-06T11:54:26Z,2022,,,,"Nowadays, the impact of nanotechnology on applications in medicine and biomedical sciences has broader societal and economic effects, enhancing awareness of the business, regulatory, and administrative aspects of medical applications. The selected papers included in the present Special Issue gives readers a critical, balanced and realistic evaluation of existing nanomedicine developments and future prospects, allowing practitioners to plan and make decisions.The topics of this book covers the use of nanoparticles and nanotechnology in medical applications including biomaterials for tissue regeneration, diagnosis and monitoring, surgery, prosthetics, drug delivery systems, nanocarriers, and wound dressing. I would like to express my gratitude to all contributors to this issue, who have given so much of their time and effort to help create this collection of high quality papers.","Made available in DSpace on 2022-07-06T11:54:26Z (GMT). No. of bitstreams: 1
Preparation_PhysicoChemical_Properties_and_Biomedical_Applications_of_Nanoparticles.jpg?v1656677412: 33150 bytes, checksum: a67f3bf897a7e442c4bc0581ae656cfb (MD5)
  Previous issue date: 2022",,,,ONIX_20220706_9783036545349_120,,,,,,https://directory.doabooks.org/handle/20.500.12854/87525,,English[eng],,,,,,,,,,,,,,,,,,,,,,,,"thema EDItEUR::T Technology, Engineering, Agriculture, Industrial processes::TB Technology: general issues",titanium cranioplasty||endoprosthesis||patented solutions||amniotic membrane||FTIR spectroscopy||immunohistochemistry||AFM||UV light||antibiotic||pterygium surgery||selenium nanoparticles||Lactobacillus casei||cadmium||antioxidant enzymes||liver||histology||anti-apoptotic||anti-inflammatory||endodontic sealer||CNTs||chlorhexidine||silver nanoparticles||antimicrobial||liposomes||hyaluronic acid||full-factorial||berberine||bioavailability||metal nanoparticles||carbon-based nanomaterials||screen-printed electrodes||electrochemical (bio)sensors||biomedical applications||PMMA bone cements||peppermint essential oil||gentamicin||antimicrobial properties||nanomedicine||nanoparticles||phytomedicine||bioinformatics||neurodegenerative diseases||silver||gold nanocages||in vitro bioactivity||antibacterial activity||electrospinning||nanofibers||implants||wound healing||targeted delivery||biopolymers||ZnO-NPs||traditional synthesis||green synthesis||toxicity||gatifloxacin||cubosomal dispersion||MIC||corneal permeation||methicillin resistant Staphylococcus aureus||keratitis||hepatocellular carcinoma||cancer diagnosis||targeting||smart therapy,,"Preparation, Physico-Chemical Properties and Biomedical Applications of Nanoparticles",,book,,,,,,,,,,,Archived,,,,,,,,10.3390/books978-3-0365-4533-2,,,300,,Basel,,,,,,,,,MDPI - Multidisciplinary Digital Publishing Institute,,9783036545349||9783036545332,,,,,,,,,,,,,,,,,,,,,,,,,,,,,,,,,,,,,,
610e6ceb-b989-491a-9d65-4e28dd49fd61,20.500.12854/6,Archived,https://mts.intechopen.com/storage/books/11208/authors_book/authors_book.pdf,,9.78E+12,https://creativecommons.org/licenses/by/3.0/,https://www.intechopen.com/books/11208,,,,,,,"Sunkari, Sailaja S.",,,2023-02-15T14:34:19Z,2023-02-15T14:34:19Z,2022,,,,"Current Trends in Magnesium (Mg) Research discusses recent research activities in which magnesium plays a central role, in its several forms as composites, alloys, or compounds. Mg alloys/composites/compounds are widely used in the transportation industry (both air and ground) and medical industry (bone/dental implants) and are being tested for use in the energy sector as alternatives to Li-ion batteries. Chapters address such topics as the role of Mg in diverse fields, the environmental impact of Mg processing technologies, Mg as a biomaterial in aiding the growth of bone tissues, corrosion protection of Mg alloys, the wear behavior of Mg hybrid composites, and synthesis of Mg compounds for practical applications in industry.","Made available in DSpace on 2023-02-15T14:34:19Z (GMT). No. of bitstreams: 1
web_image.jpg: 136492 bytes, checksum: 5c59613da86c9701a7ab472e13f807fb (MD5)
  Previous issue date: 2022",,,,ONIX_20230215_9781803554815_45,,,,,,https://directory.doabooks.org/handle/20.500.12854/97005,,English[eng],,,,,,,,,,,,,,,,,,,,,,,,"thema EDItEUR::T Technology, Engineering, Agriculture, Industrial processes::TD Industrial chemistry and manufacturing technologies::TDP Other manufacturing technologies::TDPM Metals technology / metallurgy",Industrial chemistry & manufacturing technologies,,Current Trends in Magnesium (Mg) Research,,book,,,,,,,,,,,Archived,,,,,,,,10.5772/intechopen.97999,,IntechOpen,160,,,,,,,,,,,IntechOpen,,9781803554815||9781803554808||9781803554822,,,,,,,,,,,,,,,,,,,,,,,,,,,,,,,,,,,,,,
23e84c00-df7d-46e9-b0a9-3fa5bf3be1f0,20.500.12854/6,Archived,https://mdpi.com/books/pdfview/book/2953,,9.78E+12,https://creativecommons.org/licenses/by/4.0/,https://mdpi.com/books/pdfview/book/2953,,,,,,,"Giovine, Marco",,,2021-05-01T15:43:11Z,2021-05-01T15:43:11Z,2020,,,,"The sustainable exploitation of marine biodiversity is one structural column of the “blue economy”, and the discovery of new compounds and materials to be used in biomedicine is considered one of the most strategic activities, within an economic context. An exhaustive selection of the different typologies of approaches used by marine biotechnologists to develop research on these topics are demonstrated in the eight original articles and two reviews comprising this Special Issue. The reported scientific publications describe the discovery of new compounds for cancer therapy or for the control of bacterial virulence. Different new uses of marine chitin or chitosan-based materials are also shown for the first time, as well as novel green techniques for the extraction of compounds from marine algae or from fishery waste, which are described in the two reviews.","Made available in DSpace on 2021-05-01T15:43:11Z (GMT). No. of bitstreams: 1
MarineDerived_Products_for_Biomedicine.jpg?v1618830778: 219206 bytes, checksum: 00835272f3588f1e82f07b208b9b2dff (MD5)
  Previous issue date: 2020",,,,ONIX_20210501_9783039431304_927,,,,,,https://directory.doabooks.org/handle/20.500.12854/69181,,English[eng],,,,,,,,,,,,,,,,,,,,,,,,"thema EDItEUR::T Technology, Engineering, Agriculture, Industrial processes::TB Technology: general issues",Extracellular Polymeric Substances||hydrogel||mesenchymal stem cells||biomaterials||enzyme||omega 3||PUFA||Trichormus variabilis||Cyanobacteria||mechanochemical synthesis||chitosan||laser stereolithography||long-term stability||scaffold||tissue reaction||chitin||scaffolds||biological materials||demosponges||Pseudoceratina arabica||microalgae||biodiversity||bioactive compounds||green extractions||pharmaceutical||secondary metabolites||biofuels||antibiofilm||fucoidan||motility||nanoparticles||Pseudomonas aeruginosa||virulence factors||n-3 fatty acids||brain||α-Chitin||prodigiosin||anti-tumors||Serratia marcescens||bioprocessing||echinochrome A||estradiol||extracellular matrix||vocal fold||ovariectomy||marine polymers||ionic liquids||tissue engineering||membranes||hydrogels||sponges||Chondrosin||Chondrosia reniformis||marine toxin||cytotoxic protein||Porifera||marine||microbes||cancer||prevention||therapy||in vitro||in vivo||clinical studies,,Marine-Derived Products for Biomedicine,,book,,,,,,,,,,,Archived,,,,,,,,10.3390/books978-3-03943-131-1,,,214,,"Basel, Switzerland",,,,,,,,,MDPI - Multidisciplinary Digital Publishing Institute,,9783039431304||9783039431311,,,,,,,,,,,,,,,,,,,,,,,,,,,,,,,,,,,,,,
6c82a930-8237-41c4-8dae-839345bc26cd,20.500.12854/6,Archived,https://mdpi.com/books/pdfview/book/4033,,9.78E+12,https://creativecommons.org/licenses/by/4.0/,https://mdpi.com/books/pdfview/book/4033,,,,,,,"Ryabchikova, Elena I.",,,2022-01-11T13:36:20Z,2022-01-11T13:36:20Z,2021,,,,"Advances in Nanomaterials in Biomedicine” provided a platform for more than 110 researchers from different countries to present their latest investigations in various fields of nanotechnology, new methods and nanomaterials intended for medical applications. Modern achievements in the field of nanoparticle-based diagnostics, drug delivery and the use of various nanomaterials in the treatment of diseases are presented in 11 original articles. The published reviews provide a comprehensive analysis of the current information on the use of nanomedicine in the treatment and diagnosis of cancer and liver fibrosis, in the field of solid tissue engineering and in drug delivery systems.","Made available in DSpace on 2022-01-11T13:36:20Z (GMT). No. of bitstreams: 1
Advances_in_Nanomaterials_in_Biomedicine.jpg: 162832 bytes, checksum: 74d2eb5730b2cc1460bb5a73da0c734d (MD5)
  Previous issue date: 2021",,,,ONIX_20220111_9783036508689_323,,,,,,https://directory.doabooks.org/handle/20.500.12854/76588,,English[eng],,,,,,,,,,,,,,,,,,,,,,,,thema EDItEUR::M Medicine and Nursing,bone marrow-derived mesenchymal stromal cells||rAAV vectors||carbon dots||SOX9||TGF-β||cartilage repair||silver nanoparticles||Entada spiralis||Ceiba pentandra||antibacterial assay||catalytic dye reduction||osteoarthritis||human articular cartilage||polymeric micelles||pro-inflammatory cytokines||IL-1β||TNF-α||nanomaterials||nanomedicine||immunotherapy||oncotherapy||immune-checkpoint inhibitors||immunogenic cell death||nano-vaccines||nano-conjugates||immune response||oxidative stress||antioxidants||nanoparticles||biological nano-antioxidants||gold nanoparticles||radiation||chemotherapy||radiosensitizer||drug delivery system||chemoradiotherapy||magnetoliposomes||hydrogels||magnetolipogels||self-assembly||fluorescence||Förster resonance energy transfer||polypropylenimine dendrimers||polyethylenimines||tyrosine-modified polypropylene-imines||tyrosine-modified polyethlyenimines||PPI-Y||siRNA transfection||polymeric nanoparticles||carbosilane||dendron||triazine||amphiphile||vesicles||pH-sensitive||doxorubicin||methotrexate||leukaemia||molecular ultrasound||nanobubbles||active targeting||targeted microbubbles||angiogenesis||inflammation||thrombosis||clinical translation||molecular imaging||liver fibrosis||diagnosis||therapy||theranostics||targeted drug delivery||lipid conjugates||amphiphilic oligonucleotides||phosphoryl guanidines||nucleic acid delivery||leukemia||iron nanoparticles||RNA-Seq||cytotoxicity||polymers||biodegradable||drug delivery||pharmaceutical||SQUID||magnetic properties||iron content||magnetite nanoparticles||superoxide||aorta||heart||nano-biomaterials||nanotechnology||scaffolds||hard tissue engineering||AuNPs||AuPEI-NPs||AuBSA-NPs||electron microscopy||ultrastructure of HepG2 cells and spheroids||ultrastructure of HEK293 cells and spheroids||penetration of NPs into monolayer and spheroids||gold nanostars||photothermal therapy||photoacoustic imaging||computed tomography||cancer||theranostic agents||biocompatible nanomaterials||diagnostics||nanocarriers||tissue engineering,,Advances in Nanomaterials in Biomedicine,,book,,,,,,,,,,,Archived,,,,,,,,10.3390/books978-3-0365-0869-6,,,472,,"Basel, Switzerland",,,,,,,,,MDPI - Multidisciplinary Digital Publishing Institute,,9783036508689||9783036508696,,,,,,,,,,,,,,,,,,,,,,,,,,,,,,,,,,,,,,
59b4bfa2-12e9-487e-ba6a-5168a8825c5c,20.500.12854/6,Archived,https://mdpi.com/books/pdfview/book/1473,,,https://creativecommons.org/licenses/by-nc-nd/4.0/,,,,,,,"Afonin, Kirill",,,,2021-02-11T21:18:51Z,2021-02-11T21:18:51Z,2019,09/12/2019 11:49,,,"Nucleic acids (RNA and DNA) and their chemical analogs have been utilized as building materials due to their biocompatibility and programmability. RNA, which naturally possesses a wide range of different functions, is now being widely investigated for its role as a responsive biomaterial which dynamically reacts to changes in the surrounding environment. It is now evident that artificially designed self-assembling RNAs, that can form programmable nanoparticles and supra-assemblies, will play an increasingly important part in a diverse range of applications, such as macromolecular therapies, drug delivery systems, biosensing, tissue engineering, programmable scaffolds for material organization, logic gates, and soft actuators, to name but a few. The current exciting Special Issue comprises research highlights, short communications, research articles, and reviews that all bring together the leading scientists who are exploring a wide range of the fundamental properties of RNA and DNA nanoassemblies suitable for biomedical applications.","Made available in DSpace on 2021-02-11T21:18:51Z (GMT). No. of bitstreams: 1
Nucleic_Acid_Architectures_for_Therapeutics_Diagnostics_Devices_and_Materials.jpg?v1575886814: 105005 bytes, checksum: 9248480b2cf9c50965b79914cd336a04 (MD5)
  Previous issue date: 2019",,,,42464,,,,,,https://directory.doabooks.org/handle/20.500.12854/54903,,English[eng],,,,,,,,,,,,,,,,,,,,,,,QH301-705.5||Q1-390,"thema EDItEUR::P Mathematics and Science::PS Biology, life sciences",cotranscriptional folding||n/a||RNA||conditionally activated||i-motif DNA||spinal cord tumor||fluorescence||dynamic||stability||functional RNA||ribozyme||biological media||RNA aptamers||gene therapy||biosensors||viral vector||ganciclovir||RNA self-assembly||RNA nanoparticle||gene delivery||riboswitch||non-viral gene delivery||NANPs||silver nanoclusters||small-angle neutron scattering||contrast variation||aptamers||RNA logic||fluorogenic RNA||glioblastoma multiforme||RNA interference||nucleic acid nanoparticles||immunostimulation||aggregation||small-angle X-ray scattering||non-viral vector||light-up aptamer||nucleic acid therapeutic||live-cell imaging||DNA nanotechnology||nucleic acid computing||nanopores||structural characterization||siRNA||suicide gene therapy||nucleic acid nanoparticle||cytosine rich sequences||RNA nanotechnology||logic gates||serum||conditional activation,,"Nucleic Acid Architectures for Therapeutics, Diagnostics, Devices and Materials",,book,,,,,,,,,,,Archived,,,1st,,,,,10.3390/books978-3-03921-260-6,,,186,,,,,,,,,,,MDPI - Multidisciplinary Digital Publishing Institute,,9783039212590||9783039212606,,,,,,,,,,,,,,,,,,,,,,,,,,,,,,,,,,,,,,
61b09277-7414-420e-865d-5b9726de9d1d,20.500.12854/6,Archived,https://mdpi.com/books/pdfview/book/5664,,9.78E+12,https://creativecommons.org/licenses/by/4.0/,https://mdpi.com/books/pdfview/book/5664,,,,,,,"Rahman, Azizur||Silva, Tiago H.",,,2022-07-06T11:51:35Z,2022-07-06T11:51:35Z,2022,,,,"Collagen is the main fibrous structural protein in the extracellular matrix and connective tissue of animals. It is a primary building block of bones, tendons, skin, hair, cartilage, and all joints in the body. It is also considered a ""glue"" that holds the body together. Collagen production begins to slow down, and cell structures start losing their strength as we become older. Collagen supplementation is a vital way to help our body revive itself and stay youthful. Recently, collagen-based biomedical materials have developed important and clinically effective materials that have become widely acceptable. However, collagen extraction from land animal sources is complex, time consuming, and expensive. Hence, marine sources have started to be researched and have been found to be the most convenient and safest sources for obtaining collagen. Another reason for favouring these sources is due to concerns over adverse inflammatory and immunologic responses and the prevalence of various diseases among land animals that can cause health complications.Marine sources also have plenty of advantages over land animal sources: (1) a high collagen content; (2) environmentally friendly; (3) the presence of biological contaminants and toxins is almost negligible; (4) a low inflammatory response; (5) greater absorption due to their low molecular weight; (6) less significant religious and ethical constraints; (7) minor regulatory and quality control problems; (8) metabolic compatibility, among others. This huge source of marine collagen is expected to make a great contribution to marine biotechnology products and medical applications.","Made available in DSpace on 2022-07-06T11:51:35Z (GMT). No. of bitstreams: 1
Collagen_from_Marine_Biological_Source_and_Medical_Applications.jpg?v1656677412: 231156 bytes, checksum: 1aa94e3c7c7db8fdd03540f38acefa02 (MD5)
  Previous issue date: 2022",,,,ONIX_20220706_9783036536637_71,,,,,,https://directory.doabooks.org/handle/20.500.12854/87476,,English[eng],,,,,,,,,,,,,,,,,,,,,,,,thema EDItEUR::M Medicine and Nursing,Axinella cannabina||Suberites carnosus||sponges||marine collagen||hydrogel||collagen rheology||marine sponge GAG||marine biomaterials||Chondrosia reniformis||bone grafting||bone biocompatible materials||bone regeneration||Nibea japonica||response surface methodology||optimization||characterization||collagen||spongin||collagen-related proteins||scaffolds||biomaterials||jellyfish collagen||mineralized salmon collagen||osteochondral tissue engineering||biphasic scaffold||osteochondral medium||alginate||medical device||scaffold||soft corals||tissue regeneration||Porifera||tissue engineering||membranes||cartilaginous fish by-products||chitosan||composite films||properties||blue shark collagen||osteogenic activity||Runx2||differentiated mesenchymal stem cell||osteoblast||proliferation||collagen peptide||ornithine||skin elasticity||transepidermal water loss||growth hormone||insulin-like growth factor-1||marine-origin collagen||codfish||biophysical characterization||biologic activity||ASTM guidelines||biomedical application||skin collagen||electrodialysis||thermal stability||Takifugu flavidus||mariculture||sponge||fishfarm||integrated multitrophic aquaculture||hydroxyproline||fibroblasts proliferation and differentiation||wound healing||fish discards||fish by-products||cosmetic applications||experimental designs||chitin||corals||extracellular matrix||marine invertebrates||marine proteins||Nile tilapia collagen||n/a,,Collagen from Marine Biological Source and Medical Applications,,book,,,,,,,,,,,Archived,,,,,,,,10.3390/books978-3-0365-3664-4,,,304,,Basel,,,,,,,,,MDPI - Multidisciplinary Digital Publishing Institute,,9783036536637||9783036536644,,,,,,,,,,,,,,,,,,,,,,,,,,,,,,,,,,,,,,
bc5e5545-def7-4319-89e0-e2d1024de601,20.500.12854/6,Archived,https://mdpi.com/books/pdfview/book/2290,,,https://creativecommons.org/licenses/by-nc-nd/4.0/,,,,,,,"Schnabel, Thomas||Tondi, Gianluca",,,,2021-02-11T09:04:19Z,2021-02-11T09:04:19Z,2020,09/06/2020 16:38,,,"With daily signals, Nature is communicating us that its unconscious wicked exploitation is no more sustainable. Our socio-economic system focuses on production increasing without considering the consequences. We are intoxicating ourselves on a daily bases just to allow the system to perpetuate itself. The time to switch into more natural solutions is come and the scientific community is ready to offer more natural product with comparable performance then the market products we are used to deal with. This book collects a broad set of scientific examples in which research groups from all over the world, aim to replace fossil fuel-based solutions with biomass derived materials. In here, some of the most innovative developments in the field of bio-materials are reported considering topics which goes from biomass valorization to the synthesis of high preforming bio-based materials.","Made available in DSpace on 2021-02-11T09:04:19Z (GMT). No. of bitstreams: 1
BioBased_Polymers_for_Engineered_Green_Materials.jpg?v1591708763: 37162 bytes, checksum: 6402eeba59fc85c692a0e546375a0bcd (MD5)
  Previous issue date: 2020",,,,46096,,,,,,https://directory.doabooks.org/handle/20.500.12854/42125,,English[eng],,,,,,,,,,,,,,,,,,,,,,,TA1-2040||T1-995,"thema EDItEUR::T Technology, Engineering, Agriculture, Industrial processes::TB Technology: general issues::TBX History of engineering and technology",chitosan||graphene oxide||microstructure||autoxidation||heavy metals||polycaprolactone||precipitation||thermosetting polymers||thermal degradation||humidity sensor||asphalt rubber||tung oil||nanobiocomposites||ionic liquid||GC-MS||hybrid nonisocyanate polyurethane||physicochemical properties||alginate sponge||Bioflex||dimer acid||bio-asphalt||benzoyl cellulose||Peptone||transparent wood||biocomposite||nanoclays||storage stability||solvent- and catalyst-free||microcellulose fiber||lignin-containing cellulose nanofibrils||polylactic acid (PLA)||bio-inspired interfaces||polyhydroxyalkanoates||strain sensor||enzymatic saccharification||headspace solid phase microextraction||PHBV||electrical resistance||melt condensation||cement||solution casting||orange waste||hybrid composites||biopolymers||TEMPO oxidation||pollutant adsorbents||Escherichia coli||bio-nanocomposites||TiO2 anatase||metal binding||liquid natural rubber||hydrotropic treatment||metal chloride||feast-famine||biomass resources||wood||electroless deposition||one-pot synthesis||thermoplastic starch||films||lignin-carbohydrate complex||cellulose||corn starch||microencapsulated phase change material (MPCM)||differential scanning calorimetry||compatibility||natural fibers||workability||silkworm cocoons||lignin content||polylactic acid||porous structure||electrospinning||nanocellulose fibers||H2O2 bleaching treatment||polysaccharides||mixing sequence||porosity||lignocellulosic nanofibrils||dense structure||alkali lignin||polydopamine coating||nuclear magnetic resonance||cationic dyes||poly(lactic acid) and composite films||endothermic effect||HSQC-NMR||Microbial nutrient||n/a||toughening||X-ray diffraction||water resistance||waste biomass||lignin||UV light||ultrafiltration||two-step lyophilization||mechanical degradation||bio-based||methylene blue||stearoyl cellulose||ONP fibers||anionic surfactants||Hatscheck process||osteoblast proliferation||resource recovery||dissolution||copper coating||bacterial cellulose||hydrogel||iron chelation||knotwood||sensitivity||mixed microbial cultures||dimensional stability||volatiles||lignocellulose||Artemisia vulgaris||surface modification||PHA||crosslinked microparticles||pyrene||composites||galactoglucomannan||polymeric composites||kaempferol||tannin-furanic foam||Solanyl||wastewater treatments||adsorption capacity||heat treatment||thermal gravimetric analysis||WAXS||unsaturated polyester resins||pulp fibers||free-radical polymerization||larixol||delignification||antifouling||chemical composition||hemicellulose||tissue engineering||extrusion-compounding||membrane||photodegradation||structural plastics||scanning electron microscope||phenanthrene||thermal properties||immobilized TEMPO||Staphylococcus aureus||adsorption||wood modification||structure–property relationship||physical property||film||mechanical properties||tannin||Bio-based foams||latex state||paper-based scaffolds||skincare||pyrolysis mechanism||emulsion-solvent evaporation method||bioplastics||imidazolium||fractionation||cost||fiber-cement||lyocell fiber||recycling||kenaf fiber||thermal stability||transport properties||SAXS||silanization||cellulose nanofibers||taxifolin||tannin polymer||vibrational spectroscopy||robust fiber network||nanocelluloses||poly(lactic acid)||Anti-bacterial silver nanoparticle||cellulose nanocrystals,,Bio-Based Polymers for Engineered Green Materials,,book,,,,,,,,,,,Archived,,,1st,,,,,10.3390/books978-3-03928-926-4,,,568,,,,,,,,,,,MDPI - Multidisciplinary Digital Publishing Institute,,9783039289257||9783039289264,,,,,,,,,,,,,,,,,,,,,,,,,,,,,,,,,,,,,,
fa63b000-39e1-457e-aa84-fbdf0ef7a25e,20.500.12854/6,Archived,https://mdpi.com/books/pdfview/book/1401,,,https://creativecommons.org/licenses/by-nc-nd/4.0/,,,,,,,"Kretzer, J. Philippe||Kamali, Amir",,,,2021-02-12T06:35:40Z,2021-02-12T06:35:40Z,2019,28/08/2019 11:21,,,"Joint replacement is a very successful medical treatment. However, the survivorship of the implants could be adversely affected due to the loss of materials in the form of particles or ions as the bearing surfaces articulate against earch other. The consequent tissue and immune response to the wear products, remain one of the key factors of their failure. Tribology has been defined as the science and technology of interacting surfaces in relative motion and all related wear products (e.g., particles, ions, etc.). Over the last few decades, in an attempt to understand and improve joint replacement technology, the tribological performance of several material combinations have been studied experimentally and assessed clinically. In addition, research has focused on the biological effects and long term consequences of wear products. Improvements have been made in manufacturing processes, precision engineering capabilities, device designs and materials properties in order to minimize wear and friction and maximize component longevity in vivo.","Made available in DSpace on 2021-02-12T06:35:40Z (GMT). No. of bitstreams: 1
Tribological_Performance_of_Artificial_Joints.jpg: 76219 bytes, checksum: 63624a84c70ade26ee0a88d8bbffb9c8 (MD5)
  Previous issue date: 2019",,,,35887,,,,,,https://directory.doabooks.org/handle/20.500.12854/61335,,English[eng],,,,,,,,,,,,,,,,,,,,,,,R5-920||RD701-811,thema EDItEUR::M Medicine and Nursing,alginate||biotribology||multiwall carbon nanotubes||arthroplasty||validated model||implant||lubrication||fillers||ion treatment||biomechanical testing/analysis||titanium niobium nitride||orthopedic||UHMWPE||wear testing||wear resistance||wear debris||biomaterials||biolubricant||wear simulation||surface engineering||degenerative disc disease||total disc replacement||joint simulators||crosslinked polyethylene||TKA||unicompartmental arthroplasty||implants||mechanical properties||pin-on-plate||ultra-high molecular weight polyethylene||hip implants||failure||highly crosslinked UHMWPE||gamma irradiation||hip joint simulator||oxidized zirconium||osteolysis||histomorphological characterization||cross-linked polyethylene||wear||hip prosthesis||cobalt||abrasion||metal-on-metal||synovial lining||wear debris cytotoxicity||alternative bearings||surfaces||polyethylene wear||knee replacement||patello-femoral joint||crosslink density||FEA||coating||ultra high molecular weight polyethylene||contact angle||finite element analysis||systematic review||wear analysis/testing||knee||in vitro macrophages response||synovial fluid||gellan gum,,Tribological Performance of Artificial Joints,,book,,,,,,,,,,,Archived,,,1st,,,,,10.3390/books978-3-03921-079-4,,,178,,,,,,,,,,,MDPI - Multidisciplinary Digital Publishing Institute,,9783039210794||9783039210787,,,,,,,,,,,,,,,,,,,,,,,,,,,,,,,,,,,,,,
492693ee-ff16-4ef2-a133-29c012e012bb,20.500.12854/6,Archived,https://mts.intechopen.com/storage/books/13264/authors_book/authors_book.pdf,,9.78E+12,https://creativecommons.org/licenses/by/3.0/,https://www.intechopen.com/books/13264,,,,,,,"Jesús Villarreal-Gómez, Luis",,,2023-09-05T16:04:23Z,2023-09-05T16:04:23Z,2023,,,,"Biomedical technology is continually changing, and new approaches are being developed daily. Although widely used, conventional solutions are losing efficacy due to the evolution of microorganisms and the environment. Pathologies and diseases negatively affect humans and animals, but nanotechnology appears promising in the diagnosis and treatment of a variety of health conditions. This book examines some of these nanotechnologies, discussing their advantages and limitations. It is organized into four sections and includes ten chapters that address such topics as drug delivery systems for cancer treatment, photodynamic and photothermal treatments for bacterial infections, electrospun fibers for nanomedical applications, monoclonal antibodies, nanotheranostics, and much more.","Made available in DSpace on 2023-09-05T16:04:23Z (GMT). No. of bitstreams: 1
web_image.jpg: 78130 bytes, checksum: 06fd2f66cd4a2fdc1033c78e988409e5 (MD5)
  Previous issue date: 2023",,,,ONIX_20230905_9780850140910_205,,,2631-5343,,,https://directory.doabooks.org/handle/20.500.12854/113404,,English[eng],,,,,,,,,,Biomedical Engineering,,,,,,,,,,,,,,"thema EDItEUR::T Technology, Engineering, Agriculture, Industrial processes::TC Biochemical engineering::TCB Biotechnology",drug delivery||nanomedicine||environment||nanoparticles||nanomaterials||electrospinning,,Biotechnology,"Biosensors, Biomaterials and Tissue Engineering Annual Volume 2023",book,,,,,,,,,,,Archived,,,,,,,,10.5772/intechopen.111653,,IntechOpen,252,,,,,,,,,,,IntechOpen,,9780850140910||9780850140903||9780850140927,,,,,,20,,,,,,,,,,,,,,,,,,,,,,,,,,,,,,,,
edce2a33-54d5-4630-9b0b-1ee9d75310ca,20.500.12854/6,Archived,https://mts.intechopen.com/storage/books/6572/authors_book/authors_book.pdf,,9.78E+12,https://creativecommons.org/licenses/by/3.0/,https://www.intechopen.com/books/6572,,,,,,,"Khanna, Rita||Cayumil, Romina",,,2023-12-01T17:14:36Z,2023-12-01T17:14:36Z,2018,,,,"Carbon fibres are lightweight, chemically stable materials with high mechanical strength, and have state-of-the-art applications in aerospace, marine, construction and automotive sectors. The demand for carbon fibre?based components is expected to grow dramatically with expanding opportunities for lightweight metals and composites. Although this field has achieved a high level of maturity, nanoscale developments in carbon fibres have seen dramatic improvements in the functions of conventional biomaterials and composites. This book reveals several new developments in the field to enhance characteristics of carbon fibres and their composites, novel applications for tissue engineering, biological scaffoldings and implants, recycling and reuse of end-of-life CFRP and manufacturing waste and other issues of concern in the field of carbon fibres.","Made available in DSpace on 2023-12-01T17:14:36Z (GMT). No. of bitstreams: 1
web_image.jpg: 192325 bytes, checksum: a6ff70087d737ea89b0e9f0b34d4cf53 (MD5)
  Previous issue date: 2018",,,,ONIX_20231201_9781789235197_1383,,,,,,https://directory.doabooks.org/handle/20.500.12854/130274,,English[eng],,,,,,,,,,,,,,,,,,,,,,,,"thema EDItEUR::T Technology, Engineering, Agriculture, Industrial processes::TG Mechanical engineering and materials::TGM Materials science","mechanical properties, composites, pyrolysis, recycling, manufacturing, nanostructures",,Recent Developments in the Field of Carbon Fibers,,book,,,,,,,,,,,Archived,,,,,,,,10.5772/intechopen.71346,,IntechOpen,146,,,,,,,,,,,IntechOpen,,9781789235197||9781789235180||9781838815622,,,,,,,,,,,,,,,,,,,,,,,,,,,,,,,,,,,,,,
cda472af-a198-4d0d-97ae-4f043f429d05,20.500.12854/6,Archived,https://mdpi.com/books/pdfview/book/9039,,9.78E+12,https://creativecommons.org/licenses/by-nc-nd/4.0/,https://mdpi.com/books/pdfview/book/9039,,,,,,,"Checchi, Vittorio",,,2024-05-14T14:31:31Z,2024-05-14T14:31:31Z,2024,,,,"Almost all fields of dentistry are closely related to newly developed materials, and all clinical improvements often follow or go hand in hand with the creation and development of innovative and higher-performing materials, instruments, and equipment. Thanks to the application of contemporary dental materials, the effectiveness of clinical dentistry has witnessed remarkable advances. In recent years, thanks to digital technology and the frenetic development of the dental industry, new materials have been developed and proposed in each field of dentistry: prosthesis, restorative dentistry, endodontics, implantology, and orthodontics. Unfortunately, as often occurs, this productive challenge is not always accompanied by valid scientific research; consequently, the clinician finds at their disposal materials that are not necessarily better than the previous ones. Further studies are needed to gain relevant evidence for all recently introduced dental materials. This Special Issue contains high-quality research articles, clinical studies, review articles, and case reports focused on the latest advances and prospects of dental materials concerning all fields of dentistry.","Made available in DSpace on 2024-05-14T14:31:31Z (GMT). No. of bitstreams: 1
Dental_Materials_Latest_Advances_and_Prospects__Volume_II.jpg?v=1714983315: 368775 bytes, checksum: 1d3b2e2b9821b4de1149e98b7b1f55f2 (MD5)
  Previous issue date: 2024",,,,ONIX_20240514_9783036597768_400,,,,,,https://directory.doabooks.org/handle/20.500.12854/137804,,English[eng],,,,,,,,,,,,,,,,,,,,,,,,,resin matrix ceramics||thermocycling||optical properties||surface analysis||balloon elevation||sinus floor elevation||schneiderian membrane||pigs head||ex vivo||biomaterials||dental stem cells||differentiation||dental tissue||regenerative medicine||pain perception||fixed appliances||orthodontic treatment||clinical skill||data accuracy||dental implant||outcome assessment||virtual planning||GBR||titanium meshes||digital workflow||advanced platelet-rich plasma||concentrated growth factors||post-extraction sockets||A-PRF||CGF||regeneration||autologous blood products||dentistry||dental age||skeletal age||cervical vertebrae||pubertal growth spurt||segmented regression||dental growth||AgEstimation||guided bone regeneration||implant||soft tissue||marginal bone loss||bone graft||digital impression||digital occlusion||intraoral scanning||3Shape||T-Scan Novus||orthodontics||third molar impaction||mandibular ramus dimensions||molar inclusion||bone regeneration||growth factors||mandible||mesenchymal stem cells||scaffold||tissue engineering||caries||dentin hypersensitivity||preventive dentistry||amorphous calcium phosphate||fluoride||remineralization||biomedical engineering||focus variation microscope||fringe projection optical 3D scanner||multiscale analysis||orthodontics material||X-ray computed tomography||adhesion||gutta-percha||plasma treatments||root canal filling||root canal obturation||root canal therapy||root canal sealers||n/a,,Dental Materials: Latest Advances and Prospects - Volume II,,book,,,,,,,,,,,Archived,,,,,,,,10.3390/books978-3-0365-9777-5,,,220,,,,,,,,,,,MDPI - Multidisciplinary Digital Publishing Institute,,9783036597768||9783036597775,,,,,,,,,,,,,,,,,,,,,,,,,,,,,,,,,,,,,,
78e29ff3-d4dd-4b45-a455-8719111a63fa,20.500.12854/6,Archived,https://mdpi.com/books/pdfview/book/8930,,9.78E+12,https://creativecommons.org/licenses/by-nc-nd/4.0/,https://mdpi.com/books/pdfview/book/8930,,,,,,,"Najar, Mehdi",,,2024-05-14T14:11:13Z,2024-05-14T14:11:13Z,2024,,,,"Different populations of Stem Cells present significant promise for their use in future therapeutic applications, with both advantages and concerns. The development of such Stem Cell therapies requires an in-depth knowledge of their identity, immune biology and technical culture and manipulation. It is also important that we understand the mechanisms regulating their maintenance, expansion and functions for issues relating to safety and efficiency. Finally, in order to improve the therapeutic use of Stem Cells within clinical practice we must characterize the micro-environment in which they exist (e.g., hypoxia), their fate and properties. By including a number of different types of manuscripts in this Special Issue, we have facilitated a discussion about recent fundamental and applied advances that will help the scientific community to develop new therapeutic strategies based on the use of Stem Cells.","Made available in DSpace on 2024-05-14T14:11:13Z (GMT). No. of bitstreams: 1
Feature_Papers_in_Stem_Cells.jpg?v=1714983315: 146378 bytes, checksum: 4c4cb57c121b09ea21b119ef9ddd7fcd (MD5)
  Previous issue date: 2024",,,,ONIX_20240514_9783725803637_302,,,,,,https://directory.doabooks.org/handle/20.500.12854/137705,,English[eng],,,,,,,,,,,,,,,,,,,,,,,,thema EDItEUR::P Mathematics and Science::PB Mathematics::PBW Applied mathematics,KLF4||adult epidermal keratinocytes||ESC-derived keratinocytes||stemness||skin grafts||TGF-β1||WNT||stem cells||3D printing||cartilage engineering||bio-ink||pluripotent stem cells||cell therapy||extracellular vesicles||exosome||acellular therapy||chondrogenesis||chondral defects||differentiation||cellular interactions||adhesion||transplantation||mesenchymal stem cells||physiologic cultivation||optimization cultivation||liver organoid||tissue-specific microparticle||pluripotent stem cell||hepatic differentiation||tissue engineering||granulosa cells||cumulus cells||translational medicine||miRNA||follicular angiogenesis||human dental pulp stem cells||fibroblast||co-culture||keloid||hypoxia||O2 tension||hypoxia inducible factors||intracellular signaling||metabolism||hypoxia in vitro models||myocardial infarction||regeneration||biomaterial||cardiomyocytes||induced pluripotent stem cells||synapse||hyaluronan||rhogtpases||alkaline phosphatase||tissue-nonspecific alkaline phosphatase||somatic stem cells||signal regulator||juvenile cells||reprogramming||mesenchyme||lung||development||COPD||nerve regeneration||fibrin glue||fibrin sealant||scaffolds||systematic review||Zscan4||telomere||ES cells||ALT||DNA methylation||H3K9me3||muscle stem cells||voluntary physical activity||proliferation||myogenic differentiation||Pax7||MyoD||Tet1||ESC||cell cycle||p21||porcine epiblast stem cells||endothelial cells||magnetic activated cell sorting||functional evaluation||n/a,,Feature Papers in Stem Cells,,book,,,,,,,,,,,Archived,,,,,,,,10.3390/books978-3-7258-0364-4,,,430,,,,,,,,,,,MDPI - Multidisciplinary Digital Publishing Institute,,9783725803637||9783725803644,,,,,,,,,,,,,,,,,,,,,,,,,,,,,,,,,,,,,,
3b99724b-cc29-4b61-ba17-4feb969c2b2a,20.500.12854/6,Archived,https://mts.intechopen.com/storage/books/6326/authors_book/authors_book.pdf,,9.78E+12,https://creativecommons.org/licenses/by/3.0/,https://www.intechopen.com/books/6326,,,,,,,"Lin, Tong",,,2023-12-01T16:49:05Z,2023-12-01T16:49:05Z,2018,,,,"This book is a supplement of the previous book Nanofibers: Production, Properties and Functional Applications (published by InTech in 2011). It reports on novel methods of fabricating nanofibers, nanofiber yarns, and collagen nanofibers; functionalities of photochromic nanofibers, bead-on-string nanofibers, and bio-regeneration nanofibers; as well as piezoelectric nanoparticle-reinforced nanofibers. I deeply appreciate the authors' great contributions to nanofiber discipline.","Made available in DSpace on 2023-12-01T16:49:05Z (GMT). No. of bitstreams: 1
web_image.jpg: 223366 bytes, checksum: 1b077a59d7c0ba5b7b6f8baf3a661218 (MD5)
  Previous issue date: 2018",,,,ONIX_20231201_9781789230758_1212,,,,,,https://directory.doabooks.org/handle/20.500.12854/130103,,English[eng],,,,,,,,,,,,,,,,,,,,,,,,"thema EDItEUR::T Technology, Engineering, Agriculture, Industrial processes::TG Mechanical engineering and materials::TGM Materials science","electrospinning, tissue engineering, biomaterials, collagen, dielectric properties, antimicrobials",,Novel Aspects of Nanofibers,,book,,,,,,,,,,,Archived,,,,,,,,10.5772/intechopen.69649,,IntechOpen,160,,,,,,,,,,,IntechOpen,,9781789230758||9781789230741||9781838814045,,,,,,,,,,,,,,,,,,,,,,,,,,,,,,,,,,,,,,
2f77f779-1e6e-4903-97f6-3ff390615b89,20.500.12854/6,Archived,https://mdpi.com/books/pdfview/book/7784,,9.78E+12,https://creativecommons.org/licenses/by/4.0/,https://mdpi.com/books/pdfview/book/7784,,,,,,,"Politakos, Nikolaos||Avgeropoulos, Apostolos",,,2023-09-11T12:06:46Z,2023-09-11T12:06:46Z,2023,,,,"The most important class of polymers is block copolymers (BCPs) since they can be prepared through different methods and exhibit various properties combined with chemically different segments. The importance of block copolymers can be supported by the multitude of related manuscripts published daily, their use in practical applications in almost all areas, and novel discoveries based on BCPs in many aspects of life. This Special Issue focuses on various matters from different areas of block copolymer research, showing advances and applications in self-assembly, crystallization, synthesis, chemical modification, 3D printing, membranes, energy materials, nanotechnology, hybrid materials, micelles, order–disorder transition, and biomaterials.","Made available in DSpace on 2023-09-11T12:06:46Z (GMT). No. of bitstreams: 1
Advances_and_Applications_of_Block_Copolymers.jpg?v=1694415034: 126893 bytes, checksum: 28a72afcf69ba2106afd057cc8e8804c (MD5)
  Previous issue date: 2023",,,,ONIX_20230911_9783036584898_74,,,,,,https://directory.doabooks.org/handle/20.500.12854/113941,,English[eng],,,,,,,,,,,,,,,,,,,,,,,,"thema EDItEUR::G Reference, Information and Interdisciplinary subjects::GP Research and information: general||thema EDItEUR::P Mathematics and Science::PN Chemistry||thema EDItEUR::P Mathematics and Science::PN Chemistry::PNN Organic chemistry","poly(4-vinylpyridine)||poly(N-methyl-4-vinylpyridinium iodide)||quaternization||solvatochromism||preferential solvation||optical energy gap||nanonetwork||block copolymer||modifier||templated polymerization||energy dissipation||polylactides||stereocomplexation||anionic polymerization||ring-opening polymerization||triblock terpolymers||silica||amphipathic||adsorption||Cr(VI)||phenol||topology||star-block copolymer||polymerization-induced self-assembly||general self-assembly||propylene-butene copolymers||α and γ forms||metallocene catalysts||melt-crystallization||isotactic polypropylene||copolymers||role of defects excluded from crystals||self-assembly||nanochannels||membranes||energy conversion||collagen||polyacrylamide||tributylborane||hybrid copolymer||cytotoxicity||block copolymer template||porous carbon fibers||hierarchical pores||supercapacitor||double hydrophilic block copolymers||porphyrins||polyion complex micelles||photosensitizers||hybrid materials||conjugated copolymers||rGO||HOMO||LUMO||indacenothiophene||indacenothienothiophene||cyclic voltammetry||acrylic block copolymer||Flory–Huggins interaction parameter||thermoplastic elastomer||small-angle X-ray scattering||diblock copolymer||Landau analysis||weak segregation regime||upper order-disorder transition||lower disorder-order transition||barotropicity||baroplasticity||block copolymers||3D printing||4D printing||biomaterials||scaffolds||tissue engineering||low molecular weight triblock terpolymers||hydroboration/oxidation reactions||modification of PB1,2||high χ terpolymers||asymmetric interactions||double gyroid||polymer brushes||wettability||biobased||epoxy||nanostructuring||n/a",,Advances and Applications of Block Copolymers,,book,,,,,,,,,,,Archived,,,,,,,,10.3390/books978-3-0365-8488-1,,,312,,,,,,,,,,,MDPI - Multidisciplinary Digital Publishing Institute,,9783036584898||9783036584881,,,,,,,,,,,,,,,,,,,,,,,,,,,,,,,,,,,,,,
4fbfca1b-03f9-40c2-a841-335eb651aa67,20.500.12854/6,Archived,https://mdpi.com/books/pdfview/book/10162,,9.78E+12,https://creativecommons.org/licenses/by/4.0/,,,,,,,,"Kaczmarek-Szczepańska, Beata||Wekwejt, Marcin",,,2025-02-20T13:17:28Z,2025-02-20T13:17:28Z,2024,,,,"This reprint compiles cutting-edge research on biodegradable polymers, with a focus on their applications in the biomedical and packaging industries. As global demand for sustainable materials grows, biodegradable polymers provide promising solutions that reduce environmental impact while meeting the rigorous standards of modern industries. The collection highlights advancements in polymer synthesis, physicochemical characterization, and the development of two- and three-dimensional materials for practical use. These multidisciplinary studies combine insights from chemistry, materials science, biotechnology, and environmental science, showcasing innovations that address critical challenges. Designed for researchers, professionals, and students in biomaterials, polymers, and environmental sustainability, as well as for companies focused on increasing the biodegradable solutions in their products, this reprint offers valuable insights into the future of biodegradable materials. The research emphasizes the role of biodegradable polymers in key sectors such as healthcare and packaging, providing new approaches to improving material properties and expanding their range of applications.","Made available in DSpace on 2025-02-20T13:17:28Z (GMT). No. of bitstreams: 1
Biodegradable_Polymers_to_Biomedical_and_Packaging_Applications.jpg?v=1739876930: 17192 bytes, checksum: a0ca9a886067911cd1eaf23d4ccbf68b (MD5)
  Previous issue date: 2024",,,,ONIX_20250220_9783725824649_287,,,,,,https://directory.doabooks.org/handle/20.500.12854/152923,,English[eng],,,,,,,,,,,,,,,,,,,,,,,,"thema EDItEUR::K Economics, Finance, Business and Management::KJ Business and Management::KJC Business strategy||thema EDItEUR::M Medicine and Nursing::MJ Clinical and internal medicine::MJC Diseases and disorders::MJCL Oncology","chitosan dialdehyde||collagen||bioengineering||cutaneous cells||scaffolds||polylactic acid (PLA)||3D printing||medical devices||sterilisation||physicochemical changes||biological response||zebrafish model||poly(lactic acid)||nanocrystalline cellulose||methacrylation||particles||tissue engineering||eco-friendly||recycle||plastic bottles||polyethylene terephthalate (PET)||hot mix asphalt (HMA)||polymer-modified bitumen (PMB)||fatigue life||moisture susceptibility||stability||flow||biodegradable packaging||lignocellulose||cellulose nanofibrils||feedstock selection||sustainability assessment||waste management||polylactic acid||citric acid||poly(1,3-propylene glycol)||toughening agent||algae||biomaterial||biopolymer||bioplastic||food packaging||edible film||red dragon fruit peel anthocyanins||gambier catechins||indicator film||co-pigmentation||banana ripeness||active packaging||chitosan||quercetin||layered clay||polyvinyl alcohol||polyvinyl alcohol films||PVA/glycerol blends||crystallinity||infrared spectroscopy||X-ray diffraction||thermogravimetry||differential thermal analysis||atomic force microscopy||lateral force microscopy||ultrasonic force microscopy",,Biodegradable Polymers to Biomedical and Packaging Applications,,book,,,,,,,,,,,Archived,,,,,,,,10.3390/books978-3-7258-2463-2,,,194,,Basel,,,,,,,,,MDPI - Multidisciplinary Digital Publishing Institute,,9783725824649||9783725824632,,,,,,,,,,,,,,,,,,,,,,,,,,,,,,,,,,,,,,
446a7329-60fa-40e2-9d3c-658681a9cff8,20.500.12854/6,Archived,https://mts.intechopen.com/storage/books/7156/authors_book/authors_book.pdf,,9.78E+12,https://creativecommons.org/licenses/by/3.0/,https://www.intechopen.com/books/7156,,,,,,,"Yang, Haisheng",,,2023-12-01T17:52:48Z,2023-12-01T17:52:48Z,2019,,,,"Osteogenesis is a core component of the skeletal system and depends on the well-coordinated proliferation and differentiation of osteogenic cells. Multiple signaling pathways and transcriptional factors tightly regulate the process of osteogenesis. Any abnormities in bone formation could cause severe disorders such as osteogenesis imperfecta and osteoporosis. Bone regeneration, a complex and well-orchestrated physiological process of osteogenesis, remains a medical challenge in the field of orthopedics and maxillofacial surgery. This book provides an overview of the current developments in osteogenesis and bone regeneration, including molecular and cellular mechanisms, physical therapies (low-level laser, distraction osteogenesis), biological therapies (mesenchymal stem cells, stem cell derived exosomes, inflammatory factor, Chinese medicine), as well as tissue engineering approaches promoting bone regeneration by targeting osteogenesis.","Made available in DSpace on 2023-12-01T17:52:48Z (GMT). No. of bitstreams: 1
web_image.jpg: 60201 bytes, checksum: 8fb6646070662963707c8f36447cf490 (MD5)
  Previous issue date: 2019",,,,ONIX_20231201_9781789857689_1696,,,,,,https://directory.doabooks.org/handle/20.500.12854/130587,,English[eng],,,,,,,,,,,,,,,,,,,,,,,,thema EDItEUR::M Medicine and Nursing::MJ Clinical and internal medicine::MJC Diseases and disorders::MJCM Immunology,"biomaterials, mesenchymal stem cells, stem cell, traditional chinese medicine, exosome, immune cells",,Osteogenesis and Bone Regeneration,,book,,,,,,,,,,,Archived,,,,,,,,10.5772/intechopen.73955,,IntechOpen,142,,,,,,,,,,,IntechOpen,,9781789857689||9781789857672||9781839621468,,,,,,,,,,,,,,,,,,,,,,,,,,,,,,,,,,,,,,
a3de58ea-ace5-4670-acf0-18dcb436b5c3,20.500.12854/6,Archived,https://mdpi.com/books/pdfview/book/8405,,9.78E+12,https://creativecommons.org/licenses/by/4.0/,https://mdpi.com/books/pdfview/book/8405,,,,,,,"Striani, Raffaella",,,2024-01-08T14:44:58Z,2024-01-08T14:44:58Z,2023,,,,"The reprint, titled ”Sustainable Biopolymer-Based Composites: Processing, Characterization, and Application”, is composed of 32 scientific works of scholars that contributed their own expertise passion, and science to expand the boundaries of knowledge by addressing new challenges. The topic of new biopolymer-based composite materials is addressed from several aspects, from the development to characterization and application, in several fields of scientific interest.","Made available in DSpace on 2024-01-08T14:44:58Z (GMT). No. of bitstreams: 1
Sustainable_BiopolymerBased_Composites_Processing_Characterization_and_Application.png?v=1704709400: 415473 bytes, checksum: 0cc59d72983ff6fad15c5ad77998e9b7 (MD5)
  Previous issue date: 2023",,,,ONIX_20240108_9783036595375_44,,,,,,https://directory.doabooks.org/handle/20.500.12854/132385,,English[eng],,,,,,,,,,,,,,,,,,,,,,,,"thema EDItEUR::T Technology, Engineering, Agriculture, Industrial processes::TB Technology: general issues||thema EDItEUR::T Technology, Engineering, Agriculture, Industrial processes::TD Industrial chemistry and manufacturing technologies::TDC Industrial chemistry and chemical engineering",biopolymer-treated soil||Xanthan Gum||Guar Gum||soil strength||durability||cyclic wetting-drying||biodegradability||carbon nanotubes||graphene||life cycle analysis||nanocomposites||packaging||remediation||starch||aging||coarse wool fibre||hybrid composites||natural rubber||PALF||sisal fibre||mulch films||biopolymers||SDGs||plastic pollution||polymers||microfluidics||lab-on-chip||biomedical engineering||drug carrier||artificial cell||3D bioprinting||hydrogel films||gelatin||antimicrobial activity||food packaging||TGA||biocomposites||renewable sources||wood waste||waste valorization||primerless-wet bonding||resin adhesive system||hybrid layer||tensile bond strength||micro-seal||luting resin||dental prosthesis||fixed prosthodontics||bioplastics||conventional polymers||renewable resources||LCA||fish collagen||fish industry waste||collagen extraction||nano collagen||sustainability||poly(3-hydroxybutyrate-co-3-hydroxyhexanoate)||cellulose nanofiber||bionanocomposite||melt-extrusion processing||optimization||response surface methodology||acrylonitrile butadiene rubber||fish scale||bis(triethoxysilylpropyl)tetrasulfide||composite||compatibilizer||collagen biopolymer||unicornfish bone||acid extraction||characterization||biocompatible||biodegradable||scaffolds||tissue engineering||lignin biopolymer||erosion||triaxial test||wetting and drying cycles||silt||green macroalga||red sea||Chaetomorpha linum||cellulose nanocrystals||green silver nanoparticles||bio-nanocomposite films||optical properties||Torenia fournieri||zinc oxide nanoparticle||smart packaging sensors||wound healing||biodegradable plastic||circular economy||pineapple||tensile strength||silver nanoparticles||green synthesis||Piper betle L. leaf||pig lining leather||antibacterial activity||antifungal activity||polylactic acid (PLA)||spent coffee grounds (SCG)||rheological properties||mechanical properties||chitosan||nanofiber||preparation||applications||wound dressing||acetylation||flour||physicochemical properties||modification||wound dressings||hydrogel||honey||natural polymer||synthetic polymer||PLA||biodegradation||sports equipment manufacturing||arrowroot starch||heat-moisture treatment||octenylsuccinilation||dual-modification||functional properties||glabridin||3-O-Ethyl-L-ascorbic acid||tranexamic acid||microneedles||pigmentation||multifunctional drug||hydrophilic bioplastics||gum Arabic||polyvinyl alcohol||casting of poly-(methyl methacrylate)||dehydration||phosphorus pentoxide||peeling||microbial biodegradation||green composites||stem fiber||crystallinity||thermal behavior||reinforcement material||pineapple leaf fiber||flax||poly(butylene succinate)||unidirectional composites||microstructure||sustainable materials||epoxy resin||Schiff base||epoxidized soybean oil||epoxy vitrimer||reprocessability||recyclability||agroindustrial wastes||biomaterials||cellulose||lignocellulosic biomass||polylactic acid||coir fiber||bamboo leaf fiber||annealing||biocomposite,,"Sustainable Biopolymer-Based Composites: Processing, Characterization, and Application",,book,,,,,,,,,,,Archived,,,,,,,,10.3390/books978-3-0365-9536-8,,,684,,Basel,,,,,,,,,MDPI - Multidisciplinary Digital Publishing Institute,,9783036595375||9783036595368,,,,,,,,,,,,,,,,,,,,,,,,,,,,,,,,,,,,,,
3868a178-4dbf-482c-ae80-8dd9b1cdca5c,20.500.12854/6,Archived,https://mdpi.com/books/pdfview/book/6540,,9.78E+12,https://creativecommons.org/licenses/by/4.0/,https://mdpi.com/books/pdfview/book/6540,,,,,,,"Liu, Yang||Chan, Kiat Hwa",,,2023-01-05T12:36:59Z,2023-01-05T12:36:59Z,2022,,,,"Hydrogels are a class of soft materials with crosslinked network structures. They show good biocompatibility, biodegradability, hydrophilicity, and mechanical properties similar to those of tissue, so they have a wide range of applications. In recent years, a variety of multifunctional hydrogels with excellent performance have been developed, greatly expanding the depth and breadth of their applications. This book is the reprint of the Special Issue “Advances in Hydrogels”, which focused on the recent advances regarding hydrogels, aiming to provide reference for researchers in related fields. This book included one editorial, thirteen original research articles, and three valuable reviews from thirteen different countries including Canada, China, Thailand, Mexico, India, Saudi Arabia, Chile, Germany, the Czech Republic, Colombia, Romania, Israel, and the USA.","Made available in DSpace on 2023-01-05T12:36:59Z (GMT). No. of bitstreams: 1
Advances_in_Hydrogels.jpg: 47247 bytes, checksum: d990da07878fc4ecf3e68d64f427a4d9 (MD5)
  Previous issue date: 2022",,,,ONIX_20230105_9783036561240_112,,,,,,https://directory.doabooks.org/handle/20.500.12854/95883,,English[eng],,,,,,,,,,,,,,,,,,,,,,,,"thema EDItEUR::G Reference, Information and Interdisciplinary subjects::GP Research and information: general||thema EDItEUR::P Mathematics and Science::PH Physics",molecularly imprinted polymeric hydrogels||synthetic receptors||zearalenone||glucuronic acid||fluorescent sensors||PEG-PLA||thermoresponsive hydrogel||redox-sensitive||hydrogel||superabsorbent||e-beam||swelling||crosslinking||carboxymethyl cellulose||drying||RW||CHD||radiation penetration depth||lecithin||rheology||scanning electron microscopy||drying and swelling||extracellular matrix||mesh size||hydrogels||photopolymers||volume holography||photo curing||multifunctional biomedical biomaterials||light-responsive materials||novel formulations||natural polymer||synthetic polymer||topical application||cryoconcentrated blueberry juice||stability||storage||bioactive compounds content||antioxidant activity||water gel||photocrosslinking||natural polymer modification||biomedical-engineering applications||vitamin D||nanoemulsion||gelled matrices||texture analysis||gelatin||sensory evaluation||gummy||thermosensitive||P(OEGMA-co-MEO2MA)||microgel||scaffold||3D culture||commercial copper sulfide (CuS)||alginate||photothermal therapy (PTT)||near-infrared II windows||cancer||glioblastoma||mechanobiology||mechanoreceptor||mechanotransduction||quercetin||cyclodextrin||polyvinyl alcohol||inclusion complex||photo-polymerization||potassium acrylate-co-acrylamide||swelling capacity||multistructured||adhesive strength||hydrogen bonding||n/a,,Advances in Hydrogels,,book,,,,,,,,,,,Archived,,,,,,,,10.3390/books978-3-0365-6123-3,,,296,,Basel,,,,,,,,,MDPI - Multidisciplinary Digital Publishing Institute,,9783036561240||9783036561233,,,,,,,,,,,,,,,,,,,,,,,,,,,,,,,,,,,,,,
2b4d27d5-d2c8-49e1-8446-d3434bdda1cc,20.500.12854/6,Archived,https://mdpi.com/books/pdfview/book/3011,,9.78E+12,https://creativecommons.org/licenses/by/4.0/,https://mdpi.com/books/pdfview/book/3011,,,,,,,"Mallavia, Ricardo||Falco, Alberto",,,2021-05-01T15:44:27Z,2021-05-01T15:44:27Z,2020,,,,"The papers collected in this Special Issue entitled “Electrospun Nanomaterials: Applications in Food, Environmental Remediation, and Bioengineering” illustrate the high diversity and potential for implementation of electrospun nanofibers in these fields, including the covering of a wide number of subtopics. Examples of these applications have included bioactive scaffolds, wound healing dressings, compound protective nanoreservoirs and sustained and controlled release systems. An important driver of these applications results from advances in materials science and new nanofiber manufacturing processes. Definitely, such pieces of fundamental research will contribute to the promotion of electrospinning as a focal point in the future development of technological applications at the interface of biological systems, which promise long-term benefits for both health and the environment.","Made available in DSpace on 2021-05-01T15:44:27Z (GMT). No. of bitstreams: 1
Electrospun_Nanomaterials.jpg?v1618830778: 364307 bytes, checksum: b8825c1cc606ced9ade84a8db89a3d0b (MD5)
  Previous issue date: 2020",,,,ONIX_20210501_9783039432264_984,,,,,,https://directory.doabooks.org/handle/20.500.12854/69238,,English[eng],,,,,,,,,,,,,,,,,,,,,,,,"thema EDItEUR::T Technology, Engineering, Agriculture, Industrial processes::TB Technology: general issues",electrospinning||curcumin||PLA/PEG/curcumin nanofiber||drug release||porous nanofiber||polycaprolactone||nanofibers||COOH plasma||cell adhesion and spreading||cell viability||freeze–thawed platelet-rich plasma immobilization||piezoelectricity||scaffold||polyvinylidene fluoride||polyvinylidene fluoride-trifluoroethylene||tissue engineering||osteoblast||neuron||stem cell||aligned fiber||HDPAF||micro-nanofibers||β-carotene||thermoprotection||photoprotection||antibacterial effect||centella||propolis||hinokitiol||biodegradable polymer||PHBH||nanofiber||food packaging||functional membrane||biomaterials||polymers||PMVE/MA||nanoparticles||nanoencapsulation||antibiotics||electrospun nanofibers||polyethylene oxide nanofibers PEO-NFs||microbial fuel cells||honey||food industry||recovered energy (Erec)||chitosan||chitin nanofibrils||hemostatic material||hemorrhage||photoactive nanoparticles||cadmium selenide||cellulose acetate||electrospun fibers||solar thermal||n/a,,Electrospun Nanomaterials,"Applications in Food, Environmental Remediation, and Bioengineering",book,,,,,,,,,,,Archived,,,,,,,,10.3390/books978-3-03943-227-1,,,202,,"Basel, Switzerland",,,,,,,,,MDPI - Multidisciplinary Digital Publishing Institute,,9783039432264||9783039432271,,,,,,,,,,,,,,,,,,,,,,,,,,,,,,,,,,,,,,
6993a107-de8d-4e67-ae8f-43f3450bc45d,20.500.12854/6,Archived,https://mdpi.com/books/pdfview/book/2924,,9.78E+12,https://creativecommons.org/licenses/by/4.0/,https://mdpi.com/books/pdfview/book/2924,,,,,,,"David, Robert",,,2021-05-01T15:42:17Z,2021-05-01T15:42:17Z,2020,,,,"Even today, cardiovascular diseases are the main cause of death worldwide, and therapeutic approaches are very restricted. Due to the limited regenerative capabilities of terminally differentiated cardiomyocytes post injury, new strategies to treat cardiac patients are urgently needed. Post myocardial injury, resident fibroblasts begin to generate the extracellular matrix, resulting in fibrosis, and finally, cardiac failure. Recently, preclinical investigations and clinical trials raised hope in stem cell-based approaches, to be an effective therapy option for these diseases. So far, several types of stem cells have been identified to be promising candidates to be applied for treatment: cardiac progenitor cells, bone marrow derived stem cells, embryonic and induced pluripotent stem cells, as well as their descendants. Furthermore, the innovative techniques of direct cardiac reprogramming of cells offered promising options for cardiovascular research, in vitro and in vivo. Hereby, the investigation of underlying and associated mechanisms triggering the therapeutic effects of stem cell application is of particular importance to improve approaches for heart patients. This Special Issue of Cells provides the latest update in the rapidly developing field of regenerative medicine in cardiology.","Made available in DSpace on 2021-05-01T15:42:17Z (GMT). No. of bitstreams: 1
Stem_Cell_Research_on_Cardiology.jpg?v1618830778: 262484 bytes, checksum: 220edc6a1f6692a4e83a09ade7260d57 (MD5)
  Previous issue date: 2020",,,,ONIX_20210501_9783039431922_898,,,,,,https://directory.doabooks.org/handle/20.500.12854/69152,,English[eng],,,,,,,,,,,,,,,,,,,,,,,,"thema EDItEUR::G Reference, Information and Interdisciplinary subjects::GP Research and information: general||thema EDItEUR::P Mathematics and Science::PS Biology, life sciences",Fabry disease||human embryonic stem cells||CRISPR/Cas9 genomic editing||Mass spectrometry proteomic analysis||hypertrophic cardiomyopathy||disease model||physical exercise||cardiac cellular regeneration||microRNA (miR)||Akt signaling||cardiomyocyte proliferation||cardiac hypertrophy||cardioprotection||myocarditis||inflammation||leukocytes||cardiomyocytes||multi-electrode-array||micro-electrode-array||MEA||drug/toxicity screening||field potential||arrhythmia||electrocardiography||cardiac regeneration||stem cells||iPSC||PSC||ESC||cardiovascular disease||regeneration||cardiac progenitor cells||induced pluripotent stem cells||transdifferentiation||direct reprogramming||genetic engineering||cardiac tissue engineering||biomaterials||18F-FDG PET||cardiac induced cells||cardiac function||non-invasive imaging||human pluripotent stem cell||ventricular||maturation||bone marrow stem cells||angiogenesis||myocardial infarction||human induced pluripotent stem cell-derived cardiomyocytes (hiPSC-CMs)||iPS cells||big conductance calcium activated potassium channel (BK)||Maxi-K||slo1||KCa1.1||iberiotoxin||long QT syndrome||mesenchymal stromal cells (MSC)||mRNA||miRNA||cardiac reprogramming||cardiac differentiation||cardiovascular diseases||adult stem cells||myocardial infraction||3D printing||3D model||bioprinting||cardiovascular medicine||heart||myocardium||heart valves||vascular graft||endothelialization||tissue engineering||decorin||fibronectin||electrospinning||endothelial progenitor cells||bioreactor||biostable polyurethane||MicroRNA||Mir-133||coronary heart disease||biomarker||meta-analysis,,Stem Cell Research on Cardiology,,book,,,,,,,,,,,Archived,,,,,,,,10.3390/books978-3-03943-193-9,,,356,,"Basel, Switzerland",,,,,,,,,MDPI - Multidisciplinary Digital Publishing Institute,,9783039431922||9783039431939,,,,,,,,,,,,,,,,,,,,,,,,,,,,,,,,,,,,,,
f4f805fa-eb81-4f72-856a-2835f60404b4,20.500.12854/6,Archived,https://mdpi.com/books/pdfview/book/9559,,9.78E+12,https://creativecommons.org/licenses/by-nc-nd/4.0/,https://mdpi.com/books/pdfview/book/9559,,,,,,,"Qiao, Aike||Yang, Haisheng||Mu, Yongliang",,,2024-09-06T08:30:57Z,2024-09-06T08:30:57Z,2024,,,,"Biomedical materials are a promising solution to overcoming tissue and organ failure in the cardiovascular and skeletal systems. In recent decades, there has been incredible progress made in regard to the repair, remodelling, and regeneration of tissues such as vasculature, heart valves, joint, cartilage, cornea, retina, etc. There is a great need for novel therapeutic options in treating numerous cardiovascular/skeletal diseases related to tissue failure. Biomechanical studies and analyses of cardiovascular/skeletal materials and devices are critical areas of examination in regard to creating solution strategies for related clinical concerns. The aim of this Reprint is to demonstrate state-of-the-art biomechanical studies and analyses of cardiovascular/skeletal materials, devices, and their applications. Its scope includes—but is not limited to—fundamental studies of related materials, structures, devices and application issues.","Made available in DSpace on 2024-09-06T08:30:57Z (GMT). No. of bitstreams: 1
Biomechanical_Study_and_Analysis_for_CardiovascularSkeletal_Materials_and_Devices.jpg?v=1725602227: 174104 bytes, checksum: cc4eeff9a774b2d83eab0e9797f4f582 (MD5)
  Previous issue date: 2024",,,,ONIX_20240906_9783725816699_174,,,,,,https://directory.doabooks.org/handle/20.500.12854/143812,,English[eng],,,,,,,,,,,,,,,,,,,,,,,,thema EDItEUR::P Mathematics and Science||thema EDItEUR::P Mathematics and Science::PN Chemistry||thema EDItEUR::P Mathematics and Science::PN Chemistry::PNF Analytical chemistry,mineralized collagen||microstructure||physical characterization||chemical characterization||coronary angioscopy||flush conditions||CFD||two-phase flow||dextran injection||flow chamber||endothelial cells||coculture techniques||microfluidics||lab-on-a-chip||aspirin||anti-inflammation||amorphous calcium phosphate composite scaffold||dental pulp-capping material||dental pulp stem cell||bone regeneration||hydrogels||mechanical properties||polyvinyl alcohol||tannic acid||finite element updating approach||arterial material properties||in vivo||material parameters estimation||medical degradation||porous zinc||protein foaming||elasticity modulus||compressive strength||biodegradable vascular stents||continuum damage mechanics||finite element method||non-uniform degradation||Zinc-based biodegradable materials||orthopedic implant||biodegradability||mechanical property||biocompatibility||interstitial fluid (ISF)||microflow||perivascular and adventitial clearance||neurovascular bundles||accompanying vein||accompanying artery||kinematic law||nitinol||polydioxanone||self-expanding occluder||braided wire occluder||finite element analysis (FEA)||mechanical performance||diabetes mellitus erythrocyte||retinal vessel||fluid–structure interaction||lingering time||coronary||vulnerable plaque||coronary plaque models||multilayer vessel geometry||hemodynamic||geometric features||side holes||catheter||shear stress||thyroid||biomechanics||constitutive model||hyperelasticity||3D printing||silicone phantom||CT scanning||aortic dissection||interlayer adhesion damage||cellular reprogramming||cell transdifferentiation||direct cellular lineage-conversion||tissue engineered vascular grafts||vascular regeneration||stem cells||vascular progenitor cells||smooth muscle cells||atherosclerosis||cardiovascular disease||coronary vulnerable plaque||plaque models||fibrous cap thickness||vulnerable plaque model||plaque vulnerability prediction||bone||biomaterial||collagen||mineralization||bone cement||cobalt–chrome alloy||Exeter stem||periprosthetic femoral fractures||polished tapered stem||fluid–structure interaction (FSI)||polymeric heart valves (PHVs)||thickness||strain||stress||angioplasty||balloon dilatation catheter||finite element analysis||bench test||insertion force||balloon pleating simulation||n/a,,Biomechanical Study and Analysis for Cardiovascular/Skeletal Materials and Devices,,book,,,,,,,,,,,Archived,,,,,,,,10.3390/books978-3-7258-1670-5,,,,,,,,,,,,,,MDPI - Multidisciplinary Digital Publishing Institute,,9783725816699||9783725816705,,,,,,,,,,,,,,,,,,,,,,,,,,,,,,,,,,,,,,
0f2417d3-1c91-4596-9c31-24e9136f34cc,20.500.12854/6,Archived,https://mdpi.com/books/pdfview/book/7214,,9.78E+12,https://creativecommons.org/licenses/by/4.0/,https://mdpi.com/books/pdfview/book/7214,,,,,,,"Ferri, José Miguel||Fombuena Borràs, Vicent||Aldás Carrasco, Miguel Fernando",,,2023-05-11T17:21:48Z,2023-05-11T17:21:48Z,2023,,,,"Among the strategies for reducing the negative effects on the environment effected by the uncontrolled consumption and low potential for the recovery of conventional plastics, the synthesis of new biodegradable and recyclable plastics represents one of the most promising methods for minimizing the negative effects of conventional non-biodegradable plastics. The spectrum of existing biodegradable materials is still very narrow; thus, to achieve greater applicability, research is being carried out on biodegradable polymer mixtures, the synthesis of new polymers, and the incorporation of new stabilizers for thermal degradation, alongside the use of other additives such as antibacterials or new and more sustainable plasticizers. Some studies analyze direct applications, such as shape memory foams, new cartilage implants, drug release, etc.The reader can find several studies on the degradation of biodegradable polymers under composting conditions; however, novel bacteria that degrade polymers considered non-biodegradable in other, unusual conditions (such as conditions of high salinity) are also presented.","Made available in DSpace on 2023-05-11T17:21:48Z (GMT). No. of bitstreams: 1
Advances_in_Biocompatible_and_Biodegradable_Polymers.jpg: 165727 bytes, checksum: 12dd7ca96557b52ac8435dacf66f7ec0 (MD5)
  Previous issue date: 2023",,,,ONIX_20230511_9783036574042_138,,,,,,https://directory.doabooks.org/handle/20.500.12854/100121,,English[eng],,,,,,,,,,,,,,,,,,,,,,,,"thema EDItEUR::T Technology, Engineering, Agriculture, Industrial processes::TB Technology: general issues","rice husk waste||polybutylenes adipate-Co-terephthalate (PBAT)||polybutylene succinate (PBS)||eosinophilic esophagitis (EoE), esophageal drug delivery systems||drug-eluting string||3D printing||photopolymerizable resins||Drug loading strategies||steroids||fluticasone||bamboo fiber||cellulose nanofiber||adhesion||multiscale hybridization||fibrous composite||oil palm empty fruit bunch (OPEFB)||microcrystalline cellulose||nano-bentonite||bio-composites||tensile properties||modified PU film||protein adsorption||antibacterial||hyaluronic acid (HA)||polyhexamethylene guanidine (PHMG)||liposomes||dexketoprofen||biocompatibility||hot plate test||rats||polyethylene glycol||polylactic acid||starch mixture||hydrolytic degradation||biodegradation||almond shell||starch thermoplastic polymer||biodegradable||biocomposite||recycling||reprocessing cycle||injection molding||natural filler||PLA||epoxidized chia seed oil (ECO)||plasticizers||migration||disintegration||poly(butylene adipate-co-terephthalate||PBAT||gum rosin||biodegradable polymers||barrier properties||biomaterials||bioplastics||mechanical performance||barrier performance||processability||TMDCs-WS2||PLLA||PVDF||nanomaterials||morphology||crystallization||dynamic-mechanical properties||photodegradation||biodegradable polymer||poly(butylene succinate-co-adipate)||Zn-Ti LDH||PHBV||rheological characterization||plastics processing||Flory–Huggins||free energy of mixing||glass transition temperature||group contribution||molecular weight||miscibility prediction||simulation||solubility parameter||biodegradable packaging||biopolymer||starch||storage conditions||thermal properties||physicochemical properties||maleinized hemp seed oil||maleinized Brazil nut seed oil||bio-plasticizers||absorbency||commercial biopolymer additive (CBA)||micro/nanofibrillated cellulose (CMF)||softness||strength||tissue paper materials||antioxidant||antioxidant polymers||lignin polymers||graft polymers||dopamine||polydopamine||inulin||quercetin||limonene||vitamins||polycaprolactone (PCL)||polyesters||hydrophobic-hydrophilic balance (HHB)||nanoparticle formulation||nanoparticle crystallinity||FLAP antagonist||BRP-187||polylactide||biofoam||hydrolysis||degradation||drug||controlled release||polysaccharide||probiotics||biosensor||laser-induced graphene||polyimide||glucose||enzyme||mesenchymal stem cells||polymers||matrix||stiffness||osteoblasts||differentiation||cartilage defect||knee||Kartigen®||chondrocyte precursors||stem cell therapy||silica||composites||thermal stability||toughness||biodegradability||3D printing applications||non-viral vectors||gold nanoparticles||mesoporous silica nanoparticles||carbon nanotubes||nanoparticle size distribution||cellulose nanocrystals||negative staining||cryo-TEM ADF-STEM||electron tomography||coffee-ring effect||fractionation||vinyl addition polymerization||ring-opening polymerization (ROP)||bromolactide||methylenelactide||poly(methylenelactide)||poly(methylenelactide-g-L-lactide)||3D scaffolds||biomaterial engineering||tissue engineering||polymeric foams||surface functionalization||protein nanoparticles||cell growth||compressed fluids||Freon R134a||polystyrene||comparison||gut microbes||insect larvae||MXene||composite membrane||hydrophilicity||antibacterial properties||coagulation||hydroxyapatite||WS2 nanotubes||mechanical properties||PA||bioblend||kinetic models||reaction mechanisms||random scission||shape memory polymers||polyurethanes||oxidation||biostable||foams||additive manufacturing||surface roughness||FFF||ANFIS||modeling||desirability||filaments||antimicrobial||fused filament fabrication (FFF)||fused deposition modelling (FDM)||Poly(lactic acid) (PLA)||starch-based bioplastic||chitosan||co-polymer||reinforcement||biosynthesized polyesters||polyhydroxyalkanoates||seawater||residual toxicity assessment||thermochromic printing inks||UV stability||polycaprolactone||nanoparticles||TiO2||ZnO||poly (lactic acid)||Kraft lignin||tannin||multifunctionality of PLA composites||surface mechanical properties||antioxidant/antibacterial activity||poly-β-hydroxybutyrate||plasticizer||imagery analysis||Actinomucor elegans||materials testing||resin based dental materials||monomer||bisphenol A||elution||leaching||adipate||effective plasticizer||environmentally friendly||esterification||polyvinyl chloride||technological||sustainability||levoglucosenone||oxa-Michael addition||cross-linkable polymers||renewable polyesters||biosurfactants||thermostability||emulsion stability||rheology||PHA extraction||chemical digestion||design of experiments||polymer properties||micro-pollutants||landfill||soil biota||polyethylene||polyester||FucoPol||response surface methodology||oil-in-water emulsions||texture||poly(lactic acid)||biocomposites||mineral filler||calcium sulfate||natural gypsum||anhydrite II||melt–mixing||thermal and mechanical properties||Vicat softening temperature||injection molding and extrusion||technical applications||keratin||feather||poultry waste||nonwovens||electrocardiography||electromyography||PEDOT:PSS||degradability||polymer electrode||phytopathogenic fungi||polysaccharides||plant protection||antifungal coatings||seed coating||seed treatments||field applications||pre-harvest treatments||post-harvest treatments||edible coatings||Poly(L–lactic acid)||Poly(D–lactic acid)||stereocomplex||magnesium hydroxide||biodegradable vascular scaffold",,Advances in Biocompatible and Biodegradable Polymers,Volume I,book,,,,,,,,,,,Archived,,,,,,,,10.3390/books978-3-0365-7405-9,,,506,,Basel,,,,,,,,,MDPI - Multidisciplinary Digital Publishing Institute,,9783036574042||9783036574059,,,,,,,,,,,,,,,,,,,,,,,,,,,,,,,,,,,,,,
e5b7bd86-f897-4fb7-a041-bac44e9529d1,20.500.12854/6,Archived,https://mdpi.com/books/pdfview/book/7017,,9.78E+12,https://creativecommons.org/licenses/by/4.0/,https://mdpi.com/books/pdfview/book/7017,,,,,,,"Scocco, Paola||De Felice, Elena||Malfatti, Alessandro",,,2023-04-05T13:01:16Z,2023-04-05T13:01:16Z,2023,,,,"This reprint represents a collection of papers that aimed to highlight the importance of immunohistochemical findings and their role in improving the understanding of organ tissue functions. We focused our attention on farm animals because they represent not only a source of food in the supply chain, but also a source of income for breeders, a source of employment, and a primary tool in the quest for sustainable food production. To achieve this last aim, we asked authors for research that could potentially be applied to the purpose of this study, and whose results could be useful in improving farm management practices and the responsible use of natural resources. A total of 20 papers were contributed to this issue, written by 118 authors from 4 countries, and comprising 18 research articles and 2 communications articles.","Made available in DSpace on 2023-04-05T13:01:16Z (GMT). No. of bitstreams: 1
Immunohistochemical_and_Physiological_Research_on_Farm_Animals.jpg?v1680526425: 231081 bytes, checksum: 114ec2794581e89bdcaee52293684fa8 (MD5)
  Previous issue date: 2023",,,,ONIX_20230405_9783036568829_243,,,,,,https://directory.doabooks.org/handle/20.500.12854/98964,,English[eng],,,,,,,,,,,,,,,,,,,,,,,,thema EDItEUR::M Medicine and Nursing,"yak||ERK1/2||ovary||oviduct||uterus||NF-κB||mitochondria||oxidative stress||back-fat||placenta||pig||acrylamide||stomach||enteric nervous system||CART||VAChT||nNOS||domestic turkey||pineal||melatonin||plasma||rhythm||intestine||epithelium||folds||renewal||rainbow trout||inflammation||sympathetic innervation||caudal mesenteric ganglion||chemical plasticity||gilt||mandibular gland||feed physical form||apelin||aquaporin 5||complex carbohydrates||3,5-diiodo-L-thyronine||zebrafish||diet-induced obesity||intestinal inflammation||brain inflammation||immunohistochemical analysis||RT-PCR||IGFs||GSH||CYP1A||Dicentrarchus labrax||organic aquaculture||SARS-CoV-2||ACE2||lagomorphs||virus–receptor complex||in silico||RIA||PAG||gestation||sheep||postpartum||breed||multiple pregnancy||single pregnancy||blood biochemistry||performances||rabbits||semen quality||thyme essential oil||aging||Mic60||OPA1||myocardial mitochondria||Tibetan sheep||horse||squamous cell carcinoma of the larynx (SCCL)||epithelial to mesenchymal transition (EMT)||equine papillomavirus type 2 (EcPV2)||CB1R||CB2R||TRPV1||TRPA1||5-HT1aR||endocannabinoid system||immunohistochemistry||gastro-intestinal apparatus||feed additive||small ruminants||goats||neuropeptides||natural compound||polyphenols||embryonic mortality||pregnancy-associated glycoproteins||progesterone||ultrasonography||buffalo||feed supplementation||Ovis aries||metabolic hormones||BCS||drought stress||Italian Central Apennine||marine collagen||wound healing||regenerative medicine||innovative therapies||skin substitute||sea urchin||biomaterials||tissue engineering||circular economy||3D scaffolds||healthy reference individuals||high-welfare farm||metabolic profile||subclinical disorders||n/a",,Immunohistochemical and Physiological Research on Farm Animals,,book,,,,,,,,,,,Archived,,,,,,,,10.3390/books978-3-0365-6883-6,,,318,,Basel,,,,,,,,,MDPI - Multidisciplinary Digital Publishing Institute,,9783036568829||9783036568836,,,,,,,,,,,,,,,,,,,,,,,,,,,,,,,,,,,,,,
a979acba-98f7-432a-8fdc-3cd570f95ab5,20.500.12854/6,Archived,https://mdpi.com/books/pdfview/book/4762,,9.78E+12,https://creativecommons.org/licenses/by/4.0/,https://mdpi.com/books/pdfview/book/4762,,,,,,,"Nikitovic, Dragana||Perez, Serge",,,2022-01-11T13:53:43Z,2022-01-11T13:53:43Z,2021,,,,"Glycosaminoglycans are linear, anionic polysaccharides (GAGs) consisting of repeating disaccharides. GAGs are ubiquitously localized throughout the extracellular matrix (ECM) and to the cell membranes of cells in all tissues. They are either conjugated to protein cores in the form of proteoglycans, e.g., chondroitin/dermatan sulfate (CS/DS), heparin/heparan sulfate (Hep/HS) and keratan sulfate (KS), as well as non-sulfated hyaluronan (HA). By modulating biological signaling GAGs participate in the regulation of homeostasis and also participate in disease progression. The book, entitled “Exploring the multifaceted roles of glycosaminoglycans (GAGs)—new advances and further challenges”, features original research and review articles. These articles cover several GAG-related timely topics in structural biology and imaging; morphogenesis, cancer, and other disease therapy and drug developments; tissue engineering; and metabolic engineering. This book also includes an article illustrating how metabolic engineering can be used to create the novel chondroitin-like polysaccharide.A prerequisite for communicating in any discipline and across disciplines is familiarity with the appropriate terminology. Several nomenclature rules exist in the field of biochemistry. The historical description of GAGs follows IUPAC and IUB nomenclature. New structural depictions such as the structural nomenclature for glycan and their translation into machine-readable formats have opened the route for cross-references with popular bioinformatics resources and further connections with other exciting “omics” fields.","Made available in DSpace on 2022-01-11T13:53:43Z (GMT). No. of bitstreams: 1
Exploring_the_Multifaceted_Roles_of_Glycosaminoglycans_GAGs__New_Advances_and_Further_Challenges.jpg: 267415 bytes, checksum: 05f0cd3e169ca62e93273d07a49b789c (MD5)
  Previous issue date: 2021",,,,ONIX_20220111_9783036526775_975,,,,,,https://directory.doabooks.org/handle/20.500.12854/77144,,English[eng],,,,,,,,,,,,,,,,,,,,,,,,"thema EDItEUR::G Reference, Information and Interdisciplinary subjects::GP Research and information: general||thema EDItEUR::P Mathematics and Science::PS Biology, life sciences","GAGs:||Hyaluronic||Acid,||Heparan||(Sulfate)||Heparin,||Heparosan||Chondroitin||Dermatan||Keratan,||GAGs||like||Peri||and||Extracellular||Matrix||Regulation||&amp||Biosynthesis||of||GAG||Extraction||Synthesis||(chemical,||metabolic||engineering,...)||Characterization||sequence||molecular||weight,||degree||polymerization,||3D||structures,....)||structure/properties||relationships||oligosaccharides||Glycobiology||structure/function||relationship||Protein-GAG||complexes||in||disease||GAG-based||biomaterials||as||nanocarriers",,Exploring the Multifaceted Roles of Glycosaminoglycans (GAGs) - New Advances and Further Challenges,,book,,,,,,,,,,,Archived,,,,,,,,10.3390/books978-3-0365-2676-8,,,313,,"Basel, Switzerland",,,,,,,,,MDPI - Multidisciplinary Digital Publishing Institute,,9783036526775||9783036526768,,,,,,,,,,,,,,,,,,,,,,,,,,,,,,,,,,,,,,
06aa3147-f257-4b34-9b04-835d47a83396,20.500.12854/6,Archived,https://mdpi.com/books/pdfview/book/2288,,,https://creativecommons.org/licenses/by-nc-nd/4.0/,,,,,,,"Koller, Martin",,,,2021-02-11T07:50:06Z,2021-02-11T07:50:06Z,2020,09/06/2020 16:38,,,"Nowadays, we are witnessing highly dynamic research activities related to the intriguing field of biodegradable materials with plastic-like properties. These activities are stimulated by the strengthened public awareness of prevailing ecological issues connected to growing piles of plastic waste and increasing greenhouse gas emissions; this goes hand-in-hand with the ongoing depletion of fossil feedstocks, which are traditionally used to produce full carbon backbone polymers. Polyhydroxyalkanoate (PHA) biopolyesters, a family of plastic-like materials with versatile material properties, are increasing considered to be a future-oriented solution for diminishing these concerns. PHA production is based on renewable resources and occurs in a bio-mediated fashion through the action of living organisms. If accomplished in an optimized way, PHA production and the entire PHA lifecycle are embedded into nature´s closed cycles of carbon. Sustainable and efficient PHA production requires understanding and improvement of all the individual process steps. Holistic improvement of PHA production, applicable on an industrially relevant scale, calls for, inter alia, consolidated knowledge about the enzymatic and genetic particularities of PHA-accumulating organisms, an in-depth understanding of the kinetics of the bioprocess, the selection of appropriate inexpensive fermentation feedstocks, tailoring of PHA composition at the level of its monomeric constituents, optimized biotechnological engineering, and novel strategies for PHA recovery from biomass characterized by low energy and chemical requirements. This Special Issue represents a comprehensive compilation of articles in which these individual aspects have been addressed by globally recognized experts.","Made available in DSpace on 2021-02-11T07:50:06Z (GMT). No. of bitstreams: 1
Advances_in_Polyhydroxyalkanoate_PHA_Production_Volume_2.jpg?v1591708763: 190738 bytes, checksum: e1f55b372e660884f4ad20b68085e36b (MD5)
  Previous issue date: 2020",,,,46094,,,,,,https://directory.doabooks.org/handle/20.500.12854/40339,,English[eng],,,,,,,,,,,,,,,,,,,,,,,TP248.13-248.65||T1-995,"thema EDItEUR::T Technology, Engineering, Agriculture, Industrial processes::TC Biochemical engineering::TCB Biotechnology",Cupriavidus necator||alginate||tissue engineering||PAT||simulation||terpolyester||high cell density cultivation||process simulation||selective laser sintering||gaseous substrates||microaerophilic||in-line monitoring||Pseudomonas sp.||additive manufacturing||fed-batch||terpolymer||on-line||bubble column bioreactor||biopolymer||fused deposition modeling||biomaterials||polyhydroxyalkanoate (PHA)||Pseudomonas putida||fed-batch fermentation||blends||upstream processing||wound healing||activated charcoal||downstream processing||Archaea||polyhydroxyalkanoates processing||film||bioreactor||medium-chain-length polyhydroxyalkanoate (mcl-PHA)||poly(3-hydroxybutyrate-co-4-hydroxybutyrate)||Ralstonia eutropha||hydrolysate detoxification||extremophiles||Poly(3-hydroxybutyrate)||process analytical technologies||PHA composition||COMSOL||non-Newtonian fluid||tequila bagasse||biopolyester||biosurfactants||Haloferax||PHA||phenolic compounds||polyhydroxybutyrate||PHB||in-line||Pseudomonas||haloarchaea||plant oil||PHA processing||bioeconomy||delivery system||P(3HB-co-3HV-co-4HB)||productivity||electrospinning||cyanobacteria||waste streams||polyhydroxyalkanoates||oxygen transfer||polyhydroxyalkanoate||biomedical application||photon density wave spectroscopy||carbon dioxide||salinity||PDW||rheology||halophiles||feedstocks||high-cell-density fed-batch||biomedicine||process engineering||bioprocess design||viscosity||computer-aided wet-spinning||microorganism||Cupriavidus malaysiensis||poly(3-hydroxybutyrate-co-3-hydroxyvalerate) (PHVB),,"Advances in Polyhydroxyalkanoate (PHA) Production, Volume 2",,book,,,,,,,,,,,Archived,,,1st,,,,,10.3390/books978-3-03928-641-6,,,202,,,,,,,,,,,MDPI - Multidisciplinary Digital Publishing Institute,,9783039286416||9783039286409,,,,,,,,,,,,,,,,,,,,,,,,,,,,,,,,,,,,,,
c5cd18a8-dfc3-4098-88ec-51b384172847,20.500.12854/6,Archived,https://mts.intechopen.com/storage/books/11873/authors_book/authors_book.pdf,,9.78E+12,https://creativecommons.org/licenses/by/3.0/,https://www.intechopen.com/books/11873,,,,,,,"Zorzi, Alessandro||Toumi, Hechmi||Lespessailles, Eric",,,2023-09-05T15:52:37Z,2023-09-05T15:52:37Z,2023,,,,"Osteoarthritis is the most common form of arthritis and cause of joint pain in adults. It affects more than 500 million people worldwide. Patients develop osteoarthritis when the structure of the protective cartilage that covers the bones begins to deteriorate. Recent research shows that multiple drugs in development are promising to treat osteoarthritis. Yet, most physicians agree that we still do not have enough effective treatments for this condition. What works for one person might not work for someone else. Consequently, osteoarthritis research is very important because understanding what causes osteoarthritis or why it progresses remains controversial. In fact, although articular cartilage is the primary target of the disease, both subchondral bone and synovium are often actively involved. This book describes the details of both surgical and non-surgical treatment options for osteoarthritis.","Made available in DSpace on 2023-09-05T15:52:37Z (GMT). No. of bitstreams: 1
web_image.jpg: 109390 bytes, checksum: 351205eb9b3e7efb348a3777740be1f9 (MD5)
  Previous issue date: 2023",,,,ONIX_20230905_9781803564029_61,,,,,,https://directory.doabooks.org/handle/20.500.12854/113260,,English[eng],,,,,,,,,,,,,,,,,,,,,,,,thema EDItEUR::M Medicine and Nursing::MN Surgery::MNS Surgical orthopaedics and fractures,biomaterials||total knee arthroplasty||tissue engineering||polymer||mesenchymal stem cells||coating,,Arthroplasty,Advanced Techniques and Future Perspectives,book,,,,,,,,,,,Archived,,,,,,,,10.5772/intechopen.102234,,IntechOpen,222,,,,,,,,,,,IntechOpen,,9781803564029||9781803564012||9781803564036,,,,,,,,,,,,,,,,,,,,,,,,,,,,,,,,,,,,,,
cadf5970-7c3b-45fb-904a-26b3cccdb704,20.500.12854/6,Archived,https://mts.intechopen.com/storage/books/5093/authors_book/authors_book.pdf,,9.79E+12,https://creativecommons.org/licenses/by/3.0/,https://www.intechopen.com/books/5093,,,,,,,"Mieno, Tetsu",,,2023-12-01T15:26:19Z,2023-12-01T15:26:19Z,2016,,,,"In the early twentieth century, Dr. Irving Langmuir actively studied plasma discharge and surface science. Since then, great progress has been made in the development of applications of discharges and plasmas such as discharge lamps, electric tubes, and arc welding. In relation to studies on space physics and controlled nuclear fusion, plasma physics has greatly advanced. Plasma chemistry has also progressed along with its applications in LSI fabrication technology, the chemical vapor deposition of functional films, and the production of nanomaterials. In the twenty-first century, the further development of applications of plasma physics and plasma chemistry is certainly expected. In this book, 18 chapters on the recent progress in plasma science and technology have been written by active specialists worldwide.","Made available in DSpace on 2023-12-01T15:26:19Z (GMT). No. of bitstreams: 1
web_image.jpg: 112104 bytes, checksum: 183e4403002731dfd56d340145772d21 (MD5)
  Previous issue date: 2016",,,,ONIX_20231201_9789535122807_554,,,,,,https://directory.doabooks.org/handle/20.500.12854/129445,,English[eng],,,,,,,,,,,,,,,,,,,,,,,,thema EDItEUR::P Mathematics and Science::PN Chemistry::PNR Physical chemistry,"tissue engineering, biomaterials, imaging, fuel cells, surface modification, chemical vapor deposition",,Plasma Science and Technology,Progress in Physical States and Chemical Reactions,book,,,,,,,,,,,Archived,,,,,,,,10.5772/60692,,IntechOpen,548,,,,,,,,,,,IntechOpen,,9789535122807||9789535146179||9789535150671,,,,,,,,,,,,,,,,,,,,,,,,,,,,,,,,,,,,,,
0e2ba909-6d68-4c57-8ba7-15451e0edc6d,20.500.12854/6,Archived,https://mdpi.com/books/pdfview/book/9495,,9.78E+12,https://creativecommons.org/licenses/by-nc-nd/4.0/,https://mdpi.com/books/pdfview/book/9495,,,,,,,"Pelin, Cristina-Elisabeta||Ficai, Anton",,,2024-09-06T08:20:20Z,2024-09-06T08:20:20Z,2024,,,,"In the last decade, additive manufacturing’s ability to produce customized parts with complex shapes has led to increased global demand for this technology as a manufacturing solution in various engineering fields, from consumer goods, medicine, electronics, and construction to automotive and aerospace. Three-dimensional-printing-based technologies using polymeric materials offer cost-effectiveness, customized geometries, complex design, high-precision manufacturing, and reduced processing time while using highly sustainable materials.This Special Issue aimed to gather the latest research in the field of 3D-printed polymers designed for application in the fields in which this technology attracts the most attention. Papers were expected to take experimental or simulation approaches to challenges in polymer and polymeric composite 3D-printing techniques encountered in each engineering field. Overcoming 3D printing challenges will greatly contribute to advancing development in topics related to transport, engineering, medicine, and the environment. This Special Issue will focus on both fundamental and applied research aimed at the development, characterization, and application of polymers for 3D-printing technologies implemented in, but not limited to, the following: aerospace, automotive, construction, medicine, prototyping, and consumer goods (including electronics, sports, devices, and spare parts).","Made available in DSpace on 2024-09-06T08:20:20Z (GMT). No. of bitstreams: 1
Polymeric_Materials_and_Their_Application_in_3D_Printing.jpg?v=1725602227: 40784 bytes, checksum: 5d4c60bcf1961576e90cd3358bcd9383 (MD5)
  Previous issue date: 2024",,,,ONIX_20240906_9783725814060_126,,,,,,https://directory.doabooks.org/handle/20.500.12854/143764,,English[eng],,,,,,,,,,,,,,,,,,,,,,,,thema EDItEUR::P Mathematics and Science||thema EDItEUR::P Mathematics and Science::PH Physics||thema EDItEUR::P Mathematics and Science::PH Physics::PHF Materials / States of matter,3D-printing polymers||ABS-PC||PCABS||accelerated aging||ultraviolet||UV-C||3D printing||ABS||short carbon fiber||mechanical tests||FE model||elastic characteristics||strength||fracture toughness||wood-based biopolymer||surface quality||tensile strength||machinability||additive manufacturing||PLA||annealing||mechanical proprieties||flexible composites with piezoelectric features||3D printable flexible piezoelectric devices||energy harvesting||refractive index measurement||photocurable resin||vat-photopolymerization||micro-optics||microfluidics||thermoforming||wrist–hand orthosis||mechanical behavior||customization||flexural fatigue||3D Printing Point-of-Care||metal material extrusion||fused filament fabrication||aluminium feedstock||printability||binder system||rheological properties||chain link||polymers||tensile testing||influence factors||empirical mathematical models||polymethylmethacrylate||polyether-ether-ketone||custom medical device||finite element analysis||nerve tissue engineering||biocompatibility||biomaterials||nanomaterials||hydrogels||process optimization||compressive properties||surface smoothness||self-healing||polymers and composites||smart polymers||fused deposition modeling||boron nitride||polylactic acid||dimensional accuracy||wear||selective laser sintering||porosity||pure polymers||blended polymers||micro-hole||quality analysis||material jetting||thermoplastic polymers||mechanical properties||warpage||wax||FFF||rheometer||hydrolysis||Ultem 9085||amorphous solid dispersion||solubility||polymer||pharmaceutical||three-dimensional printing||CFR-PEEK||material addition rate||energy consumption||powder bed fusion||polyamide-12||Avrami||polycondensation||cross-linking||powder re-use||3D-printed molds||polymeric materials||Material Extrusion||carbon-reinforced Polyether Ether Ketone||MCDM||Fuzzy-AHP-TOPSIS||process parameter selection||optimization||smart materials||shape memory polymer||4D printing||thermo-mechanical experiments,,Polymeric Materials and Their Application in 3D Printing,,book,,,,,,,,,,,Archived,,,,,,,,10.3390/books978-3-7258-1405-3,,,,,,,,,,,,,,MDPI - Multidisciplinary Digital Publishing Institute,,9783725814060||9783725814053,,,,,,,,,,,,,,,,,,,,,,,,,,,,,,,,,,,,,,
9febfa23-5536-438d-b51a-433d61c4b6ec,20.500.12854/12,Archived,https://library.oapen.org/bitstream/20.500.12657/75870/1/9789815040104.pdf||https://library.oapen.org/bitstream/20.500.12657/75870/1/9789815040104.pdf,,,https://creativecommons.org/licenses/by/4.0/||https://creativecommons.org/licenses/by/4.0/,,,,,,,"Fagoonee, Sharmila",,,,2023-11-17T08:23:13Z,2023-11-17T08:23:13Z,2021,2023-08-28T16:21:20Z,,,"Stem Cell Delivery Routes: From Preclinical Models to Clinical Applications covers current knowledge about stem cell delivery for cell-based therapeutics. Starting with an introduction to stem cell technology, the book provides information about the main mesenchymal stem cell (MSC) delivery routes and the cell carrier materials used for delivering the cells. The main delivery routes include the liver, the kidney and the ocular surface. This introductory information is followed up with general information about stem cell based therapeutics, covering relevant topics such as the secretome and optimal delivery strategies in cell-based therapeutics. The book then progresses into the topic of in vivo cell tracking methods in preclinical and clinical studies with specific emphasis on the liver, ocular surface and kidney while also covering factors that affect the residence time, viability, and homing of MSCs with respect to the targeted location. The discussions in these chapters are accompanied by key descriptions of MSC-based therapeutic applications in rodent models and human clinical studies. The advantages and bottlenecks in clinical MSC application, and ways to improve the therapeutic efficacy of transplanted cells are also presented, rounding up the contents of the book. Key Feature: - A comprehensive summary of stem cell delivery for cell-based therapeutics, suitable for a broad range of readers - 10 sequential chapters that enhance the reader’s understanding on the subject - An Introduction to stem cell technology - Coverage of 3 key stem cell transplantation routes (liver, kidney and eye) - Coverage of in vivo stem cell tracking - Inclusion of basic information about MSC delivery and methods of clinical applications - Discussions about preclinical mouse models - A perspective on stem cell bottlenecks and recent advances in biomedical engineering that enhance the clinical application of MSCs The contents are adapted to suit readers learning about advanced stem cells therapies at all academic levels, including undergraduates, lecturers, as well as those who are curious to understand more about the importance of stem cells, and their application in cell-based therapeutics. Professionals involved in allied fields in clinical research, and biomedical engineering will also gain a substantial understanding about regenerative medicine and cell transplantation.","Made available in DSpace on 2023-11-17T08:23:13Z (GMT). No. of bitstreams: 1
9789815040104.pdf.jpg: 32571 bytes, checksum: 7d3556ee453e0fd2e483736edfcdb717 (MD5)
  Previous issue date: 2021||Item created via OAI harvest from source: https://library.oapen.org/oai/doab-migration on 2023-11-17T08:23:14Z (GMT).  Item's OAI Record identifier: oai:library.oapen.org:20.500.12657/75870||Item created via OAI harvest from source: https://library.oapen.org/oai/doab-migration on 2025-03-20T17:52:28Z (GMT).  Item's OAI Record identifier: oai:library.oapen.org:20.500.12657/75870",,,,ONIX_20230828_9789815040104_13||OCN: 1365391091||https://library.oapen.org/handle/20.500.12657/75870,,,,,,https://directory.doabooks.org/handle/20.500.12854/121656,,English[eng],,,,,,,,,,,,,,,,open access,,,,,,,,,Stem Cell Bioengineering||Stem Cell Technology||Extracellular vesicles||Mouse stem cell models||Stem Cell transplantation||Cell transplantation||Medical Biotechnology||Secretome||Cell-based therapeutics||stem cell tracking||Genetic engineering||tissue engineering||Cell-free therapy||biomaterials||Transplantation routes||cell delivery||liver stem cells||cornea transplant||kidney transplants||regenerative medicine,,Stem Cell Delivery Routes: From Preclinical Models to Clinical Applications,,book,,,,,,,,,,,Archived,,,,,,,,10.2174/97898150401041210101,,Bentham Science Publishers,160,,,,,,,,,,,Bentham Science Publishers,,9789815040104||9789815040111,,,,,,,,,,,,,,,,,,,,,,,,,,,,,,,,,,,,,,
12a9b5c2-f2df-4da9-ad62-489f97331110,20.500.12854/6,Archived,https://mdpi.com/books/pdfview/book/9226,,9.78E+12,https://creativecommons.org/licenses/by-nc-nd/4.0/,https://mdpi.com/books/pdfview/book/9226,,,,,,,"Melo, Mary Anne",,,2024-07-04T09:30:03Z,2024-07-04T09:30:03Z,2024,,,,"This Special Issue presents a comprehensive exploration of recent developments and technological advancements in the field of dental materials. Compiled with the intent to foster a deeper understanding of the material science behind restorative dentistry, this reprint offers detailed insights into novel materials, manufacturing techniques and their clinical applications.The highlights include the following:Exploration of 3D-printed bioglass and advanced resin composites;Discussion on the integration of nanotechnology for improved material properties;Evaluation of environmental and health impacts of new dental materials;Overview of innovative manufacturing processes such as CAD/CAM and selective laser melting (SLM).","Made available in DSpace on 2024-07-04T09:30:03Z (GMT). No. of bitstreams: 1
Recent_Process_Design_and_Development_Strategies_for_Dental_Materials.jpg?v=1720074031: 39676 bytes, checksum: ae63c75d911cd8a0e9a84087ee3729ff (MD5)
  Previous issue date: 2024",,,,ONIX_20240704_9783725810765_27,,,,,,https://directory.doabooks.org/handle/20.500.12854/139231,,English[eng],,,,,,,,,,,,,,,,,,,,,,,,"thema EDItEUR::M Medicine and Nursing||thema EDItEUR::M Medicine and Nursing::MK Medical specialties, branches of medicine::MKE Dentistry",fractal dimension analysis||implant topography||oxygen plasma||plasma electrolytic oxidation||texture analysis||Bioglass®||biomaterial||niobium oxide||osseointegration||antibacterial properties||cytotoxicity||electrical properties||bioactivity||bone regeneration||coated materials||corrosion||friction||microorganisms||orthodontic brackets||orthodontic wires||orthodontics||3D printing||SLM||margin fitness||dental restoration||pyomelanin||Pseudomonas aeruginosa||chemical structure||biocompatibility||biofilm||bioactive||dental||secondary caries||resin composite||dental pulp stem cells||DPSC||salivary glands||xerostomia||tissue engineering||differentiation||regenerative medicine||Sjogren syndrome||titanium implants||wettability||bone integration||UV photofunctionalization||implant provisional materials||peri-implant soft tissue||cytocompatibility||gingival fibroblasts||dental materials||resin-based composite||oxidative stress||apoptosis||TiO2 nanotubes||reduced graphene oxide||nonthermal atmospheric plasma||Streptococcus mutans||preosteoblastic cells||n/a,,Recent Process Design and Development Strategies for Dental Materials,,book,,,,,,,,,,,Archived,,,,,,,,10.3390/books978-3-7258-1075-8,,,250,,,,,,,,,,,MDPI - Multidisciplinary Digital Publishing Institute,,9783725810765||9783725810758,,,,,,,,,,,,,,,,,,,,,,,,,,,,,,,,,,,,,,
7ac42eee-09b4-4e6d-81f2-5e74bd476bbf,20.500.12854/6,Archived,https://mts.intechopen.com/storage/books/10372/authors_book/authors_book.pdf,,9.78E+12,https://creativecommons.org/licenses/by/3.0/,https://www.intechopen.com/books/10372,,,,,,,"Habib, Maki K.||Martín-Gómez, César",,,2023-12-01T19:06:17Z,2023-12-01T19:06:17Z,2021,,,,"Bioinspired systems, technologies and techniques known as “biomimetics” or the “mimicry of nature,” represent a ground-breaking method of scientific research based on innovation and a creative design approach of the ‘nature’ laboratory to be applied to any scientific discipline. This approach and the associated way of thinking facilitates the cross-fertilization of scientific fields, integrating biology and the interdisciplinary knowledge featuring the evolution of models that have refined in nature within any scientific discipline.","Made available in DSpace on 2023-12-01T19:06:17Z (GMT). No. of bitstreams: 1
web_image.jpg: 82221 bytes, checksum: 46015ac857e7516d20a56722c7586756 (MD5)
  Previous issue date: 2021",,,,ONIX_20231201_9781839621710_2365,,,,,,https://directory.doabooks.org/handle/20.500.12854/131254,,English[eng],,,,,,,,,,,,,,,,,,,,,,,,"thema EDItEUR::T Technology, Engineering, Agriculture, Industrial processes::TC Biochemical engineering::TCB Biotechnology","tissue engineering, artificial intelligence, energy efficiency, biomaterials, regenerative medicine, image processing",,Biomimetics,,book,,,,,,,,,,,Archived,,,,,,,,10.5772/intechopen.91558,,IntechOpen,186,,,,,,,,,,,IntechOpen,,9781839621710||9781839621703||9781839622113,,,,,,,,,,,,,,,,,,,,,,,,,,,,,,,,,,,,,,
d99255c3-5368-43c0-b3be-4efd478e0df7,20.500.12854/6,Archived,https://mdpi.com/books/pdfview/book/3307,,9.78E+12,https://creativecommons.org/licenses/by/4.0/,https://mdpi.com/books/pdfview/book/3307,,,,,,,"Coltelli, Maria Beatrice||Danti, Serena",,,2021-05-01T15:06:25Z,2021-05-01T15:06:25Z,2021,,,,"Beauty masks, diapers, wound dressings, wipes, protective clothes and biomedical products: all these high-value and/or large-volume products must be highly compatible with human skin and they should have specific functional properties, such as anti-microbial, anti-inflammatory and anti-oxidant properties. They are currently partially or totally produced using fossil-based sources, with evident issues linked to their end of life, as their waste generates an increasing environmental concern. On the contrary, biopolymers and active biomolecules from biobased sources could be used to produce new materials that are highly compatible with the skin and also biodegradable. The final products can be obtained by exploiting safe and smart nanotechnologies such as the extrusion of bionanocomposites and electrospinning/electrospray, as well as innovative surface modification and control methodologies. For all these reasons, recently, many researchers, such as those involved in the European POLYBIOSKIN project activities, have been working in the field of biomaterials with anti-microbial, anti-inflammatory and anti-oxidant properties, as well as biobased materials which are renewable and biodegradable. The present book gathered research and review papers dedicated to materials and technologies for high-performance products where the attention paid to health and environmental impact is efficiently integrated, considering both the skin-compatibility of the selected materials and their source/end of life.","Made available in DSpace on 2021-05-01T15:06:25Z (GMT). No. of bitstreams: 1
High_Performance_Functional_Biobased_Polymers_for_Skincontact_Products.jpg?v1618829887: 241707 bytes, checksum: 6c234c0814f8f21f26b12241be3f6ac3 (MD5)
  Previous issue date: 2021",,,,ONIX_20210501_9783039438617_41,,,,,,https://directory.doabooks.org/handle/20.500.12854/68297,,English[eng],,,,,,,,,,,,,,,,,,,,,,,,"thema EDItEUR::G Reference, Information and Interdisciplinary subjects::GP Research and information: general",pullulan||biopolymers||exopolysaccharides||biodegradation||biocompatibility||poly(lactic acid)||poly(butylene succinate)||chitin nanofibrils||starch||skin compatibility||anti-microbial||poly(hydroxyalkanoate)||biopolyesters||beauty masks||releasing||skin compatible||polyhydroxyalkanotes||sugarcane molasses||antibacterial materials||essential oils||coating||poly(lactide)||chitin–lignin nanocomplex||grafting from||lactide oligomers||platelet-rich fibrin||wound healing||skin wounds||wound dressing||hyperspectral imaging||principal component analysis||spectroscopy||chitosan||partial least squares regression||nir||actives substances||cn-nl/ga||skin||antifouling||antimicrobial||antiviral||electrospinning||breast implant||ear prosthesis||biomedical device||chronic wound||biopolymer||bio-based||surface modification||nanolignin||electrospray||anti-inflammatory||blends||PLA||PHBV||nanocomposite||tissue engineering||biodegradable||nanofiber||n/a,,High Performance Functional Bio-based Polymers for Skin-contact Products,,book,,,,,,,,,,,Archived,,,,,,,,10.3390/books978-3-03943-862-4,,,224,,"Basel, Switzerland",,,,,,,,,MDPI - Multidisciplinary Digital Publishing Institute,,9783039438617||9783039438624,,,,,,,,,,,,,,,,,,,,,,,,,,,,,,,,,,,,,,
80d8f886-63ec-4d02-a92c-7b0b6feffcba,20.500.12854/6,Archived,https://mts.intechopen.com/storage/books/11723/authors_book/authors_book.pdf,,9.78E+12,https://creativecommons.org/licenses/by/3.0/,https://www.intechopen.com/books/11723,,,,,,,"Colette Maurício, Ana||Alvites, Rui||Gönül, Müzeyyen",,,2023-09-05T16:04:45Z,2023-09-05T16:04:45Z,2023,,,,"Skin wounds are common occurrences that result from the breakdown of anatomical continuity and integrity of the epidermis, with consequent functional changes. Wound healing is a complex phenomenon through which there is healing of the skin. The wound healing process begins immediately after the wound occurs and can be a lengthy and complex process depending on the severity of the wound and the normal or abnormal healing progress. Wound healing progress through three distinct phases of inflammation, proliferation, and remodeling in a methodical and complex sequence that involves cellular, molecular, and humoral mechanisms of action. Any change in this sequence of events can lead to abnormal wound healing. Due to the health and psychological consequences of wounds that are difficult to heal there has been a continuous effort to develop new therapies that promote wound healing more quickly and effectively and that restore the skin’s barrier function. Nevertheless, this situation remains a medical challenge. This book presents some therapeutic advances based on new and innovative therapeutic options, medical devices, and biomaterials to promote wound healing. It is a theoretical and practical reference for future research on chronic wound healing.","Made available in DSpace on 2023-09-05T16:04:45Z (GMT). No. of bitstreams: 1
web_image.jpg: 80589 bytes, checksum: 27d8bc016b8ada1c1a3931468257df93 (MD5)
  Previous issue date: 2023",,,,ONIX_20230905_9781803562254_210,,,,,,https://directory.doabooks.org/handle/20.500.12854/113409,,English[eng],,,,,,,,,,,,,,,,,,,,,,,,"thema EDItEUR::M Medicine and Nursing::MK Medical specialties, branches of medicine::MKF Pathology",artificial intelligence||nanomaterials||drug delivery||tissue engineering||antibiotics||trauma,,Wound Healing,Recent Advances and Future Opportunities,book,,,,,,,,,,,Archived,,,,,,,,10.5772/intechopen.101005,,IntechOpen,296,,,,,,,,,,,IntechOpen,,9781803562254||9781803562247||9781803562261,,,,,,,,,,,,,,,,,,,,,,,,,,,,,,,,,,,,,,
bb65ea0b-f1eb-433c-89c0-4906a1ba5efe,20.500.12854/6,Archived,https://mdpi.com/books/pdfview/book/7828,,9.78E+12,https://creativecommons.org/licenses/by/4.0/,https://mdpi.com/books/pdfview/book/7828,,,,,,,"Skorik, Yury A.",,,2023-09-11T12:17:15Z,2023-09-11T12:17:15Z,2023,,,,"This Special Issue focuses on fundamental and applied aspects of the design, characterization, and properties of biopolymeric drug and gene delivery systems. It contains eleven articles, including nine original research papers and two reviews. The papers cover various topics related to the use of biopolymers (polysaccharides such as cellulose and its derivatives, starch and its derivatives, chitosan and its derivatives, hyaluronan, sodium alginate, agarose, arabinoxylan, heparin, cyclodextrin, peptides and proteins, and synthetic biopolymers) for delivery of various drugs and therapeutic nucleic acids. The biomaterials studied include polymer conjugates, nano- and submicroparticles, gels, films, and implants for drug administration via intravascular, intravitreal, buccal, topical, and implantation routes.","Made available in DSpace on 2023-09-11T12:17:15Z (GMT). No. of bitstreams: 1
Biopolymers_in_Drug_and_Gene_Delivery_Systems.jpg?v=1694415035: 205871 bytes, checksum: 4ed69ddc01d5fbeb224c5dbfd61aafb3 (MD5)
  Previous issue date: 2023",,,,ONIX_20230911_9783036587110_117,,,,,,https://directory.doabooks.org/handle/20.500.12854/113984,,English[eng],,,,,,,,,,,,,,,,,,,,,,,,"thema EDItEUR::G Reference, Information and Interdisciplinary subjects::GP Research and information: general||thema EDItEUR::P Mathematics and Science::PN Chemistry",colistin||polymyxin||hyaluronic acid||diethylaminoethyl chitosan||polyelectrolyte complexes||drug delivery system||ESKAPE pathogens||antimicrobial activity||curcumin||nanoparticle complex||buccal drug delivery||polysaccharides||dexamethasone||succinyl chitosan||intravitreal delivery systems||anti-inflammatory activity||cyclodextrin||hydrogel||preparation||release||degradation||WPI fibrils||Ti6Al4V||additive manufacturing||osseointegration||heparin||tinzaparin||osteoblast differentiation||coating||enriched||grafting||polypropylene||gamma rays||methyl methacrylate||N-vinylimidazole||pH-responsiveness||vancomycin||DNA delivery||peptide-based carriers||gene therapy||thymidine kinase||uterine fibroids||integrins||polycondensation||cellulose||cellulose cryogel||freeze-drying||tissue engineering||regenerative medicine||hybrid nanoparticles||core–shell structures||peptides||drug delivery systems||antibiotics||antimicrobial properties||composite materials||arabinoxylan||sodium alginate||wound healing||antibacterial dressing||drug delivery||controlled drug delivery||hydrogel properties||polymer concentration||crosslinking density||n/a,,Biopolymers in Drug and Gene Delivery Systems,,book,,,,,,,,,,,Archived,,,,,,,,10.3390/books978-3-0365-8710-3,,,192,,,,,,,,,,,MDPI - Multidisciplinary Digital Publishing Institute,,9783036587110||9783036587103,,,,,,,,,,,,,,,,,,,,,,,,,,,,,,,,,,,,,,
4ffcd89f-7d7c-48d3-99b7-e65a2dc0c72b,20.500.12854/6,Archived,https://mts.intechopen.com/storage/books/8353/authors_book/authors_book.pdf,,9.78E+12,https://creativecommons.org/licenses/by/3.0/,https://www.intechopen.com/books/8353,,,,,,,"Popa, Lăcrămioara||Violeta Ghica, Mihaela||Dinu-Pîrvu, Cristina-Elena",,,2023-12-01T18:02:58Z,2023-12-01T18:02:58Z,2019,,,,"Hydrogels, as three-dimensional polymer networks, are able to retain a large amount of water in their swollen state. The biomedical application of hydrogels was initially hampered by the toxicity of cross-linking agents and the limitations of hydrogel formation under physiological conditions. However, emerging knowledge in polymer chemistry and an increased understanding of biological processes have resulted in the design of versatile materials and minimally invasive therapies.The novel but challenging properties of hydrogels are attracting the attention of researchers in the biological, medical, and pharmaceutical fields. In the last few years, new methods have been developed for the preparation of hydrophilic polymers and hydrogels, which may be used in future biomedical and drug delivery applications. Such efforts include the synthesis of self-organized nanostructures based on triblock copolymers with applications in controlled drug delivery. These hydrogels could be used as carriers for drug delivery when combined with the techniques of drug imprinting and subsequent release. Engineered protein hydrogels have many potential advantages. They are excellent biomaterials and biodegradables. Furthermore, they could encapsulate drugs and be used in injectable forms to replace surgery, to repair damaged cartilage, in regenerative medicine, or in tissue engineering. Also, they have potential applications in gene therapy, although this field is relatively new.","Made available in DSpace on 2023-12-01T18:02:58Z (GMT). No. of bitstreams: 1
web_image.jpg: 84031 bytes, checksum: b21d16d184f7a370940209c1a8ccebc2 (MD5)
  Previous issue date: 2019",,,,ONIX_20231201_9781789858761_1767,,,,,,https://directory.doabooks.org/handle/20.500.12854/130658,,English[eng],,,,,,,,,,,,,,,,,,,,,,,,thema EDItEUR::P Mathematics and Science::PN Chemistry::PNN Organic chemistry::PNNP Polymer chemistry,"drug delivery, chitosan, extracellular matrix, cellulose, textile, hyaluronic acid",,Hydrogels,Smart Materials for Biomedical Applications,book,,,,,,,,,,,Archived,,,,,,,,10.5772/intechopen.78482,,IntechOpen,132,,,,,,,,,,,IntechOpen,,9781789858761||9781789858754||9781839621215,,,,,,,,,,,,,,,,,,,,,,,,,,,,,,,,,,,,,,
3c3bb64c-8d17-430c-a39b-b0332e20cabd,20.500.12854/12,Archived,https://library.oapen.org/bitstream/20.500.12657/49169/1/50067.pdf||https://library.oapen.org/bitstream/20.500.12657/49169/1/50067.pdf,,,https://creativecommons.org/licenses/by/3.0/||https://creativecommons.org/licenses/by/3.0/,,,,,,,"Glavan, Matjaž||Černič Istenič, Majda||Cvejić, Rozalija",,,,2021-02-10T12:58:18Z,,2016,2021-06-02T10:08:18Z,,,"Non-thermal plasma technology is one of those techniques that suffer relatively little from diffusion limits, slow kinetics, and complex geometries compared to more traditional liquid-based chemical surface modification techniques. Combined with a lack of solvents, preservation of the bulk properties, and fast treatment times; it is a well-liked technique for the treatment of materials for biomedical applications. In this book chapter, a review will be given on what the scientific community determined to be essential to obtain appropriate scaffolds for tissue engineering and how plasma scientists have used non-thermal plasma technology to accomplish this. A distinction will be made depending on the scaffold fabrication technique, as each technique has its own set of specific problems that need to be tackled. Fabrication techniques will include traditional fabrication methods, rapid prototyping, and electrospinning. As for the different plasma techniques, both plasma activation and grafting/polymerization will be included in the review and linked to the in-vitro/in-vivo response to these treatments. The literature review itself is preceded by a more general overview on cell communication, giving useful insights on how surface modification strategies should be developed.",Item created via OAI harvest from source: https://library.oapen.org/oai/doab-migration on 2021-11-24T05:52:56Z (GMT).  Item's OAI Record identifier: oai:library.oapen.org:20.500.12657/49169,,,,ONIX_20210602_10.5772/62301_283||https://library.oapen.org/handle/20.500.12657/49169,,,,,,https://directory.doabooks.org/handle/20.500.12854/70545,,English[eng],,,,,,,,,,,,FP7-KBBE-2012-6-singlestage,,,,open access,,,,,,,,thema EDItEUR::P Mathematics and Science::PN Chemistry::PNR Physical chemistry,"Non-thermal plasma technology, surface modification, tissue engineering, scaffold fabrication, biomaterials",,"Chapter Urban Gardening: From Cost Avoidance to Profit Making — Example from Ljubljana, Slovenia",,chapter,,,,,,,,,,,Archived,,,,,,,,10.5772/62301,,,,,,,,,,,,,,InTechOpen,,,,,,,,,,,,,,,,,,,,,,,,,,,,,,,,,,,,,,,,
fbc88238-182a-4bfb-9a64-333422ff86b3,20.500.12854/6,Archived,https://mdpi.com/books/pdfview/book/3866,,9.78E+12,https://creativecommons.org/licenses/by/4.0/,https://mdpi.com/books/pdfview/book/3866,,,,,,,"García-González, Carlos A.||Gaudio, Pasquale Del||Starbird, Ricardo",,,2022-01-11T13:31:43Z,2022-01-11T13:31:43Z,2021,,,,"Biopolymers including natural (e.g., polysaccharides, proteins, gums, natural rubbers, bacterial polymers), synthetic (e.g., aliphatic polyesters and polyphosphoester), and biocomposites are of paramount interest in regenerative medicine, due to their availability, processability, and low toxicity. Moreover, the structuration of biopolymer-based materials at the nano- and microscale along with their chemical properties are crucial in the engineering of advanced carriers for drug products. Finally, combination products including or based on biopolymers for controlled drug release offer a powerful solution to improve the tissue integration and biological response of these materials. Understanding the drug delivery mechanisms, efficiency, and toxicity of such systems may be useful for regenerative medicine and pharmaceutical technology. The main aim of the Special Issue on “Biopolymers in Drug Delivery and Regenerative Medicine” is to gather recent findings and current advances on biopolymer research for biomedical applications, particularly in regenerative medicine, wound healing, and drug delivery. Contributions to this issue can be as original research or review articles and may cover all aspects of biopolymer research, ranging from the chemical synthesis and characterization of modified biopolymers, their processing in different morphologies and hierarchical structures, as well as their assessment for biomedical uses.","Made available in DSpace on 2022-01-11T13:31:43Z (GMT). No. of bitstreams: 1
Biopolymers_in_Drug_Delivery_and_Regenerative_Medicine.jpg: 264923 bytes, checksum: 2a29e2326098aec0e42885cf973e690f (MD5)
  Previous issue date: 2021",,,,ONIX_20220111_9783036509006_167,,,,,,https://directory.doabooks.org/handle/20.500.12854/76431,,English[eng],,,,,,,,,,,,,,,,,,,,,,,,thema EDItEUR::M Medicine and Nursing,curcumin||pectin aerogels||chitosan coating||burst release||controlled release||Keratose||drug-coated balloon||paclitaxel||drug delivery||pre-clinical||peripheral arterial disease||endovascular||cellulose phosphate||cellulose phosphate aerogel||interconnected porosity||supercritical carbon dioxide||tetrabutylammonium fluoride||TBAF/DMSO||polysaccharide||κ-carrageenan||dexamethasone||electrochemical active deliver system||doping agent||charged molecule||conductive polymers||colorectal cancer||antioxidants||5-fluorouracil||polymer nanomaterials||nanocapsules||chemotherapy||cryogel||starch||NMR spectroscopy||morphology||drug release||polysaccharides||hydrogels||prilling||droplets||ionotropic gelation||drying||xerogels||cryogels||aerogels||lipid microparticles||PGSS®||supercritical CO2||modeling||solvent-free technology||biomaterials||porous materials||biomimetic||multi-stimulation||tissue engineering||n/a,,Biopolymers in Drug Delivery and Regenerative Medicine,,book,,,,,,,,,,,Archived,,,,,,,,10.3390/books978-3-0365-0901-3,,,194,,"Basel, Switzerland",,,,,,,,,MDPI - Multidisciplinary Digital Publishing Institute,,9783036509006||9783036509013,,,,,,,,,,,,,,,,,,,,,,,,,,,,,,,,,,,,,,
d6a5cbed-d23a-483b-b83d-ba042653d989,20.500.12854/12,Archived,https://library.oapen.org/bitstream/20.500.12657/43289/1/2021_Book_MultiscaleBiomechanicsAndTribo.pdf||https://library.oapen.org/bitstream/20.500.12657/43289/1/2021_Book_MultiscaleBiomechanicsAndTribo.pdf||https://library.oapen.org/bitstream/20.500.12657/43289/1/2021_Book_MultiscaleBiomechanicsAndTribo.pdf,,,http://creativecommons.org/licenses/by/4.0/||http://creativecommons.org/licenses/by/4.0/||http://creativecommons.org/licenses/by/4.0/,,,,,,,"Ostermeyer, Georg-Peter||Popov, Valentin L.||Shilko, Evgeny V.||Vasiljeva, Olga S.","Ostermeyer, Georg-Peter||Popov, Valentin L.||Shilko, Evgeny V.||Vasiljeva, Olga S.",,,2021-02-10T14:47:31Z,2021-02-10T14:47:31Z,2021,2020-12-14T08:27:45Z,,,"This open access book gathers authoritative contributions concerning multiscale problems in biomechanics, geomechanics, materials science and tribology. It is written in memory of Sergey Grigorievich Psakhie to feature various aspects of his multifaceted research interests, ranging from theoretical physics, computer modeling of materials and material characterization at the atomic scale, to applications in space industry, medicine and geotectonics, and including organizational, psychological and philosophical aspects of scientific research and teaching as well. This book covers new advances relating to orthopedic implants, concerning the physiological, tribological and materials aspects of their behavior; medical and geological applications of permeable fluid-saturated materials; earthquake dynamics together with aspects relating to their managed and gentle release; lubrication, wear and material transfer in natural and artificial joints; material research in manufacturing processes; hard-soft matter interaction, including adhesive and capillary effects; using nanostructures for influencing living cells and for cancer treatment; manufacturing of surfaces with desired properties; self-organization of hierarchical structures during plastic deformation and thermal treatment; mechanics of composites and coatings; and many more. Covering established knowledge as well as new models and methods, this book provides readers with a comprehensive overview of the field, yet also with extensive details on each single topic.","Made available in DSpace on 2021-02-10T14:47:31Z (GMT). No. of bitstreams: 1
2021_Book_MultiscaleBiomechanicsAndTribo.pdf.jpg: 7809 bytes, checksum: b2fde0f431079e7515edd9f682970aff (MD5)
  Previous issue date: 2021||Item created via OAI harvest from source: https://library.oapen.org/oai/doab-migration on 2021-02-10T14:47:31Z (GMT).  Item's OAI Record identifier: oai:library.oapen.org:20.500.12657/43289||Item created via OAI harvest from source: https://library.oapen.org/oai/doab-migration on 2025-01-31T04:10:55Z (GMT).  Item's OAI Record identifier: oai:library.oapen.org:20.500.12657/43289||Item created via OAI harvest from source: https://library.oapen.org/oai/doab-migration on 2025-03-23T03:52:40Z (GMT).  Item's OAI Record identifier: oai:library.oapen.org:20.500.12657/43289",,,,ONIX_20201214_9783030601249_27||OCN: 1228844448||https://library.oapen.org/handle/20.500.12657/43289,,,,,,https://directory.doabooks.org/handle/20.500.12854/37628,,English[eng],,,,,,,,,,Springer Tracts in Mechanical Engineering,,,,,,open access,,,,,,,,,"Solid Mechanics||Biomedical Engineering and Bioengineering||Biomaterials||Biomechanical Analysis and Modeling||Nanomedicine and Nanotoxicology||Biological Effects of Nanomaterials||Cell–nanomaterial Interactions||Bone Tissue Fracture||Biomechanical Aspects of Joint Arthroplasty||Resurfacing Endoprosthesis||Two-phase Lubrication of Biological Joints||Mechanics of Earthquakes||Active Control of Tectonics||Fracture Processes in Rock||Multiscale Problems in Tribology||Hierarchically Organized Structures||Adhesive Contacts||Friction Stir Processing||Particle-based Discrete Element Method||Low-dimensional Aluminum (Hydro)Oxides||Nanostructures in Cancer Treatment||Lattice Curvature||Wear Resistance||Open Access||Mechanics of solids||Biomedical engineering||Materials science||Biotechnology||thema EDItEUR::T Technology, Engineering, Agriculture, Industrial processes::TG Mechanical engineering and materials::TGM Materials science::TGMD Engineering: Mechanics of solids||thema EDItEUR::M Medicine and Nursing::MQ Nursing and ancillary services::MQW Biomedical engineering||thema EDItEUR::T Technology, Engineering, Agriculture, Industrial processes::TG Mechanical engineering and materials::TGM Materials science",,Multiscale Biomechanics and Tribology of Inorganic and Organic Systems,In memory of Professor Sergey Psakhie,book,,,,,,,,,,,Archived,,,,,,,,10.1007/978-3-030-60124-9,,Springer International Publishing,565,,,,,,,,,,,Springer Nature,,,,,,,,,,,,,,,,,,,,,,,,,,,,,,,,,,,,,,,,
b789afd7-8f65-448a-b8c4-871ec1cf2096,20.500.12854/6,Archived,https://mdpi.com/books/pdfview/book/2446,,9.78E+12,https://creativecommons.org/licenses/by/4.0/,https://mdpi.com/books/pdfview/book/2446,,,,,,,"Maire, Eric||Adrien, Jerome||Withers, Philip John",,,2021-05-01T15:26:45Z,2021-05-01T15:26:45Z,2020,,,,"This book illustrates the exciting possibilities being opened up by X-ray computed tomography (CT) to follow the behavior of materials under conditions as close as possible to those encountered during their manufacture or in operation.The scientific chapters selected for this book describe results obtained using synchrotron or laboratory devices during in situ or ex situ experiments. They characterize microstructures across length scales ranging from tens of nanometers to a few tens of micrometers.In this collection, X-ray CT shines a light on the mechanical properties of engineering materials, such as aluminum or magnesium alloys, stainless steel, aluminum, polymer composites, or ceramic foam. In these experiments, X-ray CT is able to image and quantify the damage occurring during tensile, compression, indentation, or fatigue tests.Of course, X-ray CT can illuminate the structure and behavior of natural materials too. Here it is applied to bone or natural snow to study their mechanical behavior, as well as materials from the agri-food sector. Its versatility is exemplified by analyses of topics as diverse as the removal of olive oil from kitchen sponges by squeezing and rinsing, to the effect of temperature changes on the structure of ice cream.","Made available in DSpace on 2021-05-01T15:26:45Z (GMT). No. of bitstreams: 1
InSitu_XRay_Tomographic_Study_of_Materials.jpg?v1618830777: 28672 bytes, checksum: 7d6a7d713f850cd24a97cef837e5cb6a (MD5)
  Previous issue date: 2020",,,,ONIX_20210501_9783039365296_428,,,,,,https://directory.doabooks.org/handle/20.500.12854/68682,,English[eng],,,,,,,,,,,,,,,,,,,,,,,,,in-situ X-ray computed tomography||thermal-mechanical loading||polymer bonded explosives||mesoscale characterization||structure evolution||particle morphology||heat treatment||aluminum cast alloy||mechanical properties||Ostwald ripening||nanotomography||phase-contrast imaging||tomographic reconstruction||dynamic tomography||motion compensation||projection-based digital volume correlation||X-ray μCT||in-situ experiments||flow cell||alkaline manganese batteries||X-ray tomography||in operando||in situ||zinc powder||laser powder bed fusion||additive manufacturing||in-situ imaging||Ti6Al4V||lattice structures||mechanics||corrosion||biomaterial||battery||aluminum foams||intermetallics||finite element analysis||damage||polycrystal plasticity||X-ray diffraction imaging||topotomography||in situ experiment||finite element simulation||lattice curvature||rocking curve||ice cream||microstructure||tomography||ice crystals||coarsening||soft solids||bone||X-ray radiation||tissue damage||SR-microCT||digital volume correlation||temperature control||electrochemical cell design||batteries||helical CT||contrast agent||high cycle fatigue (HCF)||fibre break||fibre tows||Freeze Foaming||in situ computed tomography||non-destructive testing||bioceramics||aging||crack initiation and propagation||damage modes||osteoporosis||osteogenesis imperfecta||porosity||bone matrix quality||micro-CT||snow grains||snow microstructure||snow properties||pore morphology||voids||fiber-reinforced concrete||CT scan technology||DIP software||X-ray tomography (X-ray CT)||3D image analysis||hydrogen embrittlement||stainless steel,,In-Situ X-Ray Tomographic Study of Materials,,book,,,,,,,,,,,Archived,,,,,,,,10.3390/books978-3-03936-530-2,,,302,,"Basel, Switzerland",,,,,,,,,MDPI - Multidisciplinary Digital Publishing Institute,,9783039365296||9783039365302,,,,,,,,,,,,,,,,,,,,,,,,,,,,,,,,,,,,,,
a743757f-1529-4bde-8651-e8019a2b8860,20.500.12854/12,Archived,https://library.oapen.org/bitstream/20.500.12657/32354/1/612533.pdf||https://library.oapen.org/bitstream/20.500.12657/32354/1/612533.pdf||https://library.oapen.org/bitstream/20.500.12657/32354/1/612533.pdf||https://library.oapen.org/bitstream/20.500.12657/32354/1/612533.pdf||https://library.oapen.org/bitstream/20.500.12657/32354/1/612533.pdf,,,https://creativecommons.org/licenses/by/3.0/||https://creativecommons.org/licenses/by/3.0/||https://creativecommons.org/licenses/by/3.0/||https://creativecommons.org/licenses/by/3.0/||https://creativecommons.org/licenses/by/3.0/,,,,,1,,"Morent, Rino||De Geyter, Nathalie||Cools, Pieter||Cools, Pieter||Morent, Rino||De Geyter, Nathalie",,,,2021-02-10T12:58:18Z,,2015,2019-10-04 14:24:38||2020-04-01T14:07:08Z||2016-07-31 23:55||2019-10-04 14:24:38||2020-04-01T14:07:08Z||2016-12-31 23:55:55||2019-10-04 14:24:38||2020-04-01T14:07:08Z,,,"In the textile market industry, technical textiles are one of the fastest growing businesses. Part of that industry consists of textiles for medical and healthcare applications and are responsible for a continuous increase in its market potential [1]. Next to their need in hospital environments, there is a growing demand in other sectors such as the food and hotel industry, due to stricter hygiene regulations. In most cases biomedical textile meets a well-defined set of requirements such as minimizing non-specific protein adsorption, drug delivery coatings or the presence of active functional coatings and most importantly excellent biocompatibility (blood-, tissue-or cyto-compatibility) [2]. In general there are very few materials meeting all these characteristics, while at the same time offering the needed structural and mechanical properties. Furthermore, depending on the application, the production process has to be cost-effective and approved by local legislation.",Item created via OAI harvest from source: https://library.oapen.org/oai/doab-migration on 2021-11-13T15:36:07Z (GMT).  Item's OAI Record identifier: oai:library.oapen.org:20.500.12657/32354||Item created via OAI harvest from source: https://library.oapen.org/oai/doab-migration on 2025-01-30T06:17:29Z (GMT).  Item's OAI Record identifier: oai:library.oapen.org:20.500.12657/32354||Item created via OAI harvest from source: https://library.oapen.org/oai/doab-migration on 2025-05-09T09:57:18Z (GMT).  Item's OAI Record identifier: oai:library.oapen.org:20.500.12657/32354,,,,612533||OCN: 1030816817||http://library.oapen.org/handle/20.500.12657/32354,,,,,,https://directory.doabooks.org/handle/20.500.12854/37319,,English[eng],,,,,,,,,,,,7292b17b-f01a-4016-94d3-d7fb5ef9fb79,,,,open access,,,,,,,,,plasma modified textiles||biomedicine||plasma modified textiles||biomedicine||Blood plasma||Electrospinning||Nonwoven fabric||Surface modification of biomaterials with proteins||Tissue engineering,thema EDItEUR::P Mathematics and Science::PD Science: general issues,Chapter 5 Plasma Modified Textiles for Biomedical Applications,,chapter,,,,,,,,,,,Archived,,European Research Council (ERC)||EU collection,,,279022,FP7,,10.5772/59770,,,,,,,,,FP7 Ideas: European Research Council||7292b17b-f01a-4016-94d3-d7fb5ef9fb79,,Advances in Bioengineering,,,InTechOpen,,,,,,,,,,,,,,,,,,,,,,,,,,,,,,,,,,,,,,,,
b0ccb31b-3482-4603-97dc-f394189fe4e9,20.500.12854/6,Archived,https://mdpi.com/books/pdfview/book/7215,,9.78E+12,https://creativecommons.org/licenses/by/4.0/,https://mdpi.com/books/pdfview/book/7215,,,,,,,"Ferri, José Miguel||Fombuena Borràs, Vicent||Aldás Carrasco, Miguel Fernando",,,2023-05-11T17:21:51Z,2023-05-11T17:21:51Z,2023,,,,"Among the strategies for reducing the negative effects on the environment effected by the uncontrolled consumption and low potential for the recovery of conventional plastics, the synthesis of new biodegradable and recyclable plastics represents one of the most promising methods for minimizing the negative effects of conventional non-biodegradable plastics. The spectrum of existing biodegradable materials is still very narrow; thus, to achieve greater applicability, research is being carried out on biodegradable polymer mixtures, the synthesis of new polymers, and the incorporation of new stabilizers for thermal degradation, alongside the use of other additives such as antibacterials or new and more sustainable plasticizers. Some studies analyze direct applications, such as shape memory foams, new cartilage implants, drug release, etc.The reader can find several studies on the degradation of biodegradable polymers under composting conditions; however, novel bacteria that degrade polymers considered non-biodegradable in other, unusual conditions (such as conditions of high salinity) are also presented.","Made available in DSpace on 2023-05-11T17:21:51Z (GMT). No. of bitstreams: 1
Advances_in_Biocompatible_and_Biodegradable_Polymers.jpg: 155292 bytes, checksum: 497bd195f47e8f3c431000cb929632d5 (MD5)
  Previous issue date: 2023",,,,ONIX_20230511_9783036574066_139,,,,,,https://directory.doabooks.org/handle/20.500.12854/100122,,English[eng],,,,,,,,,,,,,,,,,,,,,,,,"thema EDItEUR::T Technology, Engineering, Agriculture, Industrial processes::TB Technology: general issues","rice husk waste||polybutylenes adipate-Co-terephthalate (PBAT)||polybutylene succinate (PBS)||eosinophilic esophagitis (EoE), esophageal drug delivery systems||drug-eluting string||3D printing||photopolymerizable resins||Drug loading strategies||steroids||fluticasone||bamboo fiber||cellulose nanofiber||adhesion||multiscale hybridization||fibrous composite||oil palm empty fruit bunch (OPEFB)||microcrystalline cellulose||nano-bentonite||bio-composites||tensile properties||modified PU film||protein adsorption||antibacterial||hyaluronic acid (HA)||polyhexamethylene guanidine (PHMG)||liposomes||dexketoprofen||biocompatibility||hot plate test||rats||polyethylene glycol||polylactic acid||starch mixture||hydrolytic degradation||biodegradation||almond shell||starch thermoplastic polymer||biodegradable||biocomposite||recycling||reprocessing cycle||injection molding||natural filler||PLA||epoxidized chia seed oil (ECO)||plasticizers||migration||disintegration||poly(butylene adipate-co-terephthalate||PBAT||gum rosin||biodegradable polymers||barrier properties||biomaterials||bioplastics||mechanical performance||barrier performance||processability||TMDCs-WS2||PLLA||PVDF||nanomaterials||morphology||crystallization||dynamic-mechanical properties||photodegradation||biodegradable polymer||poly(butylene succinate-co-adipate)||Zn-Ti LDH||PHBV||rheological characterization||plastics processing||Flory–Huggins||free energy of mixing||glass transition temperature||group contribution||molecular weight||miscibility prediction||simulation||solubility parameter||biodegradable packaging||biopolymer||starch||storage conditions||thermal properties||physicochemical properties||maleinized hemp seed oil||maleinized Brazil nut seed oil||bio-plasticizers||absorbency||commercial biopolymer additive (CBA)||micro/nanofibrillated cellulose (CMF)||softness||strength||tissue paper materials||antioxidant||antioxidant polymers||lignin polymers||graft polymers||dopamine||polydopamine||inulin||quercetin||limonene||vitamins||polycaprolactone (PCL)||polyesters||hydrophobic-hydrophilic balance (HHB)||nanoparticle formulation||nanoparticle crystallinity||FLAP antagonist||BRP-187||polylactide||biofoam||hydrolysis||degradation||drug||controlled release||polysaccharide||probiotics||biosensor||laser-induced graphene||polyimide||glucose||enzyme||mesenchymal stem cells||polymers||matrix||stiffness||osteoblasts||differentiation||cartilage defect||knee||Kartigen®||chondrocyte precursors||stem cell therapy||silica||composites||thermal stability||toughness||biodegradability||3D printing applications||non-viral vectors||gold nanoparticles||mesoporous silica nanoparticles||carbon nanotubes||nanoparticle size distribution||cellulose nanocrystals||negative staining||cryo-TEM ADF-STEM||electron tomography||coffee-ring effect||fractionation||vinyl addition polymerization||ring-opening polymerization (ROP)||bromolactide||methylenelactide||poly(methylenelactide)||poly(methylenelactide-g-L-lactide)||3D scaffolds||biomaterial engineering||tissue engineering||polymeric foams||surface functionalization||protein nanoparticles||cell growth||compressed fluids||Freon R134a||polystyrene||comparison||gut microbes||insect larvae||MXene||composite membrane||hydrophilicity||antibacterial properties||coagulation||hydroxyapatite||WS2 nanotubes||mechanical properties||PA||bioblend||kinetic models||reaction mechanisms||random scission||shape memory polymers||polyurethanes||oxidation||biostable||foams||additive manufacturing||surface roughness||FFF||ANFIS||modeling||desirability||filaments||antimicrobial||fused filament fabrication (FFF)||fused deposition modelling (FDM)||Poly(lactic acid) (PLA)||starch-based bioplastic||chitosan||co-polymer||reinforcement||biosynthesized polyesters||polyhydroxyalkanoates||seawater||residual toxicity assessment||thermochromic printing inks||UV stability||polycaprolactone||nanoparticles||TiO2||ZnO||poly (lactic acid)||Kraft lignin||tannin||multifunctionality of PLA composites||surface mechanical properties||antioxidant/antibacterial activity||poly-β-hydroxybutyrate||plasticizer||imagery analysis||Actinomucor elegans||materials testing||resin based dental materials||monomer||bisphenol A||elution||leaching||adipate||effective plasticizer||environmentally friendly||esterification||polyvinyl chloride||technological||sustainability||levoglucosenone||oxa-Michael addition||cross-linkable polymers||renewable polyesters||biosurfactants||thermostability||emulsion stability||rheology||PHA extraction||chemical digestion||design of experiments||polymer properties||micro-pollutants||landfill||soil biota||polyethylene||polyester||FucoPol||response surface methodology||oil-in-water emulsions||texture||poly(lactic acid)||biocomposites||mineral filler||calcium sulfate||natural gypsum||anhydrite II||melt–mixing||thermal and mechanical properties||Vicat softening temperature||injection molding and extrusion||technical applications||keratin||feather||poultry waste||nonwovens||electrocardiography||electromyography||PEDOT:PSS||degradability||polymer electrode||phytopathogenic fungi||polysaccharides||plant protection||antifungal coatings||seed coating||seed treatments||field applications||pre-harvest treatments||post-harvest treatments||edible coatings||Poly(L–lactic acid)||Poly(D–lactic acid)||stereocomplex||magnesium hydroxide||biodegradable vascular scaffold",,Advances in Biocompatible and Biodegradable Polymers,Volume II,book,,,,,,,,,,,Archived,,,,,,,,10.3390/books978-3-0365-7407-3,,,484,,Basel,,,,,,,,,MDPI - Multidisciplinary Digital Publishing Institute,,9783036574066||9783036574073,,,,,,,,,,,,,,,,,,,,,,,,,,,,,,,,,,,,,,
0a801b2e-884e-4b11-8d68-1e4bbbc95914,20.500.12854/6,Archived,https://mdpi.com/books/pdfview/book/4288,,9.78E+12,https://creativecommons.org/licenses/by/4.0/,https://mdpi.com/books/pdfview/book/4288,,,,,,,"Sakudo, Akikazu||Yagyu, Yoshihito",,,2022-01-11T13:43:46Z,2022-01-11T13:43:46Z,2021,,,,"Irving Langmuir coined the name “plasma” to describe an ionized gas back in 1927. Just over 90 years later, plasma technology is becoming increasingly important in our daily life. For example, in the medical field and dentistry, plasma is used as a method of disinfection and sterilization. Moreover, additional potential novel applications of this technology in different forms of therapy have been proposed. In the agricultural sector, plasma technology could contribute to higher crop yields by enhancing seed germination and the growth of plants, as well as the preservation of foods by disinfection. Plasma technology could also be utilized in environmental applications, including water treatment and remediation, as well as treatment of exhaust gases. Although recent extensive studies have uncovered the broad potential of plasma technology, its mechanisms of action remain unclear. Therefore, further studies aimed at elucidating the molecular mechanisms of plasma technology are required. This book is composed of original articles and reviews investigating the molecular mechanisms of plasma biology. Relevant areas of study include applications in plasma medicine, plasma agriculture, as well as plasma chemistry. Studies on potential therapeutic approaches using plasma itself and plasma-treated solutions are also included.","Made available in DSpace on 2022-01-11T13:43:46Z (GMT). No. of bitstreams: 1
Plasma_Biology.jpg: 153426 bytes, checksum: 05825042a6cc8924c0b5866d9673a142 (MD5)
  Previous issue date: 2021",,,,ONIX_20220111_9783036515687_574,,,,,,https://directory.doabooks.org/handle/20.500.12854/76839,,English[eng],,,,,,,,,,,,,,,,,,,,,,,,"thema EDItEUR::T Technology, Engineering, Agriculture, Industrial processes::TB Technology: general issues",cold jet atmospheric pressure plasma||reactive oxygen and nitrogen species||backbone cleavage||hydroxylation||carbonyl formation||cold atmospheric plasma||autophagy||silymarin nanoemulsion||PI3K/mTOR pathway||wound healing||oncology||regenerative medicine||plasma||atmospheric pressure plasma jets||large-scale imaging||machine learning||cancer treatment||cellular imaging||reactive oxygen species||mesoporous silica nanoparticles||biomaterials||bone regeneration||cytotoxicity||proliferation||osteogenic differentiation||plasma-activated medium||TRAIL||DR5||apoptosis||ROS/RNS||atmospheric-pressure plasma||titanium||amine||mesenchymal stem cells||antibiotic resistant bacteria||antibiotic resistance gene||disinfection||E. coli||inactivation||sterilization||cell migration||endothelial cells VEGF||gynaecological oncology||vulva cancer||risk factors||plasma tissue interaction||premalignant lesions||cancer development||patient stratification||individualised profiling||predictive preventive personalised medicine (PPPM/3PM)||treatment||Candida albicans||cold plasma treatment||genome||hydrolytic enzyme activity||carbon assimilation||drug susceptibility||malignant melanoma||acidification||nitrite||acidified nitrite||nitration||membrane damage||CAP||cancer||cold atmospheric pressure plasma||hydrogen peroxide||hypochlorous acid||moDCs||peroxynitrite||RNS||ROS||non-thermal plasma||biological activity||breast cancer||solution plasma process||aqueous solutions||chitin||chitosan||degradation||deacetylation||non-thermal atmospheric pressure plasma||Pectobacteriaceae||Dickeya spp.||Pectobacterium spp.||antibacterial||plant protection||agriculture||selective cancer treatment||reaction network||mathematical modeling||n/a||Mdm2–p53||plasma treatment||molecular dynamic (MD) simulations,,Plasma Biology,,book,,,,,,,,,,,Archived,,,,,,,,10.3390/books978-3-0365-1567-0,,,363,,"Basel, Switzerland",,,,,,,,,MDPI - Multidisciplinary Digital Publishing Institute,,9783036515687||9783036515670,,,,,,,,,,,,,,,,,,,,,,,,,,,,,,,,,,,,,,
bdcf7ac8-7b67-48ff-bbb0-57c235d8d0f0,20.500.12854/6,Archived,https://mdpi.com/books/pdfview/book/9125,,9.78E+12,https://creativecommons.org/licenses/by-nc-nd/4.0/,https://mdpi.com/books/pdfview/book/9125,,,,,,,"Lee, Jihoon||Li, Ming-Yu",,,2024-05-14T14:49:32Z,2024-05-14T14:49:32Z,2024,,,,"The aim of this reprint is to exhibit new-generation nanomaterial-based devices, offering scientific perspectives on the relationship between the tunable properties of nanomaterials and diverse applications. Over the past few decades, nanotechnologies for the synthesis, processing, and fabrication of low-dimensional materials have been regarded as saviors to meet the ever-growing demands for high-performance devices with significantly smaller dimensions owing to the electromagnetic confinement effect and dimensional carrier transportation behavior of the fabricating nanomaterials. We will attempt to pave the way to lift the mystery veil of nanotechnologies and nanomaterials for readers and explore broadly possible applications, such as the Internet of Things, energy conversion, intelligent sensing, and even biomimetics.","Made available in DSpace on 2024-05-14T14:49:32Z (GMT). No. of bitstreams: 1
Nanotechnologies_and_Nanomaterials_Selected_Papers_from_CCMR.jpg?v=1714983954: 200107 bytes, checksum: 01ec94f8dd93f253b664f70024747b10 (MD5)
  Previous issue date: 2024",,,,ONIX_20240514_9783725808816_479,,,,,,https://directory.doabooks.org/handle/20.500.12854/137883,,English[eng],,,,,,,,,,,,,,,,,,,,,,,,thema EDItEUR::P Mathematics and Science::PB Mathematics::PBW Applied mathematics,electrostatic adsorption||electrostatic assembly||composite||heat-conductive||hBN||PMMA||cathode materials||orbital symmetry states||metal–oxygen hybridization||H2O2 detection||super-porous CuO/Pt electrode||dynamic hydrogen bubble technique||biosensor kit||monoclinic||hexagonal||La2O2O3 phase||CO2 behavior||precipitation method||hydrothermal method||photocatalytic||Rhodamine B||photoreduction||Bi4Ti3O12||AgPt/Bi4Ti3O12||nanostructured surface||injection molding||anti-adhesive||E. coli||fimbriae||anti-bacterial||biomaterial-associated infections (BAI)||manganese ferrite||X-ray diffraction||nanomaterials||specific loss power||magnetic resonance angiography||IGZO||TFT||oxygen flow||channel width||electrical property||nanostructure||nanopatterning||soft lithography||soft material||swelling||resistive switching||X-ray photoelectron spectroscopy||synaptic device||metal oxide||current overshoot||titanium carbide||sol-gel||confining template||magnesiothermic catalysis||deoxygenation||coconut oil||in-situ hydrogen||nickel–cobalt bimetallic nanoparticles||biorefinery||dendritic polymers||ceramic compounds||biomimetic||dendrimers||hyperbranched polymers||silica composites||hybrid materials||heterojunctions||gas sensor||sensing mechanism||review||laser-induced periodic surface structures (LIPSS)||laser ablation||structural color||ITZO film||high-power impulse magnetron sputtering||duty cycle||pulse off-time||electrical properties||metal-based nanomaterials||characteristics||antiviral therapy||mechanism||application||inorganic nanoparticles||chemical method||formation strategy||medical applications||sound pressure amplification structure||double diaphragm scheme||Fabry–Perot sensor||graphene diaphragm||sensitivity enhancement||nanocomposites||photocatalytic degradation||perovskite||tobacco tar||atomic structure||electronic structure||Density Functional Theory (DFT)||MXenes||two-dimensional materials||broadband near-infrared||ordered micro-holes||graded alloy||photoluminescence||guided resonant mode||self-assembly||3D substrate||solar cell||Pb poisoning||Mo-Ce/Zr-PILC catalyst||NH3-SCR||surface acidity||Zn/MgO||nano-plates||mesoporous||heterogeneous base catalyst||biodiesel||transesterification||Camelina oil||OLED||top emitting||hole injection||Al anode||ITO anode||HATCN||efficiency||native oxide||microdisplay||Si substrate||MnO2/extended graphite||supercapacitors||glucose sensing||Li-ion batteries||binder-free electrodes||TiO2 nanotube arrays||electrochemical anodization||elemental doping||germanium monosulfide (GeS)||defect||formation energy||vacancy healing||piezoelectric coefficients||DFT calculations||magnetite||peroxidase activity||SERS||MAX phases||ultrathin nanosheets||lithium-ion battery||electrochemical performance||anode materials||nanopillars/pores||roll-to-roll imprinting||multiphase flow||imprinting-speed||functional surfaces||sliding mesh method||quantum dot||single-electron transistor||Coulomb blockade||charge stability||effective electron temperature||Cu-Ta alloy||deform mechanism||magnetron sputtering||nanoindentation||molecular dynamics (MD)||NiMoO4 nanowire arrays||oxygen vacancies||core-shell electrode structure||asymmetric supercapacitors||electrospun micro/nanofibers||sound absorption||porous materials||resonance||Li[Ni0.8Co0.15Al0.05]O2||sericin||N-doped carbon||lithium-ion batteries||surface wrapping||beam splitter||metasurface||terahertz||dynamic||zinc tin oxide||nanowires||chemical vapor deposition||surface modification||photocatalysis||reactive radical species||NC hydrogel||drug-delivery||oxygen-carrying hydrogels||3D-printing||micro-impact fatigue||wear hard coatings||study state cutting||fractal analysis||Si/Co LDHs||1D nanostructures||nanofibers||cyclic voltammetry||charge–discharge method||acoustic vibrations||nanosilica||frequency analysis||attenuation||freeboard region||granular bed||cadmium sulfide||thin film||substrate temperature||RF magnetron sputtering||physical property||metallic||nanocomposite||hydrogel||nanotechnology||drug delivery||tissue engineering||wound care||electrospinning||recycling||reutilizing||plastic waste||non-metal||germanium carbide||absorption energy||work function||absorption spectrum||boron||nanosheet||microstructure||nanocrystalline materials||graphene oxide||reduction||thermal||memristor||switching||analog||oxidation||NiCo(OH)2 layered double hydroxides||electrocatalysis||oxygen evolution reaction||onset potential||current density||stability||2D semiconductors||transition metal dichalcogenides||photodetectors||surface plasmon resonance||silver thin film||nanoparticle (NP) ink||sintering||oxygen||polyvinylpyrrolidone (PVP)||dispersant decomposition||electrical resistivity||TiOx||anodic oxidation||photoelectrochemical||nanohollows||indium tin oxide (ITO)||HiPIMS||rapid thermal annealing (RTA)||hydrogen-containing forming gas||hydrogen doping||inorganic-magnetic-organic nanohybrids||zinc oxide nanohybrid||water purification||sunlight||fluidization||collapse bed||hydrodynamics||bed voidage||purge flow||indenter angle||phase transformation||silicon||atomistic simulation||CuO-based catalyst||α-MnO2 nanowire||low-temperature catalytic activity||CO oxidation||pulsed flow||pulsation frequency||assisted fluidization||efficacy||bed dynamics||biosensor||MoS2||graphene||SPR sensor||high sensitivity||2D materials||two-dimensional allotropes||graphene analogs||molecular beam epitaxy||borophene||aluminene||gallenene||indiene||thallene||silicene||germanene||stanene||plumbene||phosphorene||antimonene||bismuthene||selenene||tellurene||nanohydroxyapatite||adsorption||heavy metal||radionuclide||organic pollutants||fluoride ions||adapted glassy carbon sensor||cigarette||differential pulse voltammetry||graphene oxide nanosheets synthesis||nicotine||Ag2Se||nylon 6||flexible inorganic-organic composite||ProX-SEM-EDS||optical properties||van der Waals materials||nanomechanical resonators||Fabry–Pérot interferometry||photothermal response||static displacement||absorptive heating||NbSe2 drumheads||graphene resonator||interface stress||film thermal damage||thermal time constant||defect density||transport gap||band gap||metal–insulator transition||2D Mott VRH||monochlorophenol (MCPs)||graphitic carbon nitride (g-C3N4)||titanium dioxide (TiO2)||photocatalytic activity||tin oxide (SnOx)||plasma-enhanced atomic layer deposition (PEALD)||barristor||Fowler–Nordheim tunneling||cut-off frequency||delay time||power-delay product||independent dual-channel method||graphene field-effect transistor||edge reconstruction defects||linear dislocations||quantum capacitance||water splitting||V-FeBP||heteroatom doping||hydrothermal approach||soaking approach||rolled structure||1D structure||scrolled MoS2||ionic liquid gating||complementary inverter||low power||graphene/carbon-nanotube junction||2D perovskite||ZnO quantum dot||antisolvent method||photodetector||outstanding stability||CVD||tunning range||mathematic model||waveguide method||n/a,,Nanotechnologies and Nanomaterials: Selected Papers from CCMR,Volume II,book,,,,,,,,,,,Archived,,,,,,,,10.3390/books978-3-7258-0882-3,,,584,,,,,,,,,,,MDPI - Multidisciplinary Digital Publishing Institute,,9783725808816||9783725808823,,,,,,,,,,,,,,,,,,,,,,,,,,,,,,,,,,,,,,
66ee33ee-6447-4706-a7ac-1e541037a51e,20.500.12854/6,Archived,https://mdpi.com/books/pdfview/book/9124,,9.78E+12,https://creativecommons.org/licenses/by-nc-nd/4.0/,https://mdpi.com/books/pdfview/book/9124,,,,,,,"Lee, Jihoon||Li, Ming-Yu",,,2024-05-14T14:49:15Z,2024-05-14T14:49:15Z,2024,,,,"The aim of this reprint is to exhibit new-generation nanomaterial-based devices, offering scientific perspectives on the relationship between the tunable properties of nanomaterials and diverse applications. Over the past few decades, nanotechnologies for the synthesis, processing, and fabrication of low-dimensional materials have been regarded as saviors to meet the ever-growing demands for high-performance devices with significantly smaller dimensions owing to the electromagnetic confinement effect and dimensional carrier transportation behavior of the fabricating nanomaterials. We will attempt to pave the way to lift the mystery veil of nanotechnologies and nanomaterials for readers and explore broadly possible applications, such as the Internet of Things, energy conversion, intelligent sensing, and even biomimetics.","Made available in DSpace on 2024-05-14T14:49:15Z (GMT). No. of bitstreams: 1
Nanotechnologies_and_Nanomaterials_Selected_Papers_from_CCMR.jpg?v=1714983954: 142822 bytes, checksum: 21c4dc4d57e4a506f5e8e3512c287fcd (MD5)
  Previous issue date: 2024",,,,ONIX_20240514_9783725808793_478,,,,,,https://directory.doabooks.org/handle/20.500.12854/137882,,English[eng],,,,,,,,,,,,,,,,,,,,,,,,thema EDItEUR::P Mathematics and Science::PB Mathematics::PBW Applied mathematics,electrostatic adsorption||electrostatic assembly||composite||heat-conductive||hBN||PMMA||cathode materials||orbital symmetry states||metal–oxygen hybridization||H2O2 detection||super-porous CuO/Pt electrode||dynamic hydrogen bubble technique||biosensor kit||monoclinic||hexagonal||La2O2O3 phase||CO2 behavior||precipitation method||hydrothermal method||photocatalytic||Rhodamine B||photoreduction||Bi4Ti3O12||AgPt/Bi4Ti3O12||nanostructured surface||injection molding||anti-adhesive||E. coli||fimbriae||anti-bacterial||biomaterial-associated infections (BAI)||manganese ferrite||X-ray diffraction||nanomaterials||specific loss power||magnetic resonance angiography||IGZO||TFT||oxygen flow||channel width||electrical property||nanostructure||nanopatterning||soft lithography||soft material||swelling||resistive switching||X-ray photoelectron spectroscopy||synaptic device||metal oxide||current overshoot||titanium carbide||sol-gel||confining template||magnesiothermic catalysis||deoxygenation||coconut oil||in-situ hydrogen||nickel–cobalt bimetallic nanoparticles||biorefinery||dendritic polymers||ceramic compounds||biomimetic||dendrimers||hyperbranched polymers||silica composites||hybrid materials||heterojunctions||gas sensor||sensing mechanism||review||laser-induced periodic surface structures (LIPSS)||laser ablation||structural color||ITZO film||high-power impulse magnetron sputtering||duty cycle||pulse off-time||electrical properties||metal-based nanomaterials||characteristics||antiviral therapy||mechanism||application||inorganic nanoparticles||chemical method||formation strategy||medical applications||sound pressure amplification structure||double diaphragm scheme||Fabry–Perot sensor||graphene diaphragm||sensitivity enhancement||nanocomposites||photocatalytic degradation||perovskite||tobacco tar||atomic structure||electronic structure||Density Functional Theory (DFT)||MXenes||two-dimensional materials||broadband near-infrared||ordered micro-holes||graded alloy||photoluminescence||guided resonant mode||self-assembly||3D substrate||solar cell||Pb poisoning||Mo-Ce/Zr-PILC catalyst||NH3-SCR||surface acidity||Zn/MgO||nano-plates||mesoporous||heterogeneous base catalyst||biodiesel||transesterification||Camelina oil||OLED||top emitting||hole injection||Al anode||ITO anode||HATCN||efficiency||native oxide||microdisplay||Si substrate||MnO2/extended graphite||supercapacitors||glucose sensing||Li-ion batteries||binder-free electrodes||TiO2 nanotube arrays||electrochemical anodization||elemental doping||germanium monosulfide (GeS)||defect||formation energy||vacancy healing||piezoelectric coefficients||DFT calculations||magnetite||peroxidase activity||SERS||MAX phases||ultrathin nanosheets||lithium-ion battery||electrochemical performance||anode materials||nanopillars/pores||roll-to-roll imprinting||multiphase flow||imprinting-speed||functional surfaces||sliding mesh method||quantum dot||single-electron transistor||Coulomb blockade||charge stability||effective electron temperature||Cu-Ta alloy||deform mechanism||magnetron sputtering||nanoindentation||molecular dynamics (MD)||NiMoO4 nanowire arrays||oxygen vacancies||core-shell electrode structure||asymmetric supercapacitors||electrospun micro/nanofibers||sound absorption||porous materials||resonance||Li[Ni0.8Co0.15Al0.05]O2||sericin||N-doped carbon||lithium-ion batteries||surface wrapping||beam splitter||metasurface||terahertz||dynamic||zinc tin oxide||nanowires||chemical vapor deposition||surface modification||photocatalysis||reactive radical species||NC hydrogel||drug-delivery||oxygen-carrying hydrogels||3D-printing||micro-impact fatigue||wear hard coatings||study state cutting||fractal analysis||Si/Co LDHs||1D nanostructures||nanofibers||cyclic voltammetry||charge–discharge method||acoustic vibrations||nanosilica||frequency analysis||attenuation||freeboard region||granular bed||cadmium sulfide||thin film||substrate temperature||RF magnetron sputtering||physical property||metallic||nanocomposite||hydrogel||nanotechnology||drug delivery||tissue engineering||wound care||electrospinning||recycling||reutilizing||plastic waste||non-metal||germanium carbide||absorption energy||work function||absorption spectrum||boron||nanosheet||microstructure||nanocrystalline materials||graphene oxide||reduction||thermal||memristor||switching||analog||oxidation||NiCo(OH)2 layered double hydroxides||electrocatalysis||oxygen evolution reaction||onset potential||current density||stability||2D semiconductors||transition metal dichalcogenides||photodetectors||surface plasmon resonance||silver thin film||nanoparticle (NP) ink||sintering||oxygen||polyvinylpyrrolidone (PVP)||dispersant decomposition||electrical resistivity||TiOx||anodic oxidation||photoelectrochemical||nanohollows||indium tin oxide (ITO)||HiPIMS||rapid thermal annealing (RTA)||hydrogen-containing forming gas||hydrogen doping||inorganic-magnetic-organic nanohybrids||zinc oxide nanohybrid||water purification||sunlight||fluidization||collapse bed||hydrodynamics||bed voidage||purge flow||indenter angle||phase transformation||silicon||atomistic simulation||CuO-based catalyst||α-MnO2 nanowire||low-temperature catalytic activity||CO oxidation||pulsed flow||pulsation frequency||assisted fluidization||efficacy||bed dynamics||biosensor||MoS2||graphene||SPR sensor||high sensitivity||2D materials||two-dimensional allotropes||graphene analogs||molecular beam epitaxy||borophene||aluminene||gallenene||indiene||thallene||silicene||germanene||stanene||plumbene||phosphorene||antimonene||bismuthene||selenene||tellurene||nanohydroxyapatite||adsorption||heavy metal||radionuclide||organic pollutants||fluoride ions||adapted glassy carbon sensor||cigarette||differential pulse voltammetry||graphene oxide nanosheets synthesis||nicotine||Ag2Se||nylon 6||flexible inorganic-organic composite||ProX-SEM-EDS||optical properties||van der Waals materials||nanomechanical resonators||Fabry–Pérot interferometry||photothermal response||static displacement||absorptive heating||NbSe2 drumheads||graphene resonator||interface stress||film thermal damage||thermal time constant||defect density||transport gap||band gap||metal–insulator transition||2D Mott VRH||monochlorophenol (MCPs)||graphitic carbon nitride (g-C3N4)||titanium dioxide (TiO2)||photocatalytic activity||tin oxide (SnOx)||plasma-enhanced atomic layer deposition (PEALD)||barristor||Fowler–Nordheim tunneling||cut-off frequency||delay time||power-delay product||independent dual-channel method||graphene field-effect transistor||edge reconstruction defects||linear dislocations||quantum capacitance||water splitting||V-FeBP||heteroatom doping||hydrothermal approach||soaking approach||rolled structure||1D structure||scrolled MoS2||ionic liquid gating||complementary inverter||low power||graphene/carbon-nanotube junction||2D perovskite||ZnO quantum dot||antisolvent method||photodetector||outstanding stability||CVD||tunning range||mathematic model||waveguide method||n/a,,Nanotechnologies and Nanomaterials: Selected Papers from CCMR,Volume I,book,,,,,,,,,,,Archived,,,,,,,,10.3390/books978-3-7258-0880-9,,,558,,,,,,,,,,,MDPI - Multidisciplinary Digital Publishing Institute,,9783725808793||9783725808809,,,,,,,,,,,,,,,,,,,,,,,,,,,,,,,,,,,,,,
1ccdee55-b28e-4cf2-abd6-1b47cf4a7d31,20.500.12854/6,Archived,https://mdpi.com/books/pdfview/book/3764,,9.78E+12,https://creativecommons.org/licenses/by/4.0/,https://mdpi.com/books/pdfview/book/3764,,,,,,"Okuyama, Harumi||Sultan, Sheriff||Ohara, Naoki||Hamazaki, Tomohito||Langsjoen, Peter||Hama, Rokuro||Ogushi, Yoichi||Kobayashi, Tetsuyuki||Natori, Shunji||Uchino, Hajime||Hashimoto, Yoko||Watanabe, Shiro||Tatematsu, Kenjiro||Miyazawa, Daisuke||Nakamura, Mikio||Oh-hashi, Kentaro","Silvestre, Armando J. D.||Freire, Carmen||Vilela, Carla",,,2022-01-11T13:29:19Z,2022-01-11T13:29:19Z,2021,,,,"The exploitation of naturally occurring polymers to engineer advanced nanocomposites and hybrid materials is the focus of increasing scientific activity, explained by growing environmental concerns and interest in the peculiar features and multiple functionalities of these macromolecules. Natural polymers, such as polysaccharides and proteins, present a remarkable potential for the design of all kinds of materials for application in a multitude of domains. This Special Issue collected the work of scientists on the current developments in the field of multifunctional biopolymer-based nanocomposites and hybrid materials with a particular emphasis on their production methodologies, properties, and prominent applications. Thus, materials related to bio-based nanocomposites and hybrid materials manufactured with different partners, namely natural polymers, bioactive compounds, and inorganic nanoparticles, are reported in the Special Issue Advanced Biopolymer-Based Nanocomposites and Hybrid Materials.","Made available in DSpace on 2022-01-11T13:29:19Z (GMT). No. of bitstreams: 1
Advanced_BiopolymerBased_Nanocomposites_and_Hybrid_Materials.jpg: 170921 bytes, checksum: c803f598fb98595a7d103e9fe4f0688f (MD5)
  Previous issue date: 2021",,,,ONIX_20220111_9783036505107_78,,,,,,https://directory.doabooks.org/handle/20.500.12854/76342,,English[eng],,,,,,,,,,,,,,,,,,,,,,,,"thema EDItEUR::G Reference, Information and Interdisciplinary subjects::GP Research and information: general||thema EDItEUR::T Technology, Engineering, Agriculture, Industrial processes::TB Technology: general issues",biopolymer||silk fibroin||aerogel||fiber||nanomaterials||nanoparticles||noble metals||gold||platinum||palladium||bacterial nanocellulose||poly(2-methacryloyloxyethyl phosphorylcholine)||zwitterionic nanocomposites||dye removal||water remediation||antibacterial activity||lignin||polylactic acid (PLA)||3D printing||biocomposites||biopolymers||bioactive surfaces||biomaterials||hybrid organometallic polymers||laser two-photon polymerisation||tissue engineering||gold nanoparticles||fucoidan||microwave irradiation||antitumoral activity||darkfield imaging||hyaluronic acid||Tyrosine||viscoelastic modulus of HS-IPN hydrogels||hBMSC differentiations||nucleus pulposus||n/a,,Advanced Biopolymer-Based Nanocomposites and Hybrid Materials,,book,,,,,,,,,,,Archived,,,,,,,,10.3390/books978-3-0365-0511-4,,,106,,"Basel, Switzerland",,,,,,,,,MDPI - Multidisciplinary Digital Publishing Institute,,9783036505107||9783036505114,,,,,,,,,,,,,,,,,,,,,,,,,,,,,,,,,,,,,,